-- --------------------------------------------------------
-- Хост:                         127.0.0.1
-- Версия сервера:               5.6.31 - MySQL Community Server (GPL)
-- ОС Сервера:                   Win32
-- HeidiSQL Версия:              9.3.0.4984
-- --------------------------------------------------------

/*!40101 SET @OLD_CHARACTER_SET_CLIENT=@@CHARACTER_SET_CLIENT */;
/*!40101 SET NAMES utf8mb4 */;
/*!40014 SET @OLD_FOREIGN_KEY_CHECKS=@@FOREIGN_KEY_CHECKS, FOREIGN_KEY_CHECKS=0 */;
/*!40101 SET @OLD_SQL_MODE=@@SQL_MODE, SQL_MODE='NO_AUTO_VALUE_ON_ZERO' */;

-- Дамп структуры базы данных gildiya.crm
CREATE DATABASE IF NOT EXISTS `gildiya.crm` /*!40100 DEFAULT CHARACTER SET utf8 */;
USE `gildiya.crm`;


-- Дамп структуры для таблица gildiya.crm.crm_accounts
CREATE TABLE IF NOT EXISTS `crm_accounts` (
  `id` int(11) NOT NULL AUTO_INCREMENT,
  `num` int(11) NOT NULL DEFAULT '0',
  `total` float NOT NULL DEFAULT '0',
  `client_id` int(11) NOT NULL DEFAULT '0',
  `category_id` int(11) NOT NULL DEFAULT '0',
  `is_paid` tinyint(1) NOT NULL DEFAULT '0',
  `account_time` timestamp NOT NULL DEFAULT '0000-00-00 00:00:00',
  `insert_time` timestamp NOT NULL DEFAULT CURRENT_TIMESTAMP,
  `update_time` timestamp NOT NULL DEFAULT '0000-00-00 00:00:00',
  `delete_time` timestamp NOT NULL DEFAULT '0000-00-00 00:00:00',
  `is_delete` tinyint(1) NOT NULL DEFAULT '0',
  PRIMARY KEY (`id`)
) ENGINE=MyISAM AUTO_INCREMENT=278 DEFAULT CHARSET=utf8;

-- Дамп данных таблицы gildiya.crm.crm_accounts: 276 rows
/*!40000 ALTER TABLE `crm_accounts` DISABLE KEYS */;
INSERT INTO `crm_accounts` (`id`, `num`, `total`, `client_id`, `category_id`, `is_paid`, `account_time`, `insert_time`, `update_time`, `delete_time`, `is_delete`) VALUES
	(1, 1, 84630, 9, 1, 0, '2013-01-17 20:00:00', '2013-01-18 10:26:54', '0000-00-00 00:00:00', '0000-00-00 00:00:00', 0),
	(2, 2, 13000, 8, 3, 1, '2013-01-17 20:00:00', '2013-01-18 10:28:47', '0000-00-00 00:00:00', '0000-00-00 00:00:00', 0),
	(3, 3, 2600, 10, 0, 0, '2013-01-20 20:00:00', '2013-01-21 13:23:37', '0000-00-00 00:00:00', '0000-00-00 00:00:00', 0),
	(4, 4, 8400, 10, 0, 0, '2013-01-20 20:00:00', '2013-01-21 13:26:51', '0000-00-00 00:00:00', '0000-00-00 00:00:00', 0),
	(5, 5, 136900, 10, 0, 0, '2013-01-20 20:00:00', '2013-01-22 06:01:36', '0000-00-00 00:00:00', '0000-00-00 00:00:00', 1),
	(6, 32, 136900, 10, 1, 0, '2012-12-04 20:00:00', '2013-01-22 06:15:12', '0000-00-00 00:00:00', '0000-00-00 00:00:00', 0),
	(7, 5, 4148, 6, 0, 0, '2013-01-30 20:00:00', '2013-02-01 08:43:15', '0000-00-00 00:00:00', '0000-00-00 00:00:00', 0),
	(8, 33, 3000, 11, 0, 0, '2013-02-04 20:00:00', '2013-02-05 07:29:18', '0000-00-00 00:00:00', '0000-00-00 00:00:00', 0),
	(9, 34, 935.34, 12, 0, 0, '2013-01-30 20:00:00', '2013-02-07 14:31:40', '0000-00-00 00:00:00', '0000-00-00 00:00:00', 0),
	(10, 35, 6600, 14, 0, 0, '2013-02-10 20:00:00', '2013-02-11 10:31:44', '0000-00-00 00:00:00', '0000-00-00 00:00:00', 0),
	(11, 36, 6600, 13, 1, 0, '2013-02-10 20:00:00', '2013-02-11 10:34:57', '0000-00-00 00:00:00', '0000-00-00 00:00:00', 0),
	(12, 37, 15000, 15, 0, 0, '2013-02-11 20:00:00', '2013-02-12 11:58:40', '0000-00-00 00:00:00', '0000-00-00 00:00:00', 0),
	(13, 38, 3000, 15, 0, 0, '2013-02-11 20:00:00', '2013-02-12 14:23:15', '0000-00-00 00:00:00', '0000-00-00 00:00:00', 0),
	(14, 39, 3000, 15, 0, 0, '2013-02-11 20:00:00', '2013-02-12 14:23:49', '0000-00-00 00:00:00', '0000-00-00 00:00:00', 1),
	(15, 40, 13700, 8, 0, 1, '2013-02-12 20:00:00', '2013-02-13 15:54:28', '0000-00-00 00:00:00', '0000-00-00 00:00:00', 0),
	(16, 41, 25000, 17, 0, 0, '2013-02-20 20:00:00', '2013-02-21 08:34:51', '0000-00-00 00:00:00', '0000-00-00 00:00:00', 0),
	(17, 42, 2600, 9, 1, 0, '2013-02-21 20:00:00', '2013-02-22 11:46:39', '0000-00-00 00:00:00', '0000-00-00 00:00:00', 0),
	(18, 43, 20000, 18, 1, 0, '2013-02-24 20:00:00', '2013-02-25 08:51:28', '0000-00-00 00:00:00', '0000-00-00 00:00:00', 0),
	(19, 44, 1200, 19, 0, 0, '2013-02-26 20:00:00', '2013-02-27 14:04:06', '0000-00-00 00:00:00', '0000-00-00 00:00:00', 0),
	(20, 45, 11725, 1, 1, 0, '2013-02-27 20:00:00', '2013-02-28 13:53:13', '0000-00-00 00:00:00', '0000-00-00 00:00:00', 0),
	(21, 46, 84630, 9, 0, 0, '2013-03-03 20:00:00', '2013-03-04 05:20:46', '0000-00-00 00:00:00', '0000-00-00 00:00:00', 0),
	(22, 47, 4148, 6, 0, 0, '2013-03-03 20:00:00', '2013-03-04 08:33:56', '0000-00-00 00:00:00', '0000-00-00 00:00:00', 0),
	(23, 48, 4000, 13, 0, 0, '2013-03-03 20:00:00', '2013-03-04 09:29:38', '0000-00-00 00:00:00', '0000-00-00 00:00:00', 0),
	(24, 49, 4000, 14, 1, 0, '2013-03-03 20:00:00', '2013-03-04 09:30:45', '0000-00-00 00:00:00', '0000-00-00 00:00:00', 0),
	(25, 50, 3000, 11, 0, 0, '2013-03-03 20:00:00', '2013-03-04 09:32:32', '0000-00-00 00:00:00', '0000-00-00 00:00:00', 0),
	(26, 51, 56250, 20, 1, 0, '2013-03-03 20:00:00', '2013-03-04 13:32:03', '0000-00-00 00:00:00', '0000-00-00 00:00:00', 0),
	(27, 52, 3000, 17, 6, 0, '2013-03-05 20:00:00', '2013-03-06 07:41:01', '0000-00-00 00:00:00', '0000-00-00 00:00:00', 0),
	(28, 53, 22100, 9, 1, 0, '2013-03-10 20:00:00', '2013-03-11 08:09:59', '0000-00-00 00:00:00', '0000-00-00 00:00:00', 0),
	(29, 54, 3000, 15, 0, 0, '2013-03-10 20:00:00', '2013-03-11 10:49:14', '0000-00-00 00:00:00', '0000-00-00 00:00:00', 0),
	(30, 55, 1818.89, 12, 0, 0, '2013-03-10 20:00:00', '2013-03-11 12:10:09', '0000-00-00 00:00:00', '0000-00-00 00:00:00', 0),
	(31, 56, 13700, 8, 1, 1, '2013-03-11 20:00:00', '2013-03-12 09:04:55', '0000-00-00 00:00:00', '0000-00-00 00:00:00', 0),
	(32, 57, 3000, 8, 1, 1, '2013-03-11 20:00:00', '2013-03-12 14:09:03', '0000-00-00 00:00:00', '0000-00-00 00:00:00', 0),
	(33, 58, 1200, 21, 2, 0, '2013-03-24 20:00:00', '2013-03-22 14:16:53', '0000-00-00 00:00:00', '0000-00-00 00:00:00', 0),
	(34, 59, 4000, 21, 2, 0, '2013-03-24 20:00:00', '2013-03-25 14:31:59', '0000-00-00 00:00:00', '0000-00-00 00:00:00', 0),
	(35, 60, 3600, 10, 2, 0, '2013-03-26 20:00:00', '2013-03-27 10:59:33', '0000-00-00 00:00:00', '0000-00-00 00:00:00', 0),
	(36, 61, 22100, 9, 2, 0, '2013-03-27 20:00:00', '2013-04-01 06:30:50', '0000-00-00 00:00:00', '0000-00-00 00:00:00', 0),
	(37, 62, 40400, 18, 1, 0, '2013-04-02 20:00:00', '2013-04-03 08:02:48', '0000-00-00 00:00:00', '0000-00-00 00:00:00', 0),
	(38, 63, 3000, 11, 5, 0, '2013-04-02 20:00:00', '2013-04-03 13:26:08', '0000-00-00 00:00:00', '0000-00-00 00:00:00', 0),
	(39, 64, 4325, 6, 3, 0, '2013-04-02 20:00:00', '2013-04-03 13:27:20', '0000-00-00 00:00:00', '0000-00-00 00:00:00', 0),
	(40, 65, 4000, 14, 5, 0, '2013-04-02 20:00:00', '2013-04-03 13:28:52', '0000-00-00 00:00:00', '0000-00-00 00:00:00', 0),
	(41, 66, 4000, 13, 5, 0, '2013-04-02 20:00:00', '2013-04-03 13:29:49', '0000-00-00 00:00:00', '0000-00-00 00:00:00', 0),
	(42, 67, 3000, 15, 6, 0, '2013-04-02 20:00:00', '2013-04-03 13:30:52', '0000-00-00 00:00:00', '0000-00-00 00:00:00', 0),
	(44, 68, 28800, 9, 2, 0, '2013-04-09 20:00:00', '2013-04-10 14:53:24', '0000-00-00 00:00:00', '0000-00-00 00:00:00', 0),
	(45, 69, 10000, 9, 3, 0, '2013-04-09 20:00:00', '2013-04-10 14:54:12', '0000-00-00 00:00:00', '0000-00-00 00:00:00', 0),
	(46, 70, 5000, 24, 6, 0, '2013-04-10 20:00:00', '2013-04-11 08:32:48', '0000-00-00 00:00:00', '0000-00-00 00:00:00', 0),
	(47, 71, 37500, 25, 1, 0, '2013-04-10 20:00:00', '2013-04-11 08:56:51', '0000-00-00 00:00:00', '0000-00-00 00:00:00', 0),
	(48, 72, 37500, 26, 1, 0, '2013-04-10 20:00:00', '2013-04-11 08:57:59', '0000-00-00 00:00:00', '0000-00-00 00:00:00', 0),
	(49, 73, 37500, 27, 1, 0, '2013-04-10 20:00:00', '2013-04-11 08:58:35', '0000-00-00 00:00:00', '0000-00-00 00:00:00', 0),
	(50, 74, 4000, 11, 4, 0, '2013-04-10 20:00:00', '2013-04-11 12:16:52', '0000-00-00 00:00:00', '0000-00-00 00:00:00', 0),
	(51, 75, 14560, 10, 2, 0, '2013-04-15 20:00:00', '2013-04-16 12:25:34', '0000-00-00 00:00:00', '0000-00-00 00:00:00', 0),
	(52, 76, 3000, 17, 1, 0, '2013-04-18 20:00:00', '2013-04-19 07:49:52', '0000-00-00 00:00:00', '0000-00-00 00:00:00', 0),
	(53, 77, 6400, 9, 2, 0, '2013-04-18 20:00:00', '2013-04-19 10:52:36', '0000-00-00 00:00:00', '0000-00-00 00:00:00', 0),
	(54, 78, 13700, 8, 3, 1, '2013-04-18 20:00:00', '2013-04-19 13:34:09', '0000-00-00 00:00:00', '0000-00-00 00:00:00', 0),
	(55, 79, 71800, 9, 1, 0, '2013-04-21 20:00:00', '2013-04-22 09:58:21', '0000-00-00 00:00:00', '0000-00-00 00:00:00', 0),
	(56, 80, 79300, 29, 1, 0, '2013-04-21 20:00:00', '2013-04-22 13:53:25', '0000-00-00 00:00:00', '0000-00-00 00:00:00', 0),
	(57, 81, 40400, 18, 1, 0, '2013-04-23 20:00:00', '2013-04-24 09:18:06', '0000-00-00 00:00:00', '0000-00-00 00:00:00', 0),
	(58, 82, 3600, 10, 2, 0, '2013-04-23 20:00:00', '2013-04-24 14:05:42', '0000-00-00 00:00:00', '0000-00-00 00:00:00', 0),
	(59, 83, 4500, 21, 2, 0, '2013-04-25 20:00:00', '2013-04-26 13:49:44', '0000-00-00 00:00:00', '0000-00-00 00:00:00', 0),
	(60, 84, 3600, 21, 2, 0, '2013-04-25 20:00:00', '2013-04-26 14:01:42', '0000-00-00 00:00:00', '0000-00-00 00:00:00', 0),
	(61, 85, 10000, 9, 3, 0, '2013-04-28 20:00:00', '2013-04-29 05:32:51', '0000-00-00 00:00:00', '0000-00-00 00:00:00', 0),
	(62, 86, 23660, 10, 2, 0, '2013-04-29 20:00:00', '2013-04-30 12:56:11', '0000-00-00 00:00:00', '0000-00-00 00:00:00', 0),
	(63, 87, 4000, 13, 5, 0, '2013-05-05 20:00:00', '2013-05-06 14:39:43', '0000-00-00 00:00:00', '0000-00-00 00:00:00', 0),
	(64, 88, 4000, 14, 5, 0, '2013-05-05 20:00:00', '2013-05-06 14:40:52', '0000-00-00 00:00:00', '0000-00-00 00:00:00', 0),
	(65, 89, 3000, 11, 5, 0, '2013-05-05 20:00:00', '2013-05-06 14:42:21', '0000-00-00 00:00:00', '0000-00-00 00:00:00', 0),
	(66, 90, 4202, 6, 3, 0, '2013-05-05 20:00:00', '2013-05-06 14:45:31', '0000-00-00 00:00:00', '0000-00-00 00:00:00', 0),
	(67, 91, 3000, 24, 6, 0, '2013-05-06 20:00:00', '2013-05-07 13:40:01', '0000-00-00 00:00:00', '0000-00-00 00:00:00', 0),
	(68, 92, 3600, 30, 4, 0, '2013-05-07 20:00:00', '2013-05-08 13:12:25', '0000-00-00 00:00:00', '0000-00-00 00:00:00', 0),
	(69, 93, 3000, 8, 6, 1, '2013-05-07 20:00:00', '2013-05-08 13:48:13', '0000-00-00 00:00:00', '0000-00-00 00:00:00', 0),
	(70, 94, 25200, 31, 2, 0, '2013-05-14 20:00:00', '2013-05-15 12:40:44', '0000-00-00 00:00:00', '0000-00-00 00:00:00', 0),
	(71, 95, 2600, 31, 4, 0, '2013-05-14 20:00:00', '2013-05-15 12:44:22', '0000-00-00 00:00:00', '0000-00-00 00:00:00', 0),
	(72, 96, 13000, 34, 6, 0, '2013-05-28 20:00:00', '2013-05-29 06:04:32', '0000-00-00 00:00:00', '0000-00-00 00:00:00', 0),
	(73, 97, 3000, 34, 1, 0, '2013-05-28 20:00:00', '2013-05-29 06:16:51', '0000-00-00 00:00:00', '0000-00-00 00:00:00', 0),
	(74, 98, 13000, 8, 1, 0, '2013-05-28 20:00:00', '2013-05-29 06:18:37', '0000-00-00 00:00:00', '0000-00-00 00:00:00', 0),
	(75, 99, 13700, 8, 1, 0, '2013-05-28 20:00:00', '2013-05-29 06:20:12', '0000-00-00 00:00:00', '0000-00-00 00:00:00', 0),
	(76, 100, 3000, 8, 1, 0, '2013-05-28 20:00:00', '2013-05-29 06:21:41', '0000-00-00 00:00:00', '0000-00-00 00:00:00', 0),
	(77, 101, 13700, 8, 6, 0, '2013-05-28 20:00:00', '2013-05-29 06:23:59', '0000-00-00 00:00:00', '0000-00-00 00:00:00', 0),
	(78, 102, 13700, 8, 1, 0, '2013-05-28 20:00:00', '2013-05-29 06:25:35', '0000-00-00 00:00:00', '0000-00-00 00:00:00', 0),
	(79, 103, 5000, 35, 6, 0, '2013-05-28 20:00:00', '2013-05-29 06:33:33', '0000-00-00 00:00:00', '0000-00-00 00:00:00', 0),
	(80, 104, 3000, 35, 1, 0, '2013-05-28 20:00:00', '2013-05-29 06:34:43', '0000-00-00 00:00:00', '0000-00-00 00:00:00', 0),
	(81, 105, 15000, 15, 6, 0, '2013-05-28 20:00:00', '2013-05-29 06:35:51', '0000-00-00 00:00:00', '0000-00-00 00:00:00', 0),
	(82, 106, 3000, 15, 6, 0, '2013-05-28 20:00:00', '2013-05-29 06:37:08', '0000-00-00 00:00:00', '0000-00-00 00:00:00', 0),
	(83, 107, 3000, 15, 6, 0, '2013-05-28 20:00:00', '2013-05-29 06:39:02', '0000-00-00 00:00:00', '0000-00-00 00:00:00', 0),
	(84, 108, 4000, 14, 1, 0, '2013-05-30 20:00:00', '2013-05-29 06:39:59', '0000-00-00 00:00:00', '0000-00-00 00:00:00', 0),
	(85, 109, 4000, 13, 6, 0, '2013-05-30 20:00:00', '2013-05-29 06:41:27', '0000-00-00 00:00:00', '0000-00-00 00:00:00', 0),
	(86, 110, 3000, 11, 5, 0, '2013-05-30 20:00:00', '2013-05-29 06:43:22', '0000-00-00 00:00:00', '0000-00-00 00:00:00', 0),
	(87, 111, 4000, 13, 1, 0, '2013-05-28 20:00:00', '2013-05-29 07:27:38', '0000-00-00 00:00:00', '0000-00-00 00:00:00', 0),
	(88, 112, 4000, 14, 5, 0, '2013-05-28 20:00:00', '2013-05-29 07:28:35', '0000-00-00 00:00:00', '0000-00-00 00:00:00', 0),
	(89, 113, 4600, 10, 3, 0, '2013-05-28 20:00:00', '2013-05-29 12:35:39', '0000-00-00 00:00:00', '0000-00-00 00:00:00', 0),
	(90, 114, 3000, 15, 6, 0, '2013-05-28 20:00:00', '2013-05-29 13:19:15', '0000-00-00 00:00:00', '0000-00-00 00:00:00', 0),
	(91, 115, 3000, 34, 6, 0, '2013-05-28 20:00:00', '2013-05-29 13:20:18', '0000-00-00 00:00:00', '0000-00-00 00:00:00', 0),
	(92, 116, 3000, 35, 6, 0, '2013-05-28 20:00:00', '2013-05-29 13:21:48', '0000-00-00 00:00:00', '0000-00-00 00:00:00', 0),
	(93, 117, 3000, 8, 6, 0, '2013-05-28 20:00:00', '2013-05-29 13:26:22', '0000-00-00 00:00:00', '0000-00-00 00:00:00', 0),
	(94, 118, 3600, 21, 2, 0, '2013-05-29 20:00:00', '2013-05-30 12:49:19', '0000-00-00 00:00:00', '0000-00-00 00:00:00', 0),
	(95, 119, 3600, 0, 2, 0, '2013-05-29 20:00:00', '2013-05-30 12:50:07', '0000-00-00 00:00:00', '0000-00-00 00:00:00', 1),
	(96, 119, 4600, 10, 1, 0, '2013-05-30 20:00:00', '2013-05-31 11:30:25', '0000-00-00 00:00:00', '0000-00-00 00:00:00', 0),
	(97, 120, 24000, 36, 1, 0, '2013-06-09 20:00:00', '2013-06-10 07:25:15', '0000-00-00 00:00:00', '0000-00-00 00:00:00', 0),
	(98, 121, 3000, 35, 6, 0, '2013-06-13 20:00:00', '2013-06-14 14:31:49', '0000-00-00 00:00:00', '0000-00-00 00:00:00', 0),
	(99, 122, 7100, 8, 3, 0, '2013-06-13 20:00:00', '2013-06-14 14:51:14', '0000-00-00 00:00:00', '0000-00-00 00:00:00', 0),
	(100, 123, 4202, 6, 3, 0, '2013-06-16 20:00:00', '2013-06-17 09:37:55', '0000-00-00 00:00:00', '0000-00-00 00:00:00', 0),
	(101, 124, 8050, 37, 2, 0, '2013-06-18 20:00:00', '2013-06-19 07:28:07', '0000-00-00 00:00:00', '0000-00-00 00:00:00', 0),
	(102, 125, 8050, 0, 1, 0, '2013-06-18 20:00:00', '2013-06-19 07:38:59', '0000-00-00 00:00:00', '0000-00-00 00:00:00', 1),
	(103, 125, 18400, 36, 2, 0, '2013-06-23 20:00:00', '2013-06-24 13:20:00', '0000-00-00 00:00:00', '0000-00-00 00:00:00', 0),
	(104, 126, 4160, 36, 2, 0, '2013-06-27 20:00:00', '2013-06-28 07:40:08', '0000-00-00 00:00:00', '0000-00-00 00:00:00', 0),
	(105, 127, 4981, 6, 3, 0, '2013-07-01 20:00:00', '2013-07-02 07:10:23', '0000-00-00 00:00:00', '0000-00-00 00:00:00', 0),
	(106, 128, 4000, 14, 5, 0, '2013-07-02 20:00:00', '2013-07-03 08:29:03', '0000-00-00 00:00:00', '0000-00-00 00:00:00', 0),
	(107, 129, 4000, 13, 5, 0, '2013-07-02 20:00:00', '2013-07-03 08:31:20', '0000-00-00 00:00:00', '0000-00-00 00:00:00', 0),
	(108, 130, 8400, 21, 1, 0, '2013-07-03 20:00:00', '2013-07-04 11:57:53', '0000-00-00 00:00:00', '0000-00-00 00:00:00', 1),
	(109, 131, 4981, 6, 3, 0, '2013-07-03 20:00:00', '2013-07-05 06:35:58', '0000-00-00 00:00:00', '0000-00-00 00:00:00', 0),
	(110, 132, 7100, 8, 3, 0, '2013-07-04 20:00:00', '2013-07-05 06:37:20', '0000-00-00 00:00:00', '0000-00-00 00:00:00', 0),
	(111, 133, 34000, 39, 1, 0, '2013-07-04 20:00:00', '2013-07-05 10:22:52', '0000-00-00 00:00:00', '0000-00-00 00:00:00', 0),
	(112, 134, 3000, 35, 6, 0, '2013-07-07 20:00:00', '2013-07-08 08:18:53', '0000-00-00 00:00:00', '0000-00-00 00:00:00', 0),
	(113, 135, 135.4, 12, 1, 0, '2013-07-08 20:00:00', '2013-07-09 13:54:51', '0000-00-00 00:00:00', '0000-00-00 00:00:00', 0),
	(114, 136, 71800, 36, 1, 0, '2013-07-11 20:00:00', '2013-07-12 06:54:28', '0000-00-00 00:00:00', '0000-00-00 00:00:00', 0),
	(115, 137, 3000, 11, 5, 0, '2013-07-14 20:00:00', '2013-07-15 07:50:06', '0000-00-00 00:00:00', '0000-00-00 00:00:00', 0),
	(116, 138, 0, 0, 1, 0, '2013-07-16 20:00:00', '2013-07-17 09:30:46', '0000-00-00 00:00:00', '0000-00-00 00:00:00', 1),
	(117, 138, 0, 0, 1, 0, '2013-07-16 20:00:00', '2013-07-17 10:01:23', '0000-00-00 00:00:00', '0000-00-00 00:00:00', 1),
	(118, 138, 0, 0, 1, 0, '2013-07-16 20:00:00', '2013-07-17 10:02:09', '0000-00-00 00:00:00', '0000-00-00 00:00:00', 1),
	(119, 138, 0, 0, 1, 0, '2013-07-16 20:00:00', '2013-07-17 10:02:43', '0000-00-00 00:00:00', '0000-00-00 00:00:00', 1),
	(120, 138, 0, 0, 1, 0, '2013-07-16 20:00:00', '2013-07-17 10:03:09', '0000-00-00 00:00:00', '0000-00-00 00:00:00', 1),
	(121, 423, 4353, 36, 1, 0, '2013-07-10 20:00:00', '2013-07-17 10:06:09', '0000-00-00 00:00:00', '0000-00-00 00:00:00', 1),
	(122, 138, 0, 0, 1, 0, '2013-07-16 20:00:00', '2013-07-17 10:08:06', '0000-00-00 00:00:00', '0000-00-00 00:00:00', 1),
	(123, 138, 43545, 31, 1, 0, '2013-07-16 20:00:00', '2013-07-17 11:30:03', '0000-00-00 00:00:00', '0000-00-00 00:00:00', 1),
	(124, 139, 45, 31, 1, 0, '2013-07-16 20:00:00', '2013-07-17 11:34:49', '0000-00-00 00:00:00', '0000-00-00 00:00:00', 1),
	(125, 138, 234, 35, 1, 0, '2013-07-16 20:00:00', '2013-07-17 11:40:23', '0000-00-00 00:00:00', '0000-00-00 00:00:00', 1),
	(126, 138, 15000, 21, 1, 0, '2013-07-16 20:00:00', '2013-07-17 13:55:16', '0000-00-00 00:00:00', '0000-00-00 00:00:00', 0),
	(127, 139, 8750, 37, 5, 0, '2013-07-17 20:00:00', '2013-07-18 11:22:15', '0000-00-00 00:00:00', '0000-00-00 00:00:00', 0),
	(128, 140, 8900, 8, 3, 0, '2013-07-23 20:00:00', '2013-07-24 15:30:19', '0000-00-00 00:00:00', '0000-00-00 00:00:00', 0),
	(129, 141, 3000, 8, 6, 0, '2013-07-23 20:00:00', '2013-07-24 15:32:14', '0000-00-00 00:00:00', '0000-00-00 00:00:00', 0),
	(130, 142, 3000, 35, 6, 0, '2013-07-23 20:00:00', '2013-07-24 15:33:53', '0000-00-00 00:00:00', '0000-00-00 00:00:00', 0),
	(131, 143, 4000, 13, 5, 0, '2013-07-28 20:00:00', '2013-07-29 11:44:41', '0000-00-00 00:00:00', '0000-00-00 00:00:00', 0),
	(132, 144, 4000, 14, 5, 0, '2013-07-28 20:00:00', '2013-07-29 11:45:26', '0000-00-00 00:00:00', '0000-00-00 00:00:00', 0),
	(133, 145, 20800, 36, 2, 0, '2013-07-29 20:00:00', '2013-07-29 20:16:34', '0000-00-00 00:00:00', '0000-00-00 00:00:00', 0),
	(134, 146, 4691, 6, 3, 0, '2013-08-01 20:00:00', '2013-08-02 04:54:19', '0000-00-00 00:00:00', '0000-00-00 00:00:00', 0),
	(135, 147, 4691, 6, 1, 0, '2013-08-01 20:00:00', '2013-08-02 04:55:31', '0000-00-00 00:00:00', '0000-00-00 00:00:00', 1),
	(136, 147, 13500, 37, 2, 0, '2013-08-01 20:00:00', '2013-08-02 13:36:20', '0000-00-00 00:00:00', '0000-00-00 00:00:00', 0),
	(137, 148, 3000, 11, 5, 0, '2013-08-06 20:00:00', '2013-08-07 09:10:01', '0000-00-00 00:00:00', '0000-00-00 00:00:00', 0),
	(138, 149, 3000, 35, 6, 0, '2013-08-07 20:00:00', '2013-08-08 08:03:17', '0000-00-00 00:00:00', '0000-00-00 00:00:00', 0),
	(139, 150, 5200, 36, 2, 0, '2013-08-11 20:00:00', '2013-08-12 15:44:15', '0000-00-00 00:00:00', '0000-00-00 00:00:00', 0),
	(140, 151, 3000, 15, 1, 0, '2013-08-13 20:00:00', '2013-08-14 09:16:34', '0000-00-00 00:00:00', '0000-00-00 00:00:00', 0),
	(141, 152, 19800, 36, 2, 0, '2013-08-13 20:00:00', '2013-08-14 09:57:13', '0000-00-00 00:00:00', '0000-00-00 00:00:00', 0),
	(142, 153, 19800, 36, 1, 0, '2013-08-13 20:00:00', '2013-08-14 10:02:50', '0000-00-00 00:00:00', '0000-00-00 00:00:00', 1),
	(143, 154, 40000, 29, 1, 0, '2013-08-15 20:00:00', '2013-08-16 06:17:59', '0000-00-00 00:00:00', '0000-00-00 00:00:00', 0),
	(144, 155, 3600, 45, 4, 0, '2013-08-19 20:00:00', '2013-08-16 10:43:16', '0000-00-00 00:00:00', '0000-00-00 00:00:00', 0),
	(145, 156, 49900, 36, 2, 0, '2013-08-26 20:00:00', '2013-08-27 09:27:10', '0000-00-00 00:00:00', '0000-00-00 00:00:00', 0),
	(146, 157, 15000, 21, 2, 0, '2013-08-26 20:00:00', '2013-08-27 10:07:30', '0000-00-00 00:00:00', '0000-00-00 00:00:00', 0),
	(147, 158, 3000, 35, 6, 0, '2013-08-29 20:00:00', '2013-08-30 12:30:13', '0000-00-00 00:00:00', '0000-00-00 00:00:00', 0),
	(148, 159, 5327, 6, 3, 0, '2013-09-02 20:00:00', '2013-09-03 05:21:06', '0000-00-00 00:00:00', '0000-00-00 00:00:00', 0),
	(149, 73, 4000, 14, 5, 0, '2013-09-02 20:00:00', '2013-09-03 07:44:33', '0000-00-00 00:00:00', '0000-00-00 00:00:00', 0),
	(150, 161, 4000, 13, 1, 0, '2013-09-02 20:00:00', '2013-09-03 07:46:58', '0000-00-00 00:00:00', '0000-00-00 00:00:00', 0),
	(151, 75, 3000, 11, 5, 0, '2013-09-02 20:00:00', '2013-09-03 07:50:02', '0000-00-00 00:00:00', '0000-00-00 00:00:00', 0),
	(152, 160, 4000, 14, 5, 0, '2013-09-02 20:00:00', '2013-09-03 08:34:41', '0000-00-00 00:00:00', '0000-00-00 00:00:00', 0),
	(153, 82, 3000, 11, 5, 0, '2013-10-30 20:00:00', '2013-09-03 08:40:41', '0000-00-00 00:00:00', '0000-00-00 00:00:00', 0),
	(154, 163, 3600, 47, 4, 0, '2013-09-05 20:00:00', '2013-09-06 07:04:32', '0000-00-00 00:00:00', '0000-00-00 00:00:00', 0),
	(155, 164, 7100, 47, 2, 0, '2013-09-05 20:00:00', '2013-09-06 07:05:55', '0000-00-00 00:00:00', '0000-00-00 00:00:00', 0),
	(156, 165, 3000, 8, 6, 0, '2013-09-15 20:00:00', '2013-09-16 11:37:33', '0000-00-00 00:00:00', '0000-00-00 00:00:00', 0),
	(157, 166, 37500, 27, 1, 0, '2013-10-02 20:00:00', '2013-10-03 10:05:23', '0000-00-00 00:00:00', '0000-00-00 00:00:00', 0),
	(158, 167, 37500, 26, 1, 0, '2013-10-02 20:00:00', '2013-10-03 10:06:52', '0000-00-00 00:00:00', '0000-00-00 00:00:00', 0),
	(159, 168, 37500, 25, 1, 0, '2013-10-02 20:00:00', '2013-10-03 10:08:50', '0000-00-00 00:00:00', '0000-00-00 00:00:00', 0),
	(160, 169, 16600, 8, 2, 0, '2013-10-02 20:00:00', '2013-10-03 13:08:40', '0000-00-00 00:00:00', '0000-00-00 00:00:00', 0),
	(161, 170, 4981, 6, 1, 0, '2013-10-03 20:00:00', '2013-10-04 11:50:54', '0000-00-00 00:00:00', '0000-00-00 00:00:00', 0),
	(162, 171, 4000, 14, 5, 0, '2013-10-03 20:00:00', '2013-10-04 11:56:27', '0000-00-00 00:00:00', '0000-00-00 00:00:00', 0),
	(163, 172, 4000, 13, 5, 0, '2013-10-03 20:00:00', '2013-10-04 11:58:06', '0000-00-00 00:00:00', '0000-00-00 00:00:00', 0),
	(164, 173, 3000, 11, 5, 0, '2013-10-03 20:00:00', '2013-10-04 12:01:06', '0000-00-00 00:00:00', '0000-00-00 00:00:00', 0),
	(165, 174, 3000, 35, 6, 0, '2013-10-14 20:00:00', '2013-10-15 12:00:35', '0000-00-00 00:00:00', '0000-00-00 00:00:00', 0),
	(166, 175, 3000, 15, 6, 0, '2013-10-16 20:00:00', '2013-10-17 13:03:09', '0000-00-00 00:00:00', '0000-00-00 00:00:00', 0),
	(167, 176, 2000, 21, 2, 0, '2013-10-21 20:00:00', '2013-10-22 12:52:00', '0000-00-00 00:00:00', '0000-00-00 00:00:00', 0),
	(168, 177, 12000, 51, 2, 0, '2013-10-27 20:00:00', '2013-10-28 12:08:14', '0000-00-00 00:00:00', '0000-00-00 00:00:00', 0),
	(169, 178, 21250, 36, 1, 1, '2013-11-10 20:00:00', '2013-10-30 05:54:41', '0000-00-00 00:00:00', '0000-00-00 00:00:00', 0),
	(170, 179, 3000, 11, 1, 1, '2013-10-30 20:00:00', '2013-10-31 09:56:57', '0000-00-00 00:00:00', '0000-00-00 00:00:00', 0),
	(171, 180, 4000, 13, 5, 1, '2013-10-30 20:00:00', '2013-10-31 09:57:40', '0000-00-00 00:00:00', '0000-00-00 00:00:00', 0),
	(172, 181, 4000, 14, 5, 1, '2013-10-30 20:00:00', '2013-10-31 09:58:32', '0000-00-00 00:00:00', '0000-00-00 00:00:00', 0),
	(173, 182, 6517, 6, 3, 1, '2013-10-30 20:00:00', '2013-10-31 10:22:54', '0000-00-00 00:00:00', '0000-00-00 00:00:00', 0),
	(174, 183, 5500, 52, 5, 1, '2013-10-31 20:00:00', '2013-11-01 11:36:03', '0000-00-00 00:00:00', '0000-00-00 00:00:00', 0),
	(175, 184, 34000, 39, 1, 1, '2013-11-04 20:00:00', '2013-11-05 12:33:30', '0000-00-00 00:00:00', '0000-00-00 00:00:00', 0),
	(176, 185, 94380, 39, 1, 1, '2013-11-04 20:00:00', '2013-11-05 12:35:58', '0000-00-00 00:00:00', '0000-00-00 00:00:00', 0),
	(177, 186, 3000, 24, 6, 1, '2013-11-05 20:00:00', '2013-11-06 12:32:50', '0000-00-00 00:00:00', '0000-00-00 00:00:00', 0),
	(178, 187, 50000, 45, 1, 1, '2013-11-07 20:00:00', '2013-11-08 16:22:01', '0000-00-00 00:00:00', '0000-00-00 00:00:00', 0),
	(179, 188, 12500, 8, 2, 0, '2013-11-10 20:00:00', '2013-11-11 11:33:26', '0000-00-00 00:00:00', '0000-00-00 00:00:00', 0),
	(180, 189, 3000, 8, 6, 1, '2013-11-10 20:00:00', '2013-11-11 11:35:16', '0000-00-00 00:00:00', '0000-00-00 00:00:00', 0),
	(181, 190, 3000, 55, 6, 1, '2013-11-13 20:00:00', '2013-11-14 13:38:11', '0000-00-00 00:00:00', '0000-00-00 00:00:00', 0),
	(182, 191, 3000, 15, 6, 0, '2013-11-13 20:00:00', '2013-11-14 14:17:42', '0000-00-00 00:00:00', '0000-00-00 00:00:00', 0),
	(183, 192, 1000, 13, 4, 1, '2013-11-18 20:00:00', '2013-11-19 07:39:57', '0000-00-00 00:00:00', '0000-00-00 00:00:00', 0),
	(184, 193, 6863, 6, 3, 1, '2013-12-01 20:00:00', '2013-12-04 06:11:26', '0000-00-00 00:00:00', '0000-00-00 00:00:00', 0),
	(185, 194, 3000, 11, 5, 1, '2013-12-01 20:00:00', '2013-12-04 06:15:42', '0000-00-00 00:00:00', '0000-00-00 00:00:00', 0),
	(186, 195, 4000, 14, 5, 1, '2013-12-03 20:00:00', '2013-12-04 06:19:02', '0000-00-00 00:00:00', '0000-00-00 00:00:00', 0),
	(187, 196, 4000, 13, 5, 1, '2013-12-01 20:00:00', '2013-12-04 06:24:09', '0000-00-00 00:00:00', '0000-00-00 00:00:00', 0),
	(188, 197, 12000, 51, 5, 0, '2013-12-03 20:00:00', '2013-12-04 06:29:10', '0000-00-00 00:00:00', '0000-00-00 00:00:00', 1),
	(189, 198, 12500, 8, 2, 1, '2013-12-08 20:00:00', '2013-12-09 10:49:18', '0000-00-00 00:00:00', '0000-00-00 00:00:00', 0),
	(190, 199, 25500, 36, 1, 1, '2013-12-09 20:00:00', '2013-12-10 06:39:31', '0000-00-00 00:00:00', '0000-00-00 00:00:00', 0),
	(191, 200, 3000, 8, 6, 0, '2013-12-12 20:00:00', '2013-12-13 13:24:40', '0000-00-00 00:00:00', '0000-00-00 00:00:00', 0),
	(192, 201, 70000, 61, 1, 0, '2013-12-16 20:00:00', '2013-12-17 08:08:00', '0000-00-00 00:00:00', '0000-00-00 00:00:00', 0),
	(193, 202, 3600, 14, 1, 1, '2013-12-18 20:00:00', '2013-12-19 07:18:12', '0000-00-00 00:00:00', '0000-00-00 00:00:00', 0),
	(194, 203, 11430, 47, 5, 0, '2013-12-19 20:00:00', '2013-12-20 12:47:51', '0000-00-00 00:00:00', '0000-00-00 00:00:00', 0),
	(195, 122, 3100, 62, 2, 0, '2013-12-30 20:00:00', '2013-12-24 10:38:26', '0000-00-00 00:00:00', '0000-00-00 00:00:00', 1),
	(196, 205, 24000, 51, 5, 1, '2013-12-24 20:00:00', '2013-12-25 10:27:05', '0000-00-00 00:00:00', '0000-00-00 00:00:00', 0),
	(197, 206, 4000, 13, 5, 1, '2013-12-24 20:00:00', '2013-12-25 10:34:56', '0000-00-00 00:00:00', '0000-00-00 00:00:00', 0),
	(198, 207, 4000, 14, 5, 1, '2013-12-24 20:00:00', '2013-12-25 10:41:51', '0000-00-00 00:00:00', '0000-00-00 00:00:00', 0),
	(199, 208, 3000, 11, 5, 1, '2013-12-24 20:00:00', '2013-12-25 10:58:38', '0000-00-00 00:00:00', '0000-00-00 00:00:00', 0),
	(200, 1, 3000, 55, 6, 1, '2014-01-08 20:00:00', '2014-01-09 08:12:30', '0000-00-00 00:00:00', '0000-00-00 00:00:00', 0),
	(201, 209, 6030, 6, 3, 1, '2013-12-27 20:00:00', '2014-01-10 11:40:40', '0000-00-00 00:00:00', '0000-00-00 00:00:00', 0),
	(202, 209, 6030, 6, 3, 1, '2013-12-27 20:00:00', '2014-01-10 11:40:40', '0000-00-00 00:00:00', '0000-00-00 00:00:00', 0),
	(203, 2, 15000, 60, 1, 1, '2014-01-12 20:00:00', '2014-01-13 12:49:40', '0000-00-00 00:00:00', '0000-00-00 00:00:00', 0),
	(204, 3, 15855, 47, 2, 1, '2014-01-13 20:00:00', '2014-01-14 11:07:51', '0000-00-00 00:00:00', '0000-00-00 00:00:00', 0),
	(205, 4, 25200, 64, 1, 1, '2014-01-15 20:00:00', '2014-01-16 10:22:22', '0000-00-00 00:00:00', '0000-00-00 00:00:00', 0),
	(206, 5, 1500, 47, 6, 1, '2014-01-15 20:00:00', '2014-01-16 12:18:32', '0000-00-00 00:00:00', '0000-00-00 00:00:00', 0),
	(207, 6, 3000, 8, 6, 1, '2014-01-21 20:00:00', '2014-01-22 12:03:17', '0000-00-00 00:00:00', '0000-00-00 00:00:00', 0),
	(208, 7, 3600, 30, 4, 0, '2014-01-27 20:00:00', '2014-01-28 13:51:57', '0000-00-00 00:00:00', '0000-00-00 00:00:00', 0),
	(209, 8, 12000, 51, 5, 1, '2014-01-27 20:00:00', '2014-01-28 13:54:09', '0000-00-00 00:00:00', '0000-00-00 00:00:00', 0),
	(210, 9, 5000, 65, 5, 1, '2014-01-28 20:00:00', '2014-01-29 09:43:55', '0000-00-00 00:00:00', '0000-00-00 00:00:00', 0),
	(211, 10, 3000, 11, 5, 1, '2014-01-28 20:00:00', '2014-01-29 11:48:19', '0000-00-00 00:00:00', '0000-00-00 00:00:00', 0),
	(212, 11, 4000, 14, 5, 1, '2014-01-28 20:00:00', '2014-01-29 11:52:40', '0000-00-00 00:00:00', '0000-00-00 00:00:00', 0),
	(213, 12, 4000, 13, 5, 1, '2014-01-28 20:00:00', '2014-01-29 11:54:04', '0000-00-00 00:00:00', '0000-00-00 00:00:00', 0),
	(214, 13, 75200, 64, 1, 1, '2014-02-03 20:00:00', '2014-02-04 12:51:08', '0000-00-00 00:00:00', '0000-00-00 00:00:00', 0),
	(215, 14, 4505, 6, 1, 1, '2014-02-06 20:00:00', '2014-02-07 05:40:38', '0000-00-00 00:00:00', '0000-00-00 00:00:00', 0),
	(216, 15, 11, 67, 2, 0, '2014-02-10 20:00:00', '2014-02-11 07:23:06', '0000-00-00 00:00:00', '0000-00-00 00:00:00', 0),
	(217, 16, 3000, 55, 6, 1, '2014-02-10 20:00:00', '2014-02-11 08:44:22', '0000-00-00 00:00:00', '0000-00-00 00:00:00', 0),
	(218, 17, 3000, 8, 6, 1, '2014-02-10 20:00:00', '2014-02-11 13:20:49', '0000-00-00 00:00:00', '0000-00-00 00:00:00', 0),
	(219, 18, 4000, 37, 5, 1, '2014-02-12 20:00:00', '2014-02-13 05:45:05', '0000-00-00 00:00:00', '0000-00-00 00:00:00', 0),
	(220, 19, 6600, 36, 5, 0, '2014-02-12 20:00:00', '2014-02-13 05:52:22', '0000-00-00 00:00:00', '0000-00-00 00:00:00', 0),
	(221, 20, 44000, 67, 1, 0, '2014-02-13 20:00:00', '2014-02-14 07:53:12', '0000-00-00 00:00:00', '0000-00-00 00:00:00', 0),
	(222, 21, 4000, 14, 5, 1, '2014-03-02 20:00:00', '2014-03-03 08:34:44', '0000-00-00 00:00:00', '0000-00-00 00:00:00', 0),
	(223, 22, 4000, 13, 5, 1, '2014-03-02 20:00:00', '2014-03-03 08:35:48', '0000-00-00 00:00:00', '0000-00-00 00:00:00', 0),
	(224, 23, 3000, 11, 5, 1, '2014-03-02 20:00:00', '2014-03-03 08:36:27', '0000-00-00 00:00:00', '0000-00-00 00:00:00', 0),
	(225, 24, 6105, 6, 3, 1, '2014-03-02 20:00:00', '2014-03-03 09:35:28', '0000-00-00 00:00:00', '0000-00-00 00:00:00', 0),
	(226, 25, 5000, 65, 5, 1, '2014-03-02 20:00:00', '2014-03-03 10:25:33', '0000-00-00 00:00:00', '0000-00-00 00:00:00', 0),
	(227, 26, 94380, 39, 1, 1, '2014-03-05 20:00:00', '2014-03-06 12:23:15', '0000-00-00 00:00:00', '0000-00-00 00:00:00', 0),
	(228, 27, 8500, 71, 2, 1, '2014-03-06 20:00:00', '2014-03-07 06:41:02', '0000-00-00 00:00:00', '0000-00-00 00:00:00', 0),
	(229, 28, 12580, 36, 1, 0, '2014-03-10 20:00:00', '2014-03-11 10:34:51', '0000-00-00 00:00:00', '0000-00-00 00:00:00', 0),
	(230, 29, 60175, 72, 1, 1, '2014-03-13 20:00:00', '2014-03-14 11:11:08', '0000-00-00 00:00:00', '0000-00-00 00:00:00', 0),
	(231, 30, 3000, 8, 6, 1, '2014-03-17 20:00:00', '2014-03-18 11:01:25', '0000-00-00 00:00:00', '0000-00-00 00:00:00', 0),
	(232, 31, 24000, 252, 2, 1, '2014-03-18 20:00:00', '2014-03-19 10:32:44', '0000-00-00 00:00:00', '0000-00-00 00:00:00', 0),
	(233, 32, 21750, 291, 1, 1, '2014-03-19 20:00:00', '2014-03-20 07:46:50', '0000-00-00 00:00:00', '0000-00-00 00:00:00', 0),
	(234, 33, 72500, 291, 1, 0, '2014-03-19 20:00:00', '2014-03-20 07:59:47', '0000-00-00 00:00:00', '0000-00-00 00:00:00', 1),
	(235, 34, 12000, 51, 5, 1, '2014-03-19 20:00:00', '2014-03-20 09:03:18', '0000-00-00 00:00:00', '0000-00-00 00:00:00', 0),
	(236, 35, 3600, 21, 4, 1, '2014-03-20 20:00:00', '2014-03-21 05:28:30', '0000-00-00 00:00:00', '0000-00-00 00:00:00', 0),
	(237, 36, 2600, 15, 4, 1, '2014-03-26 20:00:00', '2014-03-27 09:55:52', '0000-00-00 00:00:00', '0000-00-00 00:00:00', 0),
	(238, 37, 3600, 21, 4, 1, '2014-03-26 20:00:00', '2014-03-27 09:58:52', '0000-00-00 00:00:00', '0000-00-00 00:00:00', 0),
	(239, 38, 22000, 67, 2, 0, '2014-03-27 20:00:00', '2014-03-28 09:15:14', '0000-00-00 00:00:00', '0000-00-00 00:00:00', 0),
	(240, 39, 100400, 64, 1, 1, '2014-03-27 20:00:00', '2014-03-28 09:17:29', '0000-00-00 00:00:00', '0000-00-00 00:00:00', 0),
	(241, 40, 5000, 65, 5, 0, '2014-03-30 20:00:00', '2014-03-31 09:37:51', '0000-00-00 00:00:00', '0000-00-00 00:00:00', 0),
	(242, 41, 3000, 11, 5, 1, '2014-03-30 20:00:00', '2014-03-31 09:39:12', '0000-00-00 00:00:00', '0000-00-00 00:00:00', 0),
	(243, 42, 12000, 51, 5, 1, '2014-03-30 20:00:00', '2014-03-31 09:41:57', '0000-00-00 00:00:00', '0000-00-00 00:00:00', 0),
	(244, 43, 4000, 13, 5, 1, '2014-03-30 20:00:00', '2014-03-31 09:43:10', '0000-00-00 00:00:00', '0000-00-00 00:00:00', 0),
	(245, 44, 4000, 14, 5, 1, '2014-03-30 20:00:00', '2014-03-31 09:44:19', '0000-00-00 00:00:00', '0000-00-00 00:00:00', 0),
	(246, 45, 4979, 6, 3, 1, '2014-03-30 20:00:00', '2014-03-31 11:51:30', '0000-00-00 00:00:00', '0000-00-00 00:00:00', 0),
	(247, 46, 25000, 45, 1, 1, '2014-04-13 20:00:00', '2014-04-14 13:18:52', '0000-00-00 00:00:00', '0000-00-00 00:00:00', 0),
	(248, 47, 3000, 8, 1, 1, '2014-04-22 20:00:00', '2014-04-23 10:43:09', '0000-00-00 00:00:00', '0000-00-00 00:00:00', 0),
	(249, 48, 24000, 252, 1, 0, '2014-04-23 20:00:00', '2014-04-24 12:43:46', '0000-00-00 00:00:00', '0000-00-00 00:00:00', 0),
	(250, 49, 1800, 252, 1, 0, '2014-04-23 20:00:00', '2014-04-24 14:53:08', '0000-00-00 00:00:00', '0000-00-00 00:00:00', 0),
	(251, 50, 3000, 55, 6, 0, '2014-04-23 20:00:00', '2014-04-24 15:11:12', '0000-00-00 00:00:00', '0000-00-00 00:00:00', 0),
	(252, 51, 4000, 14, 5, 0, '2014-04-29 20:00:00', '2014-04-28 05:18:02', '0000-00-00 00:00:00', '0000-00-00 00:00:00', 0),
	(253, 52, 4000, 13, 5, 1, '2014-04-29 20:00:00', '2014-04-28 05:19:03', '0000-00-00 00:00:00', '0000-00-00 00:00:00', 0),
	(254, 53, 12000, 51, 5, 1, '2014-04-29 20:00:00', '2014-04-28 05:19:50', '0000-00-00 00:00:00', '0000-00-00 00:00:00', 0),
	(255, 54, 3000, 11, 5, 1, '2014-04-29 20:00:00', '2014-04-28 05:21:10', '0000-00-00 00:00:00', '0000-00-00 00:00:00', 0),
	(256, 55, 5075, 6, 3, 1, '2014-04-28 20:00:00', '2014-04-29 11:28:00', '0000-00-00 00:00:00', '0000-00-00 00:00:00', 0),
	(257, 56, 4500, 37, 2, 1, '2014-05-04 20:00:00', '2014-05-05 08:46:09', '0000-00-00 00:00:00', '0000-00-00 00:00:00', 0),
	(258, 57, 50750, 61, 1, 1, '2014-05-14 20:00:00', '2014-05-08 15:43:06', '0000-00-00 00:00:00', '0000-00-00 00:00:00', 0),
	(259, 58, 61250, 1133, 1, 1, '2014-05-11 20:00:00', '2014-05-12 05:21:08', '0000-00-00 00:00:00', '0000-00-00 00:00:00', 0),
	(260, 59, 8000, 71, 1, 0, '2014-05-12 20:00:00', '2014-05-13 11:54:46', '0000-00-00 00:00:00', '0000-00-00 00:00:00', 0),
	(261, 60, 3000, 8, 6, 0, '2014-05-14 20:00:00', '2014-05-15 09:22:48', '0000-00-00 00:00:00', '0000-00-00 00:00:00', 0),
	(262, 61, 3000, 11, 5, 0, '2014-05-29 20:00:00', '2014-05-30 09:33:58', '0000-00-00 00:00:00', '0000-00-00 00:00:00', 0),
	(263, 62, 4000, 14, 5, 0, '2014-05-29 20:00:00', '2014-05-30 09:37:22', '0000-00-00 00:00:00', '0000-00-00 00:00:00', 0),
	(264, 63, 4000, 13, 5, 0, '2014-05-29 20:00:00', '2014-05-30 09:39:09', '0000-00-00 00:00:00', '0000-00-00 00:00:00', 0),
	(265, 64, 4425, 6, 3, 0, '2014-05-29 20:00:00', '2014-05-30 10:04:13', '0000-00-00 00:00:00', '0000-00-00 00:00:00', 0),
	(266, 65, 12000, 51, 1, 0, '2014-05-29 20:00:00', '2014-05-30 10:26:04', '0000-00-00 00:00:00', '0000-00-00 00:00:00', 0),
	(267, 66, 3000, 8, 6, 0, '2014-06-08 20:00:00', '2014-06-09 15:36:57', '0000-00-00 00:00:00', '0000-00-00 00:00:00', 0),
	(268, 67, 9000, 37, 2, 0, '2014-06-16 20:00:00', '2014-06-17 14:14:35', '0000-00-00 00:00:00', '0000-00-00 00:00:00', 0),
	(269, 68, 49350, 64, 1, 0, '2014-06-25 20:00:00', '2014-06-26 06:03:40', '0000-00-00 00:00:00', '0000-00-00 00:00:00', 0),
	(270, 69, 12000, 51, 1, 0, '2014-06-30 20:00:00', '2014-07-01 06:31:27', '0000-00-00 00:00:00', '0000-00-00 00:00:00', 0),
	(271, 70, 5205, 6, 3, 0, '2014-06-29 20:00:00', '2014-07-01 06:32:51', '0000-00-00 00:00:00', '0000-00-00 00:00:00', 0),
	(272, 71, 3000, 11, 5, 0, '2014-06-30 20:00:00', '2014-07-01 06:34:20', '0000-00-00 00:00:00', '0000-00-00 00:00:00', 0),
	(273, 72, 4000, 13, 5, 0, '2014-06-30 20:00:00', '2014-07-01 06:36:32', '0000-00-00 00:00:00', '0000-00-00 00:00:00', 0),
	(274, 73, 4000, 14, 5, 0, '2014-06-30 20:00:00', '2014-07-01 06:38:34', '0000-00-00 00:00:00', '0000-00-00 00:00:00', 0),
	(275, 74, 30625, 1133, 1, 0, '2014-07-09 20:00:00', '2014-07-10 15:26:46', '0000-00-00 00:00:00', '0000-00-00 00:00:00', 0),
	(276, 75, 3000, 8, 6, 0, '2014-07-16 20:00:00', '2014-07-17 07:38:56', '0000-00-00 00:00:00', '0000-00-00 00:00:00', 0),
	(277, 76, 50000, 64, 1, 0, '2014-07-22 20:00:00', '2014-07-23 11:37:46', '0000-00-00 00:00:00', '0000-00-00 00:00:00', 0);
/*!40000 ALTER TABLE `crm_accounts` ENABLE KEYS */;


-- Дамп структуры для таблица gildiya.crm.crm_accounts_details
CREATE TABLE IF NOT EXISTS `crm_accounts_details` (
  `id` int(11) NOT NULL AUTO_INCREMENT,
  `account_id` int(11) NOT NULL DEFAULT '0',
  `name` varchar(255) NOT NULL,
  `cost` float NOT NULL DEFAULT '0',
  PRIMARY KEY (`id`)
) ENGINE=MyISAM AUTO_INCREMENT=689 DEFAULT CHARSET=utf8;

-- Дамп данных таблицы gildiya.crm.crm_accounts_details: 322 rows
/*!40000 ALTER TABLE `crm_accounts_details` DISABLE KEYS */;
INSERT INTO `crm_accounts_details` (`id`, `account_id`, `name`, `cost`) VALUES
	(145, 1, 'Предоплата 50% за разработку сайта www.agronom.ru', 84630),
	(99, 2, 'Агентское вознаграждение компании', 3000),
	(98, 2, 'Размещение рекламы в поисковой системе', 10000),
	(14, 3, 'Предоставление хостингового пространства для сайта www.bilettlt.ru в период с 21.01.2013 г. по 20.01.2014 г.', 2600),
	(17, 4, 'Разработка модуля "Фотоотчеты" на сайте www.bilettlt.ru', 8400),
	(18, 5, 'Услуги по созданию сайта http://www.bilettlt.ru/', 136900),
	(144, 6, 'Услуги по созданию сайта http://www.bilettlt.ru/', 136900),
	(31, 7, 'Услуги по поисковой оптимизации для сайта www.qvad.ru, в период с 01 января по 31 января 2013 г.', 4148),
	(32, 8, 'Обслуживание сайта www.megalada.com (январь 2013 г.)', 3000),
	(34, 9, 'Комиссионное вознаграждение за Январь 2013 года по Договору 23221/13 от 24.01.13', 935.34),
	(49, 10, 'Предоставления хостингового пространства для сайта www.sampak.ru с 28.01.2013 г. по 27.01.2014 г.', 2600),
	(50, 10, 'Предоплата за обслуживание сайта www.sampak.ru (февраль 2013 г.)', 4000),
	(106, 11, 'Предоплата за обслуживание сайта www.bearing-pi.ru (февраль 2013 г.)', 4000),
	(105, 11, 'Предоставления хостингового пространства для сайта www.bearing-pi.ru.ru с 28.01.2013 г. по 27.01.2014 г.', 2600),
	(56, 12, 'Размещение рекламы в поисковой системе', 15000),
	(59, 13, 'Ежемесячное абонентское обслуживание за ведение рекламной компании в поисковой системе "Яндекс"', 3000),
	(58, 14, 'Ежемесячное абонентское обслуживание за ведение рекламной компании в поисковой системе "Яндекс"', 3000),
	(88, 15, 'Продвижение сайта www.samtrans.ru', 13700),
	(70, 16, 'Оплата 50% стоимости за разработку сайта www.sms-trans.ru', 25000),
	(146, 17, 'Оплата хостингового пространства в период с 1.03.2013 г. по 28.02.2014 г.', 2600),
	(128, 18, 'Предоплата за разработку фирменного стиля', 20000),
	(71, 19, 'Доработка функционала сайта www.fabrika-krasok.net', 1200),
	(107, 20, 'Внесение доработок в функционал сайта www.autostat.ru', 11725),
	(75, 21, 'Разработка сайта www.agronom.ru (второй платеж)', 84630),
	(76, 22, 'Услуги по поисковой оптимизации для сайта www.qvad.ru, в период с 01 февраля по 28 февраля 2013 г.', 4148),
	(77, 23, 'За услуги по обслуживанию сайта www.bearing-pi.ru за март 2013', 4000),
	(108, 24, 'За услуги по обслуживанию сайта www.sampak.ru за март 2013', 4000),
	(79, 25, 'За услуги по обслуживанию сайта www.megalada.com за февраль 2013', 3000),
	(112, 26, 'Разработка приложения для сайта http://www.gedza.ru. Олата за разработку технического задания.', 56250),
	(170, 27, 'За ведение контекстной рекламной кампании в поисковой сети "Яндекс"', 3000),
	(147, 28, 'Программная доработка сайта www.agronom.ru', 22100),
	(86, 29, 'За ведение контекстной рекламной кампании в поисковой сети "Яндекс"', 3000),
	(87, 30, 'Комиссионное вознаграждение за Февраль  2013 года по Договору 23221/13 от 24.01.13', 1818.89),
	(97, 31, 'Продвижение сайта www.samtrans.ru', 13700),
	(113, 32, 'За ведение контекстной рекламной кампании в поисковой сети', 3000),
	(148, 33, 'Доработка функционала сайта www.fabrika-krasok.net', 1200),
	(120, 34, 'Доработка функционала сайта www.fabrika-krasok.net', 4000),
	(149, 35, 'Доработка модуля "Фотоотчёты"', 3600),
	(143, 36, 'Доработка сайта www.agronom.ru', 22100),
	(129, 37, 'Предоплата за разработку фирменного стиля', 40400),
	(141, 38, 'Обслуживание сайта www.megalada.com (март 2013 г.)', 3000),
	(142, 39, 'Услуги по поисковой оптимизации для сайта www.qvad.ru, в период с 01 марта по31 марта 2013 г.', 4325),
	(137, 40, 'За услуги по обслуживанию сайта www.sampak.ru за апрель 2013 г.', 4000),
	(136, 41, 'За услуги по обслуживанию сайта www.bearing-pi.ru за апрель 2013 г.', 4000),
	(158, 42, 'Ежемесячное абонентское обслуживание за ведение контекстной рекламной компании в поисковой системе Яндекс', 3000),
	(155, 43, '{hty', 0),
	(159, 44, 'Доработка сайта agronom.ru', 28800),
	(160, 45, 'Оптимизация сайта', 10000),
	(161, 46, 'Ведение контекстной рекламной кампании в Яндекс.Директ', 5000),
	(162, 47, 'Разработка мобильного приложения для ресторана «Гёдза»', 37500),
	(163, 48, 'Разработка мобильного приложения для ресторана «Гёдза»', 37500),
	(164, 49, 'Разработка мобильного приложения для ресторана «Гёдза»', 37500),
	(165, 50, 'Продление регистрации доменного имени moto-freestyle.com в период с 10.04.2013 г. по 10.04.2014 г.', 1000),
	(166, 50, 'Продление регистрации доменного имени мотофристайл.su в период с 10.04.2013 г. по 10.04.2014 г.', 1000),
	(167, 50, 'Продление регистрации доменного имени moto-freestyle.ru в период с 10.04.2013 г. по 10.04.2014 г.', 1000),
	(168, 50, 'Продление регистрации доменного имени мотофристайл.com в период с 10.04.2013 г. по 10.04.2014 г.', 1000),
	(169, 51, 'Разработка модуля "Семинары и тренинги"', 14560),
	(171, 52, 'За ведение контекстной рекламной кампании в поисковой сети "Яндекс"', 3000),
	(172, 53, 'Программная доработка для оптимизации сайта', 6400),
	(195, 54, 'Продвижение сайта www.samtrans.ru', 13700),
	(174, 55, 'Программная разработка сайта agronom.ru', 71800),
	(176, 56, 'Предоплата за разработку web-сайта', 79300),
	(177, 57, 'Разработка фирменного стиля', 40400),
	(178, 58, 'Доработка сайта bilettlt.ru (выгрузка событий)', 3600),
	(179, 59, 'Доработка функционала сайта www.fabrika-krasok.net', 4500),
	(183, 60, 'Доработка функционала сайта www.fabrika-krasok.net (Внесение в каталог продукции покрытия «Нанотекс», Резервоное копирование)', 3600),
	(184, 61, 'Оптимизация сайта', 10000),
	(185, 62, 'Разработка автоматического формирования репертуарника', 23660),
	(202, 63, 'За услуги по обслуживанию сайта www.bearing-pi.ru за май 2013 г.', 4000),
	(247, 64, 'За услуги по обслуживанию сайта www.sampak.ru за май 2013 г.', 4000),
	(188, 65, 'За услуги по обслуживанию сайта www.megalada.com за апрель 2013 г.', 3000),
	(189, 66, 'Услуги по поисковой оптимизации сайта www.qvad.ru в период с 01 апреля 2013 г. по 30 апреля 2013 г.', 4202),
	(191, 67, 'Ведение контекстной рекламы в поисковой системе "Яндекс"', 3000),
	(192, 68, 'Регистрация доменного имени www.tiсketshop.su в период с 06.05.2013 г. по 06.05.2014 г.', 1000),
	(193, 68, 'Предоставление хостингового пространства для сайта www.tiсketshop.su в период с 06.05.2013 г. по 06.05.2014 г.', 2600),
	(194, 69, 'За ведение контекстной рекламной кампании в поисковой сети "Яндекс"', 3000),
	(196, 70, 'Установка новой системы управления сайтом', 25200),
	(197, 71, 'Предоставление хостингового пространства для сайта www.avangardcars.ru с 13.05.2013 г. по 13.05.2014 г.', 2600),
	(226, 72, 'Размещение контекстной рекламы в поисковой системе "Яндекс"', 13000),
	(227, 73, 'За ведение рекламной кампании в поисковой системе "Яндекс"', 3000),
	(228, 74, 'Размещение контекстной рекламы в поисковой системе "Яндекс"', 13000),
	(229, 75, 'Продвижение сайта www.samtrans.ru в период с 15.01.2013 г. По 15.02.2013 г.', 13700),
	(230, 76, 'За ведение рекламной кампании в поисковой системе "Яндекс"', 3000),
	(231, 77, 'Продвижение сайта www.samtrans.ru в период с 15.02.2013 г. По 15.03.2013 г.', 13700),
	(232, 78, 'Продвижение сайта www.samtrans.ru в период с 15.03.2013 г. По 15.04.2013 г.', 13700),
	(233, 79, 'За ведение рекламной кампании в поисковой системе "Яндекс"', 5000),
	(234, 80, 'За ведение рекламной кампании в поисковой системе "Яндекс"', 3000),
	(235, 81, 'Размещение контекстной рекламы в поисковой системе "Яндекс"', 15000),
	(236, 82, 'За ведение рекламной кампании в поисковой системе "Яндекс"', 3000),
	(237, 83, 'За ведение рекламной кампании в поисковой системе "Яндекс"', 3000),
	(238, 84, 'За услуги по обслуживанию сайта www.sampak.ru за май 2013 г.', 4000),
	(239, 85, 'За услуги по обслуживанию сайт www.bearing-pi.ru за май 2013 г.', 4000),
	(243, 86, 'За услуги по обслуживанию сайта www.megalada.com за май 2013 г.', 3000),
	(249, 87, 'За услуги по обслуживанию сайта www.bearing-pi.ru за июнь 2013 г.', 4000),
	(250, 88, 'За услуги по обслуживанию сайта www.sampak.ru за июнь 2013 г.', 4000),
	(251, 89, 'Программная работа по продвижению', 4600),
	(252, 90, 'За ведение рекламной кампании в поисковой системе "Яндекс"', 3000),
	(254, 91, 'За ведение рекламной кампании в поисковой системе "Яндекс"', 3000),
	(261, 92, 'За ведение рекламной кампании в поисковой системе "Яндекс"', 3000),
	(256, 93, 'За ведение рекламной кампании в поисковой системе "Яндекс"', 3000),
	(257, 94, 'Программная доработка по сайту www.fabrika-krasok.net', 3600),
	(258, 95, 'Программная доработка по сайту www.fabrika-krasok.net', 3600),
	(259, 96, 'Доработка рассылки сайта bilettlt.ru', 4600),
	(266, 97, 'Доработка сайта agronom.ru', 24000),
	(262, 98, 'За ведение рекламной кампании в поисковой системе «Яндекс»', 3000),
	(263, 99, 'Продвижение сайта www.samtrans.ru в период с 13.05.2013 г. по 13.06.2013 г.', 7100),
	(279, 100, 'Услуги по поисковой оптимизации сайта www.qvad.ru в период с 01мая 2013 г. по 31 мая 2013 г.', 4202),
	(270, 101, 'Внесение доработок в функционал сайта www.autostat.ru', 8050),
	(269, 102, 'Внесение доработок в функционал сайта www.autostat.ru', 8050),
	(271, 103, 'Доработки по сайту agronom.ru', 18400),
	(272, 104, 'Разработка бланков для рассылки', 4160),
	(274, 105, 'Услуги по поисковой оптимизации сайта www.qvad.ru в период с 01 июня 2013 г. по 30 июня 2013 г.', 4981),
	(277, 106, 'Предоплата за ежемесячное обслуживание сайта www.sampak.ru за июль 2013 г.', 4000),
	(276, 107, 'Предопалата за жемесячное обслуживание сайта www.bearing-pi.ru за июль 2013 г.', 4000),
	(278, 108, 'Предоплата в размере 70% за разработку дизайн-макета главной страницы', 8400),
	(286, 109, 'Услуги по поисковой оптимизации сайта www.qvad.ru в период с 01 июня 2013 г. по 30 июня 2013 г.', 4981),
	(281, 110, 'Продвижение сайта www.samtrans.ru в период с 13.05.2013 г. по 13.06.2013 г.', 7100),
	(283, 111, 'Предоплата в размере 50% за разработку дизайн-макетов сайта', 34000),
	(284, 112, 'За ведение контекстной рекамы в Яндекс.Директ', 3000),
	(285, 113, 'Комиссионное вознаграждение за Апрель   2013 года по Договору 23221/13 от 24.01.13', 135.4),
	(290, 114, 'Программная разработка сайта agronom.ru', 71800),
	(291, 115, 'За услуги по обслуживанию сайта www.megalada.com за июнь 2013 г.', 3000),
	(292, 116, '', 0),
	(293, 117, '', 0),
	(294, 117, '', 0),
	(295, 117, '', 0),
	(296, 117, '', 0),
	(297, 117, '', 0),
	(298, 118, '', 0),
	(299, 119, '', 0),
	(300, 120, '', 0),
	(301, 121, '345twt', 4353),
	(302, 122, '', 0),
	(303, 123, 'wretwert', 43545),
	(304, 124, 'werter', 45),
	(305, 125, 'qerwer', 234),
	(319, 126, 'Предоплата 50% за разработку главной страницы сайта', 15000),
	(334, 127, 'Внесение доработок в функционал сайта www.autostat.ru', 8750),
	(326, 128, 'Продвижение сайта www.samtrans.ru в период с 13.06.2013 г. по 13.07.2013 г.', 8900),
	(328, 129, 'За ведение контекстной рекламы в Яндекс.Директ', 3000),
	(329, 130, 'За ведение контекстной рекламы в Яндекс.Директ', 3000),
	(336, 132, 'Предоплата за ежемесячное обслуживание сайта www.sampak.ru за август 2013 г.', 4000),
	(335, 131, 'Предопалата за жемесячное обслуживание сайта www.bearing-pi.ru за август 2013 г.', 4000),
	(337, 133, 'Доработка сайта agronom.ru', 20800),
	(343, 134, 'Оплата за продвижение сайта Qvad.ru в период с 01.06.2013 по 01.07.2013', 4691),
	(340, 135, 'Оплата за продвижение сайта Qvad.ru в период с 01.06.2013 по 01.07.2013', 4691),
	(359, 136, 'Разработка модуля "Опросы"', 13500),
	(347, 137, 'За услуги по обслуживанию сайта www.megalada.com за июль 2013 г.', 3000),
	(348, 138, 'За ведение рекламной кампании в поисковой системе «Яндекс»', 3000),
	(349, 139, 'Доработка сайта agronom.ru', 5200),
	(350, 140, 'За ведение рекламной кампании в поисковой системе "Яндекс"', 3000),
	(363, 141, 'Разработка рассылки - базовый модуль', 19800),
	(352, 142, 'Разработка рассылки - базовый модуль', 16800),
	(353, 142, 'Бланк "Добавление объявления"', 3000),
	(356, 143, 'Разработка сайта', 40000),
	(558, 144, 'Продление регистрации домена и доменного пространства для сайта http://www.shtany-club.ru/, в период с 20.08.2013 по 19.08.2014 г.', 3600),
	(489, 145, 'Микроразметка для сайта', 8000),
	(488, 145, 'Макет управления рассылкой', 6500),
	(487, 145, 'Бланк "Еженедельной рассылки"', 3000),
	(486, 145, 'Модуль статистики и еженедельной рассылки', 21200),
	(485, 145, 'Модуль ручной рассылки', 8000),
	(372, 146, 'Дизайн и программные доработки сайта http://fabrika-krasok.net/', 15000),
	(373, 147, 'За ведение рекламной кампании в поисковой системе "Яндекс"', 3000),
	(375, 148, 'Оплата за продвижение сайта Qvad.ru в период с 01.08.2013 по 31.08.2013', 5327),
	(379, 149, 'За ежемесячное обслуживание сайта www.sampak.ru за сентябрь 2013 г.', 4000),
	(377, 150, 'Предопалата за ежемесячное обслуживание сайта www.bearing-pi.ru за сентябрь 2013 г.', 4000),
	(381, 151, 'За услуги по обслуживанию сайта www.megalada.com за август 2013 г.', 3000),
	(387, 152, 'Предоплата за ежемесячное обслуживание сайта www.sampak.ru за сентябрь 2013 г.', 4000),
	(411, 153, 'За услуги по обслуживанию сайта www.megalada.com за октябрь 2013 г.', 3000),
	(383, 154, 'Продление регистрации домена http://www.fk100.ru/ и предоставление хостингового пространства, в период с 06.09.2013 г. по 05.09.2014 г.', 3600),
	(384, 155, 'Дизайн и программная доработка формы обратной связи на сайте www.fk100.ru', 7100),
	(388, 156, 'За ведение контекстной рекламы в Яндекс.Директ', 3000),
	(566, 157, 'Разработка мобильного приложения для ресторана «Гёдза»', 37500),
	(390, 158, 'Разработка мобильного приложения для ресторана «Гёдза»', 37500),
	(546, 159, 'Разработка мобильного приложения для ресторана «Гёдза»', 37500),
	(392, 160, 'Предоплата за доработку сайта www.samtrans.ru', 16600),
	(394, 161, 'Услуги по поисковой оптимизации сайта www.qvad.ru в период с 01 сентября 2013 г. по 30 сентября 2013 г.', 4981),
	(398, 162, 'Предоплата за ежемесячное обслуживание сайта www.sampak.ru за октябрь 2013 г.', 4000),
	(396, 163, 'Предопалата за ежемесячное обслуживание сайта www.bearing-pi.ru за октябрь 2013 г.', 4000),
	(397, 164, 'За услуги по обслуживанию сайта www.megalada.com за сентябрь 2013 г.', 3000),
	(399, 165, 'За ведение рекламной кампании в поисковой системе "Яндекс"', 3000),
	(400, 166, 'За ведение рекламной кампании в поисковой системе "Яндекс"', 3000),
	(402, 167, 'Добавление на сайт www.fabrika-krasok.net модуля по проверке орфографии orphus.ru', 2000),
	(403, 168, 'Предоплата за ежемесячное обслуживание и техническую поддержку сайта http://www.elbanking.ru/ за ноябрь 2013 г.', 12000),
	(498, 169, 'Изменения банерной системы', 300),
	(497, 169, 'Изменение текста рассылки и "хлебных крошек"', 300),
	(495, 169, 'Создание карты сайта – иерархия городов', 2500),
	(496, 169, 'Изменение данных в подвале на странице видео', 300),
	(491, 169, 'Скрыть исходящие ссылки от робота на всех страницах', 1000),
	(492, 169, 'Отдельный модуль, для добавления СЕО текста для всех городов', 13500),
	(415, 170, 'За услуги по обслуживанию сайта www.megalada.com за октябрь 2013 г.', 3000),
	(416, 171, 'Предопалата за ежемесячное обслуживание сайта www.bearing-pi.ru за ноябрь 2013 г.', 4000),
	(420, 172, 'Предоплата за ежемесячное обслуживание сайта www.sampak.ru за ноябрь 2013 г.', 4000),
	(418, 173, 'Услуги по поисковой оптимизации сайта www.qvad.ru в период с 01 октября 2013 г. по 31 октября 2013 г.', 6517),
	(426, 174, 'Проведение экспертизы технического состояния компьютерной техники', 5500),
	(421, 175, 'Разработка дизайна страниц для портала "Автобитва"', 34000),
	(422, 176, 'Предоплата 50% за программирование портала "Автобитва"', 94380),
	(423, 177, 'За ведение рекламной кампании в поисковой системе "Яндекс"', 3000),
	(427, 178, 'Предоплата за создание сайта http://www.shtany-club.ru/', 50000),
	(493, 169, 'Изменить фильтр, что бы выбирались только регионы с наличием объектов', 1000),
	(436, 179, 'Предоплата за доработку сайта www.samtrans.ru', 12500),
	(437, 180, 'За ведение контекстной рекламы в Яндекс.Директ', 3000),
	(494, 169, 'Добавить к фотографиям атрибут ALT', 2350),
	(446, 181, 'За ведение контекстной рекламы в Яндекс.Директ', 3000),
	(448, 182, 'За ведение рекламной кампании в поисковой системе "Яндекс"', 3000),
	(449, 183, 'Продление регистрации доменного имени подшипник-интер.рф в период с 11.11.2013 г. по 10.11.2014 г.', 1000),
	(458, 184, 'Услуги по поисковой оптимизации сайта www.qvad.ru в период с 01ноября 2013 г. по 310 ноября 2013 г.', 6863),
	(459, 185, 'За услуги по обслуживанию сайта www.megalada.com за ноябрь 2013 г.', 3000),
	(529, 186, 'Предопалата за ежемесячное обслуживание сайта www.sampak.ru за декабрь 2013 г.', 4000),
	(464, 187, 'Предопалата за ежемесячное обслуживание сайта www.bearing-pi.ru за декабрь 2013 г.', 4000),
	(463, 188, 'Предоплата за ежемесячное обслуживание и техническую поддержку сайта http://www.elbanking.ru/ за декабрь 2013 г.', 12000),
	(466, 189, 'Оплата работ по доработке сайта www.samtrans.ru', 12500),
	(524, 191, 'За ведение контекстной рекламы в Яндекс.Директ', 3000),
	(523, 190, 'Разработка модуля "Статистика"', 9100),
	(520, 190, 'Правки н1', 500),
	(521, 190, 'Правки карты в системе администрирования сайта', 250),
	(522, 190, 'Замена текста после добавления в системе администрирования сайта', 250),
	(518, 190, 'Правки по рассылки', 3200),
	(519, 190, 'Правки карты на главной (открытие карты)', 500),
	(517, 190, 'Село', 8100),
	(516, 190, 'Site map - 1 часть', 3600),
	(490, 145, 'Карта сайтов + база данных категорий и регионов', 3200),
	(526, 192, 'За разработку сайта по Договору № ОАА-17/12/13 от 17 декабря 2013 г.', 70000),
	(527, 193, 'Предоставление хостингового пространства и продление регистрации доменного имени www.sampak.ru в период с 28.12.2013 г. по 27.12.2014 г.', 3600),
	(528, 194, 'Наполнение каталога продукции "Полуфабрикаты " и "Рыба" на сайте http://fk100.ru/', 11430),
	(559, 195, 'Обновление системы управления контентом на сайте http://shagushina.ru/', 3100),
	(542, 196, 'Предоплата за ежемесячное обслуживание и техническую поддержку сайта http://www.elbanking.ru/ за январь 2014 г.', 12000),
	(532, 197, 'Предоплата за ежемесячное обслуживание сайта www.bearing-pi.ru за январь 2014 г.', 4000),
	(549, 198, 'Предоплата за ежемесячное обслуживание сайта www.sampak.ru за январь 2014 г.', 4000),
	(534, 199, 'За услуги по обслуживанию сайта www.megalada.com за декабрь 2013 г.', 3000),
	(541, 196, 'Оплата за ежемесячное обслуживание и техническую поддержку сайта http://www.elbanking.ru/ за декабрь 2013 г.', 12000),
	(543, 200, 'За ведение контекстной рекламы в Яндекс.Директ', 3000),
	(544, 201, 'Услуги по поисковой оптимизации сайта www.qvad.ru в период с декабря 2013 г. по 28 декабря 2013 г.', 6030),
	(545, 202, 'Услуги по поисковой оптимизации сайта www.qvad.ru в период с декабря 2013 г. по 28 декабря 2013 г.', 6030),
	(548, 203, 'Предоплата за разработку сайта', 15000),
	(554, 204, 'Наполнение каталога продукции "Полуфабрикаты " и "Рыба" на сайте http://fk100.ru/', 11430),
	(555, 204, 'Дизайн и программная доработка сайта http://fk100.ru/', 4425),
	(556, 205, 'Разработка дизайн-макета главной страницы сайта http://www.lada-sport.ru/', 25200),
	(557, 206, 'За ведение контекстной рекламы в Яндекс.Директ', 1500),
	(564, 207, 'За ведение контекстной рекламы в Яндекс.Директ', 3000),
	(567, 208, 'Продление регистрации доменного имени www.pulslive.ru и хостинга на срок с 29.01.2014 г. по 28.01.2015 г.', 3600),
	(568, 209, 'Предоплата за ежемесячное обслуживание и техническую поддержку сайта http://www.elbanking.ru/ за февраль 2014 г.', 12000),
	(570, 210, 'Разработка рекламного блока на сайте www.tlhl.ru', 5000),
	(571, 211, 'За услуги по обслуживанию сайта www.megalada.com за январь 2014 г.', 3000),
	(572, 212, 'Предоплата за ежемесячное обслуживание сайта www.sampak.ru за февраль 2014 г.', 4000),
	(573, 213, 'Предоплата за ежемесячное обслуживание сайта www.bearing-pi.ru за февраль 2014 г.', 4000),
	(574, 214, 'Предоплата за разработку сайта www.lada-sport.ru', 75200),
	(576, 215, 'Услуги по поисковой оптимизации сайта www.qvad.ru в период с 01 января 2014 г. по 31 января 2014 г.', 4505),
	(609, 216, 'Контроля процесса обработки заявки сетевой организацией, заявитель должен иметь возможность мониторинга (в личном кабинете в разделе «Работа с заявками на технологическое присоединение») событий обработки его заявки в виде таблицы. Сетевая организация дол', 1),
	(607, 216, 'Механизм отправки заявки', 1),
	(608, 216, 'Программа выполнения предварительной проверки заполнения всех реквизитов заявки', 1),
	(605, 216, 'Необязательное поле примечание', 1),
	(606, 216, 'Возможность прикрепления файлов к форме онлайн заявки', 1),
	(604, 216, 'Дополнительные поля в форме онлайн заявки', 1),
	(603, 216, 'Форма онлайн заявки', 1),
	(602, 216, 'Переход к форме онлайн заявки.', 1),
	(601, 216, 'Кнопка «Добавить заявку ТП» и таблица мониторинга событий процесса', 1),
	(600, 216, 'Механиз входа в раздел «Работа с заявками" посредством ввода СНИЛС, ОГРН + ИНН', 1),
	(599, 216, 'Работа с заявками на технологическое присоединение', 1),
	(610, 217, 'За ведение контекстной рекламы в Яндекс.Директ', 3000),
	(611, 218, 'За ведение контекстной рекламы в Яндекс.Директ', 3000),
	(617, 219, 'Создание формы в маркетинговых отчётах, исправление ошибки в архиве платных материалов, подключение соцкнопок, ротация видео-анонса, установка Яндекс.Метрики, повышение скорости загрузки новостей, замена картинки для поисковиков, доработка рассылки', 4000),
	(626, 220, 'разработка требования для фида; автобекап; коректное отключение и включение объявлений; дизайн перелинковки; замена логотипа', 6600),
	(619, 221, 'Доработка личного кабинета на сайте http://электросеть-тольятти.рф/', 44000),
	(620, 222, 'Предоплата за ежемесячное обслуживание сайта www.sampak.ru за март 2014 г.', 4000),
	(621, 223, 'Предоплата за ежемесячное обслуживание сайта www.bearing-pi.ru за март 2014 г.', 4000),
	(622, 224, 'За услуги по обслуживанию сайта www.megalada.com за февраль 2014 г.', 3000),
	(623, 225, 'Услуги по поисковой оптимизации сайта www.qvad.ru за февраль  2014 г.', 6105),
	(624, 226, 'Разработка рекламного блока на сайте www.tlhl.ru, март 2014.', 5000),
	(625, 227, 'Оплата 50% за программирование портала "Автобитва", 1-го этапа.', 94380),
	(687, 228, 'Разработка прототипов дизайн-макетов для сайта.', 8500),
	(628, 229, 'Изменение оформления страниц статей', 880),
	(629, 229, 'Стилизация таблиц на страницах статей', 500),
	(630, 229, 'Рассылка по своим непроданным объявлениям', 11200),
	(631, 230, 'Предоплата 50% за разработку сайта www.trestnh.ru', 60175),
	(632, 231, 'За ведение контекстной рекламы в Яндекс.Директ', 3000),
	(633, 232, 'Предоплата 50% за доработку системы http://feedback.rosinter.ru/', 24000),
	(634, 233, 'Предоплата 30% за разработку сайта', 21750),
	(635, 234, 'Оплата за разработку сайта', 72500),
	(636, 235, 'Предоплата за ежемесячное обслуживание и техническую поддержку сайта http://www.elbanking.ru/ за март 2014 г', 12000),
	(637, 236, 'Продление домена фабрика-красок.рф и размещение на хостинг-площадке, сроком на 1 год.', 3600),
	(638, 237, 'Размещение сайта http://energetic-volga.ru/ на хостинге в период с 7.04.2014 г. по 7.04.2015 г.', 2600),
	(649, 238, 'Размещение сайта http://pro100.fabrika-krasok.net/ на хостинге в период с 28.03.2014 г. по 28.03.2015 г.', 3600),
	(640, 239, 'Доработка личного кабинета на сайте http://электросеть-тольятти.рф/', 22000),
	(641, 240, 'Разработка сайта www.lada-sport.ru', 100400),
	(642, 241, 'Разработка рекламного блока на сайте www.tlhl.ru, апрель 2014.', 5000),
	(643, 242, 'За услуги по обслуживанию сайта www.megalada.com за март 2014 г.', 3000),
	(644, 243, 'Предоплата за ежемесячное обслуживание и техническую поддержку сайта http://www.elbanking.ru/ за апрель 2014 г', 12000),
	(645, 244, 'Предоплата за ежемесячное обслуживание сайта www.bearing-pi.ru за апрель 2014 г.', 4000),
	(646, 245, 'Предоплата за ежемесячное обслуживание сайта www.sampak.ru за апрель 2014 г.', 4000),
	(647, 246, 'Услуги по поисковой оптимизации сайта www.qvad.ru за март 2014 г.', 4979),
	(648, 247, 'Оплата за создание сайта http://www.shtany-club.ru/', 25000),
	(650, 248, 'За ведение контекстной рекламы в Яндекс.Директ', 3000),
	(651, 249, 'Оплата работ по доработке системы http://feedback.rosinter.ru/', 24000),
	(652, 250, 'Доработка формы обратной связи на английской версии сайта http://rosinter.ru/', 1800),
	(653, 251, 'За ведение контекстной рекламы в Яндекс.Директ', 3000),
	(654, 252, 'Предоплата за ежемесячное обслуживание сайта www.sampak.ru за май 2014 г.', 4000),
	(658, 253, 'Предоплата за ежемесячное обслуживание сайта www.bearing-pi.ru за май 2014 г.', 4000),
	(656, 254, 'Предоплата за ежемесячное обслуживание и техническую поддержку сайта http://www.elbanking.ru/ за май 2014 г', 12000),
	(657, 255, 'За услуги по обслуживанию сайта www.megalada.com за апрель 2014 г.', 3000),
	(659, 256, 'Услуги по поисковой оптимизации сайта www.qvad.ru за апрель 2014 г.', 5075),
	(660, 257, 'Разработка формы обратной связи в разделе "Получение результатов опроса" на сайте http://www.autostat.ru/', 4500),
	(667, 258, 'Оплата за разработку сайта для компании "МФарм"', 50750),
	(664, 259, 'Предоплата за разработку сайта www.dombezproblem.ru', 61250),
	(665, 260, 'Разработка дизайн-макетов сайта', 8000),
	(666, 261, 'За ведение контекстной рекламы в Яндекс.Директ', 3000),
	(684, 262, 'Предоплата за ежемесячное обслуживание и техническую поддержку сайта www.megalada.com за июнь 2014 г', 3000),
	(669, 263, 'Предоплата за ежемесячное обслуживание сайта www.sampak.ru за июнь 2014 г.', 4000),
	(670, 264, 'Предоплата за ежемесячное обслуживание сайта www.bearing-pi.ru за июнь 2014 г', 4000),
	(671, 265, 'Услуги по поисковой оптимизации сайта www.qvad.ru за май 2014 г.', 4425),
	(673, 266, 'Предоплата за ежемесячное обслуживание и техническую поддержку сайта http://www.elbanking.ru/ за июнь 2014 г', 12000),
	(674, 267, 'За ведение контекстной рекламы в Яндекс.Директ', 3000),
	(675, 268, 'Переработка модуля "Регистрация на сайте"', 9000),
	(676, 269, 'Предоплата за разработку раздела Lada Kalina Sport на сайте www.lada-sport.ru', 49350),
	(677, 270, 'Предоплата за ежемесячное обслуживание и техническую поддержку сайта http://www.elbanking.ru/ за июль 2014 г', 12000),
	(682, 271, 'Услуги по поисковой оптимизации сайта www.qvad.ru за июнь 2014 г.', 5205),
	(685, 272, 'Предоплата за ежемесячное обслуживание и техническую поддержку сайта www.megalada.com за июль 2014 г', 3000),
	(680, 273, 'Предоплата за ежемесячное обслуживание сайта www.bearing-pi.ru за июль 2014 г', 4000),
	(681, 274, 'Предоплата за ежемесячное обслуживание сайта www.sampak.ru за июль 2014 г.', 4000),
	(683, 275, 'Второй платеж за разработку сайта.', 30625),
	(686, 276, 'За ведение контекстной рекламы в Яндекс.Директ', 3000),
	(688, 277, 'Предоплата за разработку 1-го этапа дилерского кабинета LADA Sport', 50000);
/*!40000 ALTER TABLE `crm_accounts_details` ENABLE KEYS */;


-- Дамп структуры для таблица gildiya.crm.crm_acts
CREATE TABLE IF NOT EXISTS `crm_acts` (
  `id` int(11) NOT NULL AUTO_INCREMENT,
  `num` int(11) NOT NULL DEFAULT '0',
  `total` float NOT NULL DEFAULT '0',
  `client_id` int(11) NOT NULL DEFAULT '0',
  `category_id` int(11) NOT NULL DEFAULT '0',
  `account_time` timestamp NOT NULL DEFAULT '0000-00-00 00:00:00',
  `insert_time` timestamp NOT NULL DEFAULT CURRENT_TIMESTAMP,
  `update_time` timestamp NOT NULL DEFAULT '0000-00-00 00:00:00',
  `delete_time` timestamp NOT NULL DEFAULT '0000-00-00 00:00:00',
  `is_delete` tinyint(1) NOT NULL DEFAULT '0',
  PRIMARY KEY (`id`)
) ENGINE=MyISAM AUTO_INCREMENT=169 DEFAULT CHARSET=utf8;

-- Дамп данных таблицы gildiya.crm.crm_acts: 168 rows
/*!40000 ALTER TABLE `crm_acts` DISABLE KEYS */;
INSERT INTO `crm_acts` (`id`, `num`, `total`, `client_id`, `category_id`, `account_time`, `insert_time`, `update_time`, `delete_time`, `is_delete`) VALUES
	(1, 1, 424, 17, 3, '2013-05-21 20:00:00', '2013-05-28 13:27:17', '0000-00-00 00:00:00', '0000-00-00 00:00:00', 1),
	(2, 1, 424, 17, 3, '2013-05-21 20:00:00', '2013-05-28 13:27:51', '0000-00-00 00:00:00', '0000-00-00 00:00:00', 1),
	(3, 95, 2600, 31, 4, '2013-05-14 20:00:00', '2013-05-28 14:16:33', '0000-00-00 00:00:00', '0000-00-00 00:00:00', 1),
	(4, 91, 3000, 24, 6, '2013-05-06 20:00:00', '2013-05-28 14:18:54', '0000-00-00 00:00:00', '0000-00-00 00:00:00', 1),
	(5, 87, 4000, 13, 5, '2013-05-05 20:00:00', '2013-05-28 14:19:38', '0000-00-00 00:00:00', '0000-00-00 00:00:00', 1),
	(6, 40, 13000, 34, 6, '2013-05-28 20:00:00', '2013-05-29 06:11:17', '0000-00-00 00:00:00', '0000-00-00 00:00:00', 0),
	(7, 41, 3000, 41, 1, '2013-05-28 20:00:00', '2013-05-29 06:17:00', '0000-00-00 00:00:00', '0000-00-00 00:00:00', 0),
	(8, 42, 4510, 8, 1, '2013-05-28 20:00:00', '2013-05-29 06:18:44', '0000-00-00 00:00:00', '0000-00-00 00:00:00', 0),
	(9, 43, 13700, 8, 1, '2013-05-28 20:00:00', '2013-05-29 06:20:21', '0000-00-00 00:00:00', '0000-00-00 00:00:00', 0),
	(10, 44, 3000, 8, 1, '2013-05-28 20:00:00', '2013-05-29 06:21:48', '0000-00-00 00:00:00', '0000-00-00 00:00:00', 0),
	(11, 45, 13700, 8, 6, '2013-05-28 20:00:00', '2013-05-29 06:24:45', '0000-00-00 00:00:00', '0000-00-00 00:00:00', 0),
	(12, 46, 13700, 8, 1, '2013-05-28 20:00:00', '2013-05-29 06:25:43', '0000-00-00 00:00:00', '0000-00-00 00:00:00', 0),
	(13, 47, 5000, 35, 6, '2013-05-28 20:00:00', '2013-05-29 06:33:39', '0000-00-00 00:00:00', '0000-00-00 00:00:00', 0),
	(14, 104, 3000, 35, 6, '2013-05-28 20:00:00', '2013-05-29 06:34:10', '0000-00-00 00:00:00', '0000-00-00 00:00:00', 1),
	(15, 48, 3000, 35, 1, '2013-05-28 20:00:00', '2013-05-29 06:34:48', '0000-00-00 00:00:00', '0000-00-00 00:00:00', 0),
	(16, 49, 15000, 15, 6, '2013-05-28 20:00:00', '2013-05-29 06:36:07', '0000-00-00 00:00:00', '0000-00-00 00:00:00', 0),
	(17, 50, 3000, 15, 1, '2013-05-28 20:00:00', '2013-05-29 06:37:12', '0000-00-00 00:00:00', '0000-00-00 00:00:00', 0),
	(18, 51, 3000, 15, 6, '2013-05-28 20:00:00', '2013-05-29 06:39:09', '0000-00-00 00:00:00', '0000-00-00 00:00:00', 0),
	(19, 108, 4000, 14, 1, '2013-05-28 20:00:00', '2013-05-29 06:40:10', '0000-00-00 00:00:00', '0000-00-00 00:00:00', 1),
	(20, 53, 4000, 13, 6, '2013-05-30 20:00:00', '2013-05-29 06:41:48', '0000-00-00 00:00:00', '0000-00-00 00:00:00', 0),
	(21, 52, 4000, 14, 1, '2013-05-30 20:00:00', '2013-05-29 06:42:20', '0000-00-00 00:00:00', '0000-00-00 00:00:00', 0),
	(22, 54, 3000, 11, 5, '2013-05-30 20:00:00', '2013-05-29 06:43:38', '0000-00-00 00:00:00', '0000-00-00 00:00:00', 0),
	(23, 55, 120400, 18, 7, '2013-04-23 20:00:00', '2013-05-29 09:03:58', '0000-00-00 00:00:00', '0000-00-00 00:00:00', 0),
	(24, 56, 3600, 21, 2, '2013-05-29 20:00:00', '2013-05-30 12:51:53', '0000-00-00 00:00:00', '0000-00-00 00:00:00', 0),
	(25, 57, 4600, 10, 3, '2013-05-29 20:00:00', '2013-05-31 07:18:10', '0000-00-00 00:00:00', '0000-00-00 00:00:00', 0),
	(26, 58, 4202, 6, 3, '2013-06-16 20:00:00', '2013-06-18 10:47:36', '0000-00-00 00:00:00', '0000-00-00 00:00:00', 0),
	(27, 59, 8750, 37, 2, '2013-07-25 20:00:00', '2013-06-19 07:25:33', '0000-00-00 00:00:00', '0000-00-00 00:00:00', 0),
	(28, 12, 3000, 38, 2, '2013-03-17 20:00:00', '2013-06-21 12:11:18', '0000-00-00 00:00:00', '0000-00-00 00:00:00', 0),
	(29, 60, 8490, 8, 6, '2013-06-20 20:00:00', '2013-06-25 11:29:36', '0000-00-00 00:00:00', '0000-00-00 00:00:00', 0),
	(30, 127, 4981, 6, 3, '2013-07-01 20:00:00', '2013-07-02 07:10:38', '0000-00-00 00:00:00', '0000-00-00 00:00:00', 1),
	(31, 61, 4000, 14, 5, '2013-06-29 20:00:00', '2013-07-03 07:36:21', '0000-00-00 00:00:00', '0000-00-00 00:00:00', 0),
	(32, 62, 4000, 13, 1, '2013-06-29 20:00:00', '2013-07-03 07:38:36', '0000-00-00 00:00:00', '0000-00-00 00:00:00', 0),
	(33, 63, 4981, 6, 3, '2013-06-29 20:00:00', '2013-07-03 07:43:47', '0000-00-00 00:00:00', '0000-00-00 00:00:00', 0),
	(34, 64, 1509.9, 40, 6, '2013-06-20 20:00:00', '2013-07-15 05:44:05', '0000-00-00 00:00:00', '0000-00-00 00:00:00', 0),
	(35, 65, 3000, 11, 5, '2013-06-29 20:00:00', '2013-07-15 07:55:38', '0000-00-00 00:00:00', '0000-00-00 00:00:00', 0),
	(36, 66, 4000, 13, 5, '2013-07-28 20:00:00', '2013-07-29 11:50:20', '0000-00-00 00:00:00', '0000-00-00 00:00:00', 0),
	(37, 67, 4000, 14, 5, '2013-07-30 20:00:00', '2013-07-29 11:52:11', '0000-00-00 00:00:00', '0000-00-00 00:00:00', 0),
	(38, 68, 4691, 6, 3, '2013-08-01 20:00:00', '2013-08-02 04:55:59', '0000-00-00 00:00:00', '0000-00-00 00:00:00', 0),
	(39, 129, 4691, 6, 3, '2013-08-01 20:00:00', '2013-08-02 05:17:18', '0000-00-00 00:00:00', '0000-00-00 00:00:00', 1),
	(40, 130, 4691, 6, 3, '2013-08-01 20:00:00', '2013-08-02 05:17:44', '0000-00-00 00:00:00', '0000-00-00 00:00:00', 1),
	(41, 131, 4691, 6, 3, '2013-08-01 20:00:00', '2013-08-02 07:16:36', '0000-00-00 00:00:00', '0000-00-00 00:00:00', 1),
	(42, 4, 11725, 37, 1, '2013-02-27 20:00:00', '2013-08-02 07:29:25', '0000-00-00 00:00:00', '0000-00-00 00:00:00', 0),
	(43, 69, 3000, 11, 5, '2013-07-30 20:00:00', '2013-08-07 09:10:45', '0000-00-00 00:00:00', '0000-00-00 00:00:00', 0),
	(44, 70, 13500, 37, 2, '2013-08-01 20:00:00', '2013-08-26 10:21:27', '0000-00-00 00:00:00', '0000-00-00 00:00:00', 0),
	(45, 71, 15000, 21, 2, '2013-08-26 20:00:00', '2013-08-27 10:08:41', '0000-00-00 00:00:00', '0000-00-00 00:00:00', 0),
	(46, 72, 5327, 6, 3, '2013-09-02 20:00:00', '2013-09-03 05:21:35', '0000-00-00 00:00:00', '0000-00-00 00:00:00', 0),
	(47, 132, 4000, 14, 5, '2013-09-02 20:00:00', '2013-09-03 08:35:06', '0000-00-00 00:00:00', '0000-00-00 00:00:00', 1),
	(48, 73, 4000, 14, 5, '2013-08-30 20:00:00', '2013-09-03 08:35:21', '0000-00-00 00:00:00', '0000-00-00 00:00:00', 0),
	(49, 73, 4000, 14, 5, '2013-09-02 20:00:00', '2013-09-03 08:35:27', '0000-00-00 00:00:00', '0000-00-00 00:00:00', 1),
	(50, 74, 4000, 13, 1, '2013-08-30 20:00:00', '2013-09-03 08:36:03', '0000-00-00 00:00:00', '0000-00-00 00:00:00', 0),
	(51, 74, 4000, 13, 1, '2013-09-02 20:00:00', '2013-09-03 08:36:17', '0000-00-00 00:00:00', '0000-00-00 00:00:00', 1),
	(52, 75, 3000, 11, 5, '2013-09-02 20:00:00', '2013-09-03 08:40:02', '0000-00-00 00:00:00', '0000-00-00 00:00:00', 0),
	(53, 76, 4981, 6, 1, '2013-10-03 20:00:00', '2013-10-04 11:51:30', '0000-00-00 00:00:00', '0000-00-00 00:00:00', 0),
	(54, 77, 4000, 14, 5, '2013-09-29 20:00:00', '2013-10-04 11:57:16', '0000-00-00 00:00:00', '0000-00-00 00:00:00', 0),
	(55, 78, 4000, 13, 5, '2013-09-29 20:00:00', '2013-10-04 11:59:10', '0000-00-00 00:00:00', '0000-00-00 00:00:00', 0),
	(56, 79, 3000, 11, 5, '2013-09-29 20:00:00', '2013-10-04 12:01:46', '0000-00-00 00:00:00', '0000-00-00 00:00:00', 0),
	(57, 80, 4000, 14, 5, '2013-10-30 20:00:00', '2013-10-31 09:52:54', '0000-00-00 00:00:00', '0000-00-00 00:00:00', 0),
	(58, 81, 4000, 13, 5, '2013-10-30 20:00:00', '2013-10-31 09:54:09', '0000-00-00 00:00:00', '0000-00-00 00:00:00', 0),
	(59, 82, 3000, 11, 1, '2013-10-30 20:00:00', '2013-10-31 10:03:32', '0000-00-00 00:00:00', '0000-00-00 00:00:00', 0),
	(60, 83, 6517, 6, 3, '2013-10-30 20:00:00', '2013-10-31 10:24:30', '0000-00-00 00:00:00', '0000-00-00 00:00:00', 0),
	(61, 84, 5000, 52, 5, '2013-10-30 20:00:00', '2013-11-01 11:36:14', '0000-00-00 00:00:00', '0000-00-00 00:00:00', 1),
	(62, 84, 5000, 52, 5, '2013-06-06 20:00:00', '2013-11-06 13:16:57', '0000-00-00 00:00:00', '0000-00-00 00:00:00', 1),
	(63, 84, 5500, 52, 5, '2013-10-31 20:00:00', '2013-11-07 09:42:49', '0000-00-00 00:00:00', '0000-00-00 00:00:00', 0),
	(64, 85, 37500, 27, 1, '2013-04-10 20:00:00', '2013-11-08 12:21:28', '0000-00-00 00:00:00', '0000-00-00 00:00:00', 1),
	(65, 85, 75000, 27, 1, '2013-11-07 20:00:00', '2013-11-08 12:23:24', '0000-00-00 00:00:00', '0000-00-00 00:00:00', 0),
	(66, 86, 15000, 21, 2, '2013-09-12 20:00:00', '2013-11-19 06:17:23', '0000-00-00 00:00:00', '0000-00-00 00:00:00', 0),
	(67, 30, 2000, 21, 2, '2013-10-29 20:00:00', '2013-11-19 06:18:36', '0000-00-00 00:00:00', '0000-00-00 00:00:00', 0),
	(68, 87, 1000, 13, 4, '2013-12-05 20:00:00', '2013-11-19 08:01:53', '0000-00-00 00:00:00', '0000-00-00 00:00:00', 1),
	(69, 88, 6863, 6, 3, '2013-11-29 20:00:00', '2013-12-04 06:14:22', '0000-00-00 00:00:00', '0000-00-00 00:00:00', 0),
	(70, 89, 3000, 11, 5, '2013-12-01 20:00:00', '2013-12-04 06:16:09', '0000-00-00 00:00:00', '0000-00-00 00:00:00', 0),
	(71, 90, 4000, 14, 5, '2013-11-29 20:00:00', '2013-12-04 06:20:03', '0000-00-00 00:00:00', '0000-00-00 00:00:00', 0),
	(72, 91, 4000, 58, 5, '2013-12-01 20:00:00', '2013-12-04 06:24:53', '0000-00-00 00:00:00', '0000-00-00 00:00:00', 0),
	(73, 92, 12000, 51, 5, '2013-11-29 20:00:00', '2013-12-04 06:30:32', '0000-00-00 00:00:00', '0000-00-00 00:00:00', 0),
	(74, 93, 1, 9, 1, '2013-12-08 20:00:00', '2013-12-09 09:01:35', '0000-00-00 00:00:00', '0000-00-00 00:00:00', 1),
	(75, 10, 42500, 59, 1, '2012-09-04 20:00:00', '2013-12-09 09:38:02', '0000-00-00 00:00:00', '0000-00-00 00:00:00', 0),
	(76, 11, 42500, 59, 1, '2012-09-27 20:00:00', '2013-12-09 09:41:47', '0000-00-00 00:00:00', '0000-00-00 00:00:00', 0),
	(77, 94, 42500, 59, 1, '2012-11-08 20:00:00', '2013-12-09 09:42:51', '0000-00-00 00:00:00', '0000-00-00 00:00:00', 1),
	(78, 12, 42500, 59, 1, '2012-11-08 20:00:00', '2013-12-09 09:43:26', '0000-00-00 00:00:00', '0000-00-00 00:00:00', 0),
	(79, 94, 4600, 10, 2, '2013-12-09 20:00:00', '2013-12-09 12:11:28', '0000-00-00 00:00:00', '0000-00-00 00:00:00', 0),
	(80, 95, 41600, 8, 2, '2013-12-24 20:00:00', '2013-12-25 09:00:36', '0000-00-00 00:00:00', '0000-00-00 00:00:00', 0),
	(81, 96, 9000, 8, 6, '2013-12-24 20:00:00', '2013-12-25 09:01:47', '0000-00-00 00:00:00', '0000-00-00 00:00:00', 0),
	(82, 97, 7100, 8, 3, '2013-12-24 20:00:00', '2013-12-25 09:02:58', '0000-00-00 00:00:00', '0000-00-00 00:00:00', 0),
	(83, 98, 68000, 39, 1, '2013-12-24 20:00:00', '2013-12-25 09:03:56', '0000-00-00 00:00:00', '0000-00-00 00:00:00', 0),
	(84, 99, 24000, 24, 1, '2013-12-24 20:00:00', '2013-12-25 09:05:26', '0000-00-00 00:00:00', '0000-00-00 00:00:00', 0),
	(85, 100, 12000, 51, 5, '2013-12-24 20:00:00', '2013-12-25 09:06:26', '0000-00-00 00:00:00', '0000-00-00 00:00:00', 0),
	(86, 101, 3600, 30, 4, '2013-12-24 20:00:00', '2013-12-25 09:07:35', '0000-00-00 00:00:00', '0000-00-00 00:00:00', 0),
	(87, 102, 6000, 15, 6, '2013-12-24 20:00:00', '2013-12-25 09:08:49', '0000-00-00 00:00:00', '0000-00-00 00:00:00', 0),
	(88, 103, 4000, 14, 1, '2013-12-30 20:00:00', '2013-12-25 09:11:50', '0000-00-00 00:00:00', '0000-00-00 00:00:00', 0),
	(89, 104, 3600, 14, 4, '2013-12-30 20:00:00', '2013-12-25 09:12:56', '0000-00-00 00:00:00', '0000-00-00 00:00:00', 0),
	(90, 105, 4000, 13, 5, '2013-12-30 20:00:00', '2013-12-25 09:14:01', '0000-00-00 00:00:00', '0000-00-00 00:00:00', 0),
	(91, 106, 1000, 13, 4, '2013-12-30 20:00:00', '2013-12-25 09:16:13', '0000-00-00 00:00:00', '0000-00-00 00:00:00', 0),
	(92, 107, 3000, 11, 5, '2013-12-30 20:00:00', '2013-12-25 09:17:17', '0000-00-00 00:00:00', '0000-00-00 00:00:00', 0),
	(93, 108, 8900, 8, 1, '2013-12-24 20:00:00', '2013-12-25 10:37:13', '0000-00-00 00:00:00', '0000-00-00 00:00:00', 0),
	(94, 109, 37500, 25, 1, '2013-12-24 20:00:00', '2013-12-25 12:10:31', '0000-00-00 00:00:00', '0000-00-00 00:00:00', 0),
	(95, 110, 75000, 26, 1, '2013-12-24 20:00:00', '2013-12-25 12:11:18', '0000-00-00 00:00:00', '0000-00-00 00:00:00', 0),
	(96, 111, 6030, 6, 3, '2013-12-27 20:00:00', '2014-01-10 11:43:03', '0000-00-00 00:00:00', '0000-00-00 00:00:00', 0),
	(97, 112, 24000, 36, 2, '2013-12-30 20:00:00', '2014-01-22 10:39:32', '0000-00-00 00:00:00', '0000-00-00 00:00:00', 0),
	(98, 113, 18400, 36, 2, '2013-12-30 20:00:00', '2014-01-22 10:40:24', '0000-00-00 00:00:00', '0000-00-00 00:00:00', 0),
	(99, 114, 4160, 36, 2, '2013-12-30 20:00:00', '2014-01-22 10:41:19', '0000-00-00 00:00:00', '0000-00-00 00:00:00', 0),
	(100, 115, 71800, 36, 2, '2013-12-30 20:00:00', '2014-01-22 10:41:59', '0000-00-00 00:00:00', '0000-00-00 00:00:00', 0),
	(101, 116, 3600, 45, 4, '2013-12-30 20:00:00', '2014-01-22 10:45:43', '0000-00-00 00:00:00', '0000-00-00 00:00:00', 0),
	(102, 117, 68000, 39, 1, '2013-12-30 20:00:00', '2014-01-22 10:49:59', '0000-00-00 00:00:00', '0000-00-00 00:00:00', 0),
	(103, 118, 47190, 39, 1, '2013-12-30 20:00:00', '2014-01-22 11:12:30', '0000-00-00 00:00:00', '0000-00-00 00:00:00', 0),
	(104, 119, 2600, 31, 4, '2013-12-30 20:00:00', '2014-01-22 11:18:06', '0000-00-00 00:00:00', '0000-00-00 00:00:00', 0),
	(105, 123, 25200, 31, 2, '2013-12-30 20:00:00', '2014-01-22 11:18:55', '0000-00-00 00:00:00', '0000-00-00 00:00:00', 0),
	(106, 120, 3000, 55, 6, '2013-12-30 20:00:00', '2014-01-22 11:19:40', '0000-00-00 00:00:00', '0000-00-00 00:00:00', 0),
	(107, 121, 3600, 47, 4, '2013-12-30 20:00:00', '2014-01-22 11:20:50', '0000-00-00 00:00:00', '0000-00-00 00:00:00', 0),
	(108, 124, 22000, 38, 2, '2013-12-30 20:00:00', '2014-01-22 11:40:00', '0000-00-00 00:00:00', '0000-00-00 00:00:00', 0),
	(109, 125, 3000, 34, 6, '2013-12-30 20:00:00', '2014-01-22 11:51:29', '0000-00-00 00:00:00', '0000-00-00 00:00:00', 0),
	(110, 122, 3100, 62, 2, '2013-12-30 20:00:00', '2014-01-22 11:52:56', '0000-00-00 00:00:00', '0000-00-00 00:00:00', 0),
	(111, 1, 12000, 51, 5, '2014-01-30 20:00:00', '2014-01-28 13:46:31', '0000-00-00 00:00:00', '0000-00-00 00:00:00', 0),
	(112, 2, 37500, 25, 1, '2014-01-28 20:00:00', '2014-01-29 06:10:48', '0000-00-00 00:00:00', '0000-00-00 00:00:00', 0),
	(113, 3, 3000, 11, 5, '2014-01-30 20:00:00', '2014-01-29 12:37:31', '0000-00-00 00:00:00', '0000-00-00 00:00:00', 0),
	(114, 4, 4000, 14, 5, '2014-01-30 20:00:00', '2014-01-29 12:37:52', '0000-00-00 00:00:00', '0000-00-00 00:00:00', 0),
	(115, 5, 4000, 13, 5, '2014-01-30 20:00:00', '2014-01-29 12:38:01', '0000-00-00 00:00:00', '0000-00-00 00:00:00', 0),
	(116, 6, 127500, 59, 1, '2014-01-28 20:00:00', '2014-01-29 13:13:56', '0000-00-00 00:00:00', '0000-00-00 00:00:00', 0),
	(117, 7, 6000, 8, 6, '2014-01-30 20:00:00', '2014-01-30 08:31:06', '0000-00-00 00:00:00', '0000-00-00 00:00:00', 0),
	(118, 93, 2000, 21, 2, '2013-10-30 20:00:00', '2014-02-06 07:17:05', '0000-00-00 00:00:00', '0000-00-00 00:00:00', 0),
	(119, 8, 4505, 6, 1, '2014-02-06 20:00:00', '2014-02-07 05:41:06', '0000-00-00 00:00:00', '0000-00-00 00:00:00', 0),
	(120, 9, 11, 67, 2, '2014-02-10 20:00:00', '2014-02-11 07:27:36', '0000-00-00 00:00:00', '0000-00-00 00:00:00', 0),
	(121, 10, 4000, 37, 5, '2014-02-12 20:00:00', '2014-02-13 05:53:01', '0000-00-00 00:00:00', '0000-00-00 00:00:00', 0),
	(122, 37, 23660, 10, 1, '2013-05-14 20:00:00', '2014-02-13 07:54:43', '0000-00-00 00:00:00', '0000-00-00 00:00:00', 0),
	(123, 11, 3000, 11, 5, '2014-02-27 20:00:00', '2014-03-03 08:38:08', '0000-00-00 00:00:00', '0000-00-00 00:00:00', 0),
	(124, 12, 4000, 13, 5, '2014-02-27 20:00:00', '2014-03-03 08:38:54', '0000-00-00 00:00:00', '0000-00-00 00:00:00', 0),
	(125, 13, 4000, 14, 5, '2014-02-27 20:00:00', '2014-03-03 08:39:09', '0000-00-00 00:00:00', '0000-00-00 00:00:00', 0),
	(126, 14, 6105, 6, 3, '2014-03-02 20:00:00', '2014-03-03 09:35:51', '0000-00-00 00:00:00', '0000-00-00 00:00:00', 0),
	(127, 15, 5000, 65, 5, '2014-02-27 20:00:00', '2014-03-03 10:26:12', '0000-00-00 00:00:00', '0000-00-00 00:00:00', 0),
	(128, 16, 47190, 39, 1, '2014-03-03 20:00:00', '2014-03-04 11:28:06', '0000-00-00 00:00:00', '0000-00-00 00:00:00', 0),
	(129, 17, 44000, 67, 1, '2014-02-13 20:00:00', '2014-03-14 11:28:37', '0000-00-00 00:00:00', '0000-00-00 00:00:00', 0),
	(130, 18, 44000, 67, 1, '2014-03-13 20:00:00', '2014-03-14 11:29:24', '0000-00-00 00:00:00', '0000-00-00 00:00:00', 1),
	(131, 19, 12000, 51, 5, '2014-02-27 20:00:00', '2014-03-20 09:12:25', '0000-00-00 00:00:00', '0000-00-00 00:00:00', 0),
	(132, 20, 12000, 51, 5, '2014-02-27 20:00:00', '2014-03-20 09:12:59', '0000-00-00 00:00:00', '0000-00-00 00:00:00', 1),
	(133, 21, 15855, 47, 2, '2014-02-28 20:00:00', '2014-03-24 10:09:14', '0000-00-00 00:00:00', '0000-00-00 00:00:00', 0),
	(134, 22, 5000, 65, 5, '2014-03-30 20:00:00', '2014-03-31 09:37:09', '0000-00-00 00:00:00', '0000-00-00 00:00:00', 0),
	(135, 23, 3000, 11, 5, '2014-03-30 20:00:00', '2014-03-31 09:39:40', '0000-00-00 00:00:00', '0000-00-00 00:00:00', 0),
	(136, 24, 12000, 51, 5, '2014-03-30 20:00:00', '2014-03-31 09:40:33', '0000-00-00 00:00:00', '0000-00-00 00:00:00', 0),
	(137, 25, 4000, 13, 5, '2014-03-30 20:00:00', '2014-03-31 09:42:30', '0000-00-00 00:00:00', '0000-00-00 00:00:00', 0),
	(138, 26, 4000, 14, 5, '2014-03-30 20:00:00', '2014-03-31 09:43:46', '0000-00-00 00:00:00', '0000-00-00 00:00:00', 0),
	(139, 27, 4979, 6, 3, '2014-03-30 20:00:00', '2014-03-31 11:51:55', '0000-00-00 00:00:00', '0000-00-00 00:00:00', 0),
	(140, 28, 75000, 45, 1, '2014-04-14 20:00:00', '2014-04-14 13:19:34', '0000-00-00 00:00:00', '0000-00-00 00:00:00', 0),
	(141, 29, 200800, 64, 1, '2014-04-15 20:00:00', '2014-04-16 07:57:44', '0000-00-00 00:00:00', '0000-00-00 00:00:00', 0),
	(142, 30, 3600, 21, 4, '2014-03-26 20:00:00', '2014-04-23 10:02:41', '0000-00-00 00:00:00', '0000-00-00 00:00:00', 0),
	(143, 31, 3600, 21, 4, '2014-04-22 20:00:00', '2014-04-23 10:03:09', '0000-00-00 00:00:00', '0000-00-00 00:00:00', 0),
	(144, 32, 3600, 21, 4, '2014-03-20 20:00:00', '2014-04-23 10:03:52', '0000-00-00 00:00:00', '0000-00-00 00:00:00', 0),
	(145, 33, 3600, 21, 4, '2014-04-22 20:00:00', '2014-04-23 10:04:15', '0000-00-00 00:00:00', '0000-00-00 00:00:00', 0),
	(146, 34, 48000, 252, 1, '2014-04-23 20:00:00', '2014-04-24 13:19:33', '0000-00-00 00:00:00', '0000-00-00 00:00:00', 0),
	(147, 35, 4000, 14, 5, '2014-04-29 20:00:00', '2014-04-28 05:22:47', '0000-00-00 00:00:00', '0000-00-00 00:00:00', 0),
	(148, 36, 4000, 13, 5, '2014-04-29 20:00:00', '2014-04-28 05:23:52', '0000-00-00 00:00:00', '0000-00-00 00:00:00', 0),
	(149, 37, 12000, 51, 5, '2014-04-29 20:00:00', '2014-04-28 05:24:46', '0000-00-00 00:00:00', '0000-00-00 00:00:00', 0),
	(150, 38, 3000, 11, 5, '2014-04-29 20:00:00', '2014-04-28 05:25:15', '0000-00-00 00:00:00', '0000-00-00 00:00:00', 0),
	(151, 39, 5075, 6, 3, '2014-04-29 20:00:00', '2014-04-29 11:28:56', '0000-00-00 00:00:00', '0000-00-00 00:00:00', 0),
	(152, 40, 4500, 37, 2, '2014-05-04 20:00:00', '2014-05-05 09:56:33', '0000-00-00 00:00:00', '0000-00-00 00:00:00', 0),
	(153, 41, 1800, 252, 1, '2014-04-23 20:00:00', '2014-05-06 10:16:29', '0000-00-00 00:00:00', '0000-00-00 00:00:00', 0),
	(154, 42, 72500, 291, 1, '2014-05-14 20:00:00', '2014-05-08 15:49:04', '0000-00-00 00:00:00', '0000-00-00 00:00:00', 0),
	(155, 43, 8000, 71, 1, '2014-05-12 20:00:00', '2014-05-13 11:55:27', '0000-00-00 00:00:00', '0000-00-00 00:00:00', 0),
	(156, 44, 3000, 11, 5, '2014-05-29 20:00:00', '2014-05-30 09:35:19', '0000-00-00 00:00:00', '0000-00-00 00:00:00', 0),
	(157, 45, 4000, 14, 5, '2014-05-30 20:00:00', '2014-05-30 09:38:11', '0000-00-00 00:00:00', '0000-00-00 00:00:00', 0),
	(158, 46, 4000, 13, 5, '2014-05-30 20:00:00', '2014-05-30 09:40:07', '0000-00-00 00:00:00', '0000-00-00 00:00:00', 0),
	(159, 47, 4425, 6, 3, '2014-05-30 20:00:00', '2014-05-30 10:04:45', '0000-00-00 00:00:00', '0000-00-00 00:00:00', 0),
	(160, 48, 12000, 51, 1, '2014-05-30 20:00:00', '2014-05-30 10:27:10', '0000-00-00 00:00:00', '0000-00-00 00:00:00', 0),
	(161, 49, 9000, 37, 2, '2014-06-16 20:00:00', '2014-06-17 14:15:31', '0000-00-00 00:00:00', '0000-00-00 00:00:00', 0),
	(162, 50, 12000, 51, 1, '2014-05-29 20:00:00', '2014-07-01 06:29:22', '0000-00-00 00:00:00', '0000-00-00 00:00:00', 0),
	(163, 51, 12000, 51, 1, '2014-06-29 20:00:00', '2014-07-01 06:30:33', '0000-00-00 00:00:00', '0000-00-00 00:00:00', 0),
	(164, 52, 5205, 6, 3, '2014-06-29 20:00:00', '2014-07-01 06:33:26', '0000-00-00 00:00:00', '0000-00-00 00:00:00', 0),
	(165, 53, 3000, 11, 5, '2014-06-29 20:00:00', '2014-07-01 06:35:00', '0000-00-00 00:00:00', '0000-00-00 00:00:00', 0),
	(166, 54, 4000, 13, 5, '2014-06-29 20:00:00', '2014-07-01 06:35:49', '0000-00-00 00:00:00', '0000-00-00 00:00:00', 0),
	(167, 55, 4000, 14, 5, '2014-06-29 20:00:00', '2014-07-01 06:37:24', '0000-00-00 00:00:00', '0000-00-00 00:00:00', 0),
	(168, 9, 8500, 71, 2, '2014-03-30 20:00:00', '2014-07-17 11:34:05', '0000-00-00 00:00:00', '0000-00-00 00:00:00', 0);
/*!40000 ALTER TABLE `crm_acts` ENABLE KEYS */;


-- Дамп структуры для таблица gildiya.crm.crm_acts_details
CREATE TABLE IF NOT EXISTS `crm_acts_details` (
  `id` int(11) NOT NULL AUTO_INCREMENT,
  `act_id` int(11) NOT NULL DEFAULT '0',
  `name` varchar(255) NOT NULL,
  `cost` float NOT NULL DEFAULT '0',
  PRIMARY KEY (`id`)
) ENGINE=MyISAM AUTO_INCREMENT=362 DEFAULT CHARSET=utf8;

-- Дамп данных таблицы gildiya.crm.crm_acts_details: 178 rows
/*!40000 ALTER TABLE `crm_acts_details` DISABLE KEYS */;
INSERT INTO `crm_acts_details` (`id`, `act_id`, `name`, `cost`) VALUES
	(1, 2, 'eewrwqerwqerweq', 424),
	(2, 3, 'Предоставление хостингового пространства для сайта www.avangardcars.ru с 13.05.2013 г. по 13.05.2014 г.', 2600),
	(3, 4, 'Ведение контекстной рекламы в поисковой системе "Яндекс"', 3000),
	(4, 5, 'За услуги по обслуживанию сайта www.bearing-pi.ru за май 2013 г.', 4000),
	(69, 6, 'Размещение контекстной рекламы в поисковой системе "Яндекс"', 13000),
	(92, 7, 'За ведение рекламной кампании в поисковой системе "Яндекс"', 3000),
	(246, 8, 'Размещение контекстной рекламы в поисковой системе "Яндекс"', 4510),
	(67, 9, 'Продвижение сайта www.samtrans.ru в период с 15.01.2013 г. По 15.02.2013 г.', 13700),
	(66, 10, 'За ведение рекламной кампании в поисковой системе "Яндекс"', 3000),
	(65, 11, 'Продвижение сайта www.samtrans.ru в период с 15.02.2013 г. По 15.03.2013 г.', 13700),
	(64, 12, 'Продвижение сайта www.samtrans.ru в период с 15.03.2013 г. По 15.04.2013 г.', 13700),
	(63, 13, 'За ведение рекламной кампании в поисковой системе "Яндекс"', 5000),
	(13, 14, 'За ведение рекламной кампании в поисковой системе "Яндекс"', 3000),
	(62, 15, 'За ведение рекламной кампании в поисковой системе "Яндекс"', 3000),
	(61, 16, 'Размещение контекстной рекламы в поисковой системе "Яндекс"', 15000),
	(60, 17, 'За ведение рекламной кампании в поисковой системе "Яндекс"', 3000),
	(59, 18, 'За ведение рекламной кампании в поисковой системе "Яндекс"', 3000),
	(18, 19, 'За услуги по обслуживанию сайта www.sampak.ru за май 2013 г.', 4000),
	(57, 20, 'За услуги по обслуживанию сайт www.bearing-pi.ru за май 2013 г.', 4000),
	(58, 21, 'За услуги по обслуживанию сайта www.sampak.ru за май 2013 г.', 4000),
	(56, 22, 'За услуги по обслуживанию сайт www.megalada.com за май 2013 г.', 3000),
	(71, 23, 'Разработка фирменного стиля', 120400),
	(75, 24, 'Программная доработка по сайту www.fabrika-krasok.net', 3600),
	(277, 25, 'Программная работа по продвижению', 4600),
	(77, 26, 'Услуги по поисковой оптимизации сайта www.qvad.ru в период с 01мая 2013 г. по 31 мая 2013 г.', 4202),
	(96, 27, 'Внесение доработок в функционал сайта www.autostat.ru', 8750),
	(229, 28, 'Оказание интернет-услуг по доработке сайта www.premiera73.ru', 3000),
	(117, 29, 'Размещение контекстной рекламы в поисковой системе "Яндекс"', 8490),
	(83, 30, 'Услуги по поисковой оптимизации сайта www.qvad.ru в период с 01 июня 2013 г. по 30 июня 2013 г.', 4981),
	(84, 31, 'За услуги по обслуживанию сайта www.sampak.ru за июнь 2013 г.', 4000),
	(85, 32, 'За услуги по обслуживанию сайта www.bearing-pi.ru за июнь 2013 г.', 4000),
	(110, 33, 'Услуги по поисковой оптимизации сайта www.qvad.ru в период с 01 июня 2013 г. по 30 июня 2013 г.', 4981),
	(89, 34, 'Размещение контекстной рекламы в поисковой системе "Яндекс"', 1509.9),
	(94, 35, 'За услуги по обслуживанию сайта за июнь 2013', 3000),
	(138, 36, 'Оплата за жемесячное обслуживание сайта www.bearing-pi.ru за июль 2013 г.', 4000),
	(349, 37, 'За ежемесячное обслуживание сайта www.sampak.ru за июль 2013 г.', 4000),
	(112, 38, 'Оплата за продвижение сайта Qvad.ru в период с 01.07.2013 по 31.07.2013', 4691),
	(103, 39, 'Оплата за продвижение сайта Qvad.ru в период с 01.06.2013 по 01.07.2013', 4691),
	(104, 40, 'Оплата за продвижение сайта Qvad.ru в период с 01.06.2013 по 01.07.2013', 4691),
	(106, 41, 'Оплата за продвижение сайта Qvad.ru в период с 01.06.2013 по 01.07.2013', 4691),
	(189, 42, 'Внесение доработок в функционал сайта www.autostat.ru', 11725),
	(116, 43, 'За услуги по обслуживанию сайта www.megalada.com за июль 2013 г.', 3000),
	(119, 44, 'Разработка модуля "Опросы"', 13500),
	(122, 45, 'Дизайн и программные доработки сайта http://fabrika-krasok.net/', 15000),
	(124, 46, 'Оплата за продвижение сайта Qvad.ru в период с 01.08.2013 по 31.08.2013', 5327),
	(125, 47, 'За ежемесячное обслуживание сайта www.sampak.ru за август 2013 г.', 4000),
	(133, 48, 'За ежемесячное обслуживание сайта www.sampak.ru за август 2013 г.', 4000),
	(127, 49, 'За ежемесячное обслуживание сайта www.sampak.ru за август 2013 г.', 4000),
	(139, 50, 'За ежемесячное обслуживание сайта www.bearing-pi.ru за август 2013 г.', 4000),
	(129, 51, 'За ежемесячное обслуживание сайта www.bearing-pi.ru за сентябрь 2013 г.', 4000),
	(132, 52, 'За услуги по обслуживанию сайта www.megalada.com за август 2013 г.', 3000),
	(141, 53, 'Услуги по поисковой оптимизации сайта www.qvad.ru в период с 01 сентября 2013 г. по 30 сентября 2013 г.', 4981),
	(188, 54, 'Оплата за ежемесячное обслуживание сайта www.sampak.ru за сентябрь 2013 г.', 4000),
	(145, 55, 'Оплата за ежемесячное обслуживание сайта www.bearing-pi.ru за сентябрь 2013 г.', 4000),
	(144, 56, 'За услуги по обслуживанию сайта www.megalada.com за сентябрь 2013 г.', 3000),
	(152, 57, 'Оплата за ежемесячное обслуживание сайта www.sampak.ru за октябрь 2013 г.', 4000),
	(153, 58, 'Опалата за ежемесячное обслуживание сайта www.bearing-pi.ru за октябрь 2013 г.', 4000),
	(154, 59, 'За услуги по обслуживанию сайта www.megalada.com за октябрь 2013 г.', 3000),
	(155, 60, 'Услуги по поисковой оптимизации сайта www.qvad.ru в период с 01 октября 2013 г. по 31 октября 2013 г.', 6517),
	(157, 61, 'Проведение экспертизы технического состояния компьютерной техники', 5000),
	(160, 62, 'Проведение экспертизы технического состояния компьютерной техники', 5000),
	(161, 63, 'Проведение экспертизы технического состояния компьютерной техники', 5500),
	(162, 64, 'Разработка мобильного приложения для ресторана «Гёдза»', 37500),
	(164, 65, 'Разработка мобильного приложения для ресторана «Гёдза»', 75000),
	(165, 66, 'Дизайн и программные доработки сайта http://fabrika-krasok.net/', 15000),
	(166, 67, 'Добавление на сайт www.fabrika-krasok.net модуля по проверке орфографии orphus.ru', 2000),
	(176, 68, 'Продление регистрации доменного имени подшипник-интер.рф в период с 11.11.2013 г. по 10.11.2014 г.', 1000),
	(169, 69, 'Услуги по поисковой оптимизации сайта www.qvad.ru в период с 01ноября 2013 г. по 310 ноября 2013 г.', 6863),
	(170, 70, 'За услуги по обслуживанию сайта www.megalada.com за ноябрь 2013 г.', 3000),
	(178, 71, 'Оплата за ежемесячное обслуживание сайта www.sampak.ru за ноябрь 2013 г.', 4000),
	(317, 72, 'Услуги по ежемесячному обслуживанию сайта www.bearing-pi.ru за ноябрь 2013 г.', 4000),
	(174, 73, 'Оплата за ежемесячное обслуживание и техническую поддержку сайта http://www.elbanking.ru/ за ноябрь 2013 г.', 12000),
	(179, 74, '111', 1),
	(190, 75, 'Разработка справочно-информационного сайта. Выполнено: 1 из 4 частей проекта.', 42500),
	(191, 76, 'Разработка справочно-информационного сайта. Выполнено: 2 из 4 частей проекта.', 42500),
	(182, 77, 'Разработка справочно-информационного сайта. Выполнено: 3 из 4 частей проекта.', 42500),
	(192, 78, 'Разработка справочно-информационного сайта. Выполнено: 3 из 4 частей проекта.', 42500),
	(278, 79, 'Доработка рассылки сайта www.bilettlt.ru', 4600),
	(195, 80, 'Оплата работ по доработке сайта www.samtrans.ru', 41600),
	(196, 81, 'За ведение контекстной рекламы в Яндекс.Директ', 9000),
	(197, 82, 'Продвижение сайта www.samtrans.ru в период с 13.06.2013 г. по 13.07.2013 г.', 7100),
	(295, 83, 'Разработка дизайна страниц для портала "Автобитва"', 68000),
	(199, 84, 'За ведение рекламной кампании в поисковой системе "Яндекс"', 24000),
	(261, 85, 'Ежемесячное обслуживание и техническую поддержка сайта http://www.elbanking.ru/ за декабрь 2013 г.', 12000),
	(201, 86, 'Регистрация доменного имени www.tiсketshop.su в период с 06.05.2013 г. по 06.05.2014 г. Предоставление хостингового пространства для сайта www.tiсketshop.su в период с 06.05.2013 г. по 06.05.2014 г.', 3600),
	(202, 87, 'За ведение рекламной кампании в поисковой системе "Яндекс"', 6000),
	(203, 88, 'Ежемесячное обслуживание сайта www.sampak.ru за декабрь 2013 г.', 4000),
	(204, 89, 'Предоставление хостингового пространства и продление регистрации доменного имениwww.sampak.ru в период с 28.12.2013 г. по 27.12.2014 г.', 3600),
	(205, 90, 'Ежемесячное обслуживание сайта www.bearing-pi.ru за декабрь 2013 г.', 4000),
	(253, 91, '1', 1000),
	(237, 111, 'За ежемесячное обслуживание и техническую поддержку сайта http://www.elbanking.ru/ за январь 2014 г.', 12000),
	(209, 92, 'За услуги по обслуживанию сайта www.megalada.com за декабрь 2013 г.', 3000),
	(211, 93, 'Продвижение сайта www.samtrans.ru в период с 13.05.2013 г. по 13.06.2013 г.', 8900),
	(240, 94, 'Разработка мобильного приложения для ресторана "Гедза"', 37500),
	(213, 95, 'Разработка мобильного приложения для ресторана "Гедза"', 75000),
	(215, 96, 'Услуги по поисковой оптимизации сайта www.qvad.ru в период с декабря 2013 г. по 28 декабря 2013 г.', 6030),
	(216, 97, 'Доработка сайта agronom.ru', 24000),
	(217, 98, 'Доработки по сайту agronom.ru', 18400),
	(218, 99, 'Разработка бланков для рассылки', 4160),
	(219, 100, 'Программная разработка сайта agronom.ru', 71800),
	(220, 101, 'Продление регистрации домена и доменного пространства для сайта http://www.shtany-club.ru/, в период с 20.08.2013 по 19.08.2014 г.', 3600),
	(221, 102, 'Оплата за разработку дизайн-макетов сайта', 68000),
	(294, 103, 'Предоплата за программирование портала "Автобитва"', 47190),
	(223, 104, 'Предоставление хостингового пространства для сайта www.avangardcars.ru с 13.05.2013 г. по 13.05.2014 г.', 2600),
	(224, 105, 'Установка новой системы управления сайтом', 25200),
	(225, 106, 'За ведение контекстной рекламы в Яндекс.Директ', 3000),
	(226, 107, 'Продление регистрации домена http://www.fk100.ru/ и предоставление хостингового пространства, в период с 06.09.2013 г. по 05.09.2014 г.', 3600),
	(228, 108, 'Оказание интернет-услуг по доработке сайта www.premiera73.ru', 22000),
	(230, 109, 'За ведение рекламной кампании в поисковой системе "Яндекс"', 3000),
	(231, 110, 'Обновление системы управления контентом на сайте http://shagushina.ru/', 3100),
	(239, 112, 'Разработка мобильного приложения для ресторана "Гедза"', 37500),
	(249, 113, 'За услуги по обслуживанию сайта www.megalada.com за январь 2014 г.', 3000),
	(251, 114, 'За ежемесячное обслуживание сайта www.sampak.ru за январь 2014 г.', 4000),
	(252, 115, 'За ежемесячное обслуживание сайта www.bearing-pi.ru за январь 2014 г.', 4000),
	(245, 116, 'Выполнение 3-х этапов работ из 4-х, на сайте www.nadomesto.ru', 127500),
	(247, 117, 'За ведение контекстной рекламы в Яндекс.Директ.', 6000),
	(254, 118, 'Доработка сайта', 2000),
	(264, 119, 'Услуги по поисковой оптимизации сайта www.qvad.ru в период с 01 января 2014 г. по 31 января 2014 г.', 4505),
	(265, 120, 'Работа с заявками на технологическое присоединение', 1),
	(266, 120, 'Механиз входа в раздел «Работа с заявками" посредством ввода СНИЛС, ОГРН + ИНН', 1),
	(267, 120, 'Кнопка «Добавить заявку ТП» и таблица мониторинга событий процесса', 1),
	(268, 120, 'Переход к форме онлайн заявки.', 1),
	(269, 120, 'Форма онлайн заявки', 1),
	(270, 120, 'Дополнительные поля в форме онлайн заявки', 1),
	(271, 120, 'Необязательное поле примечание', 1),
	(272, 120, 'Возможность прикрепления файлов к форме онлайн заявки', 1),
	(273, 120, 'Механизм отправки заявки', 1),
	(274, 120, 'Программа выполнения предварительной проверки заполнения всех реквизитов заявки', 1),
	(275, 120, 'Контроля процесса обработки заявки сетевой организацией, заявитель должен иметь возможность мониторинга (в личном кабинете в разделе «Работа с заявками на технологическое присоединение») событий обработки его заявки в виде таблицы. Сетевая организация дол', 1),
	(276, 121, 'Создание формы в маркетинговых отчётах, исправление ошибки в архиве платных материалов, подключение соцкнопок, ротация видео-анонса, установка Яндекс.Метрики, повышение скорости загрузки новостей, замена картинки для поисковиков, доработка рассылки', 4000),
	(281, 122, 'Разработка автоматического формирования репертуарника на сайте www.bilettlt.ru', 23660),
	(288, 123, 'За услуги по обслуживанию сайта www.megalada.com за февраль 2014 г.', 3000),
	(314, 124, 'Услуги по обслуживанию сайта www.bearing-pi.ru за февраль 2014 г.', 4000),
	(292, 125, 'Предоплата за ежемесячное обслуживание сайта www.sampak.ru за март 2014 г.', 4000),
	(291, 126, 'Услуги по поисковой оптимизации сайта www.qvad.ru за февраль 2014 г.', 6105),
	(293, 127, 'Разработка рекламного блока на сайте www.tlhl.ru, февраль 2014 г.', 5000),
	(296, 128, 'Оплата за программирование сайта "Автобитва"', 47190),
	(297, 129, 'Доработка личного кабинета на сайте http://электросеть-тольятти.рф/', 44000),
	(298, 130, 'Доработка личного кабинета на сайте http://электросеть-тольятти.рф/', 44000),
	(302, 131, 'За ежемесячное обслуживание и техническую поддержку сайта http://www.elbanking.ru/ за февраль 2014 г.', 12000),
	(301, 132, 'За ежемесячное обслуживание и техническую поддержку сайта http://www.elbanking.ru/ за февраль 2014 г.', 12000),
	(306, 133, 'Дизайн и программная доработка сайта http://fk100.ru/', 4425),
	(305, 133, 'Наполнение каталога продукции "Полуфабрикаты " и "Рыба" на сайте http://fk100.ru/', 11430),
	(307, 134, 'Разработка рекламного блока на сайте www.tlhl.ru, март 2014.', 5000),
	(308, 135, 'За услуги по обслуживанию сайта www.megalada.com за март 2014 г.', 3000),
	(310, 136, 'Оплата за ежемесячное обслуживание и техническую поддержку сайта http://www.elbanking.ru/ за март 2014 г', 12000),
	(315, 137, 'Услуги по ежемесячному обслуживанию сайта www.bearing-pi.ru за март 2014 г.', 4000),
	(312, 138, 'Оплата за ежемесячное обслуживание сайта www.sampak.ru за март 2014 г.', 4000),
	(313, 139, 'Услуги по поисковой оптимизации сайта www.qvad.ru за март 2014 г.', 4979),
	(318, 140, 'Оплата за создание сайта http://www.shtany-club.ru/', 75000),
	(320, 141, 'Разработка сайта www.lada-sport.ru', 200800),
	(321, 142, 'Размещение сайта http://pro100.fabrika-krasok.net/ на хостинге в период с 28.03.2014 г. по 28.03.2015 г.', 3600),
	(322, 143, 'Размещение сайта http://pro100.fabrika-krasok.net/ на хостинге в период с 28.03.2014 г. по 28.03.2015 г.', 3600),
	(323, 144, 'Продление домена фабрика-красок.рф и размещение на хостинг-площадке, сроком на 1 год.', 3600),
	(325, 145, 'Продление домена фабрика-красок.рф и размещение на хостинг-площадке, сроком на 1 год.', 3600),
	(337, 146, 'Оплата работ по доработке системы http://feedback.rosinter.ru/', 48000),
	(327, 147, 'За услуги по ежемесячному обслуживанию сайта www.sampak.ru за апрель 2014 г.', 4000),
	(328, 148, 'За услуги по ежемесячному обслуживанию сайта www.bearing-pi.ru за апрель 2014 г.', 4000),
	(329, 149, 'За ежемесячное обслуживание и техническую поддержку сайта http://www.elbanking.ru/ за апрель 2014 г', 12000),
	(330, 150, 'За услуги по обслуживанию сайта www.megalada.com за апрель 2014 г.', 3000),
	(331, 151, 'Услуги по поисковой оптимизации сайта www.qvad.ru за апрель 2014 г.', 5075),
	(332, 152, 'Разработка формы обратной связи в разделе "Получение результатов опроса" на сайте http://www.autostat.ru/', 4500),
	(338, 153, 'Доработка формы обратной связи на английской версии сайта http://rosinter.ru/', 1800),
	(342, 154, 'Разработка сайта для компании "МФарм"', 72500),
	(340, 155, 'Разработка дизайн-макетов сайта', 8000),
	(360, 156, 'Предоплата за ежемесячное обслуживание и техническую поддержку сайта www.megalada.com за май 2014 г', 3000),
	(347, 157, 'Ежемесячное обслуживание сайта www.sampak.ru за май 2014 г.', 4000),
	(345, 158, 'Ежемесячное обслуживание сайта www.bearing-pi.ru за май 2014 г', 4000),
	(346, 159, 'Услуги по поисковой оптимизации сайта www.qvad.ru за май 2014 г.', 4425),
	(351, 160, 'За ежемесячное обслуживание и техническую поддержку сайта http://www.elbanking.ru/ за май 2014 г', 12000),
	(352, 161, 'Переработка модуля "Регистрация на сайте"', 9000),
	(353, 162, 'За ежемесячное обслуживание и техническую поддержку сайта http://www.elbanking.ru/ за июнь 2014 г', 12000),
	(354, 163, 'За ежемесячное обслуживание и техническую поддержку сайта http://www.elbanking.ru/ за июнь 2014 г', 12000),
	(355, 164, 'Услуги по поисковой оптимизации сайта www.qvad.ru за июнь 2014 г.', 5205),
	(359, 165, 'За ежемесячное обслуживание и техническую поддержку сайта www.megalada.com за июнь 2014 г', 3000),
	(357, 166, 'За ежемесячное обслуживание сайта www.bearing-pi.ru за июнь 2014 г', 4000),
	(358, 167, 'За ежемесячное обслуживание сайта www.sampak.ru за июнь 2014 г.', 4000),
	(361, 168, 'Разработка прототипов дизайн-макетов для сайта.', 8500);
/*!40000 ALTER TABLE `crm_acts_details` ENABLE KEYS */;


-- Дамп структуры для таблица gildiya.crm.crm_admin
CREATE TABLE IF NOT EXISTS `crm_admin` (
  `id` int(11) NOT NULL AUTO_INCREMENT,
  `pass` varchar(32) NOT NULL,
  `fio` varchar(100) NOT NULL,
  `sex` tinyint(4) NOT NULL DEFAULT '1',
  `phone` varchar(10) NOT NULL DEFAULT '',
  `email` varchar(50) NOT NULL,
  `skype` varchar(100) NOT NULL,
  `birthday` date NOT NULL DEFAULT '0000-00-00',
  `post` varchar(100) NOT NULL,
  `group_id` int(11) NOT NULL DEFAULT '0',
  `lang_id` tinyint(1) NOT NULL DEFAULT '1',
  `is_active` tinyint(1) NOT NULL DEFAULT '1',
  `is_invate` tinyint(1) NOT NULL DEFAULT '0',
  `is_delete` tinyint(1) NOT NULL DEFAULT '0',
  `insert_time` timestamp NOT NULL DEFAULT CURRENT_TIMESTAMP,
  `last_login_time` timestamp NOT NULL DEFAULT '0000-00-00 00:00:00',
  `last_check_time` timestamp NOT NULL DEFAULT '0000-00-00 00:00:00',
  `update_time` timestamp NOT NULL DEFAULT '0000-00-00 00:00:00',
  `delete_time` timestamp NOT NULL DEFAULT '0000-00-00 00:00:00',
  PRIMARY KEY (`id`)
) ENGINE=MyISAM AUTO_INCREMENT=210 DEFAULT CHARSET=utf8;

-- Дамп данных таблицы gildiya.crm.crm_admin: 1 rows
/*!40000 ALTER TABLE `crm_admin` DISABLE KEYS */;
INSERT INTO `crm_admin` (`id`, `pass`, `fio`, `sex`, `phone`, `email`, `skype`, `birthday`, `post`, `group_id`, `lang_id`, `is_active`, `is_invate`, `is_delete`, `insert_time`, `last_login_time`, `last_check_time`, `update_time`, `delete_time`) VALUES
	(209, 'b8eb21ce1a096ac3a5a6ff7f856f9241', 'Сидоров', 1, '1111', 'roman@roman.ru', '', '0000-00-00', '', 1, 1, 1, 1, 0, '2016-11-01 07:31:51', '2016-11-01 06:35:00', '2016-11-01 15:37:50', '2016-11-01 16:37:50', '0000-00-00 00:00:00');
/*!40000 ALTER TABLE `crm_admin` ENABLE KEYS */;


-- Дамп структуры для таблица gildiya.crm.crm_admin_group
CREATE TABLE IF NOT EXISTS `crm_admin_group` (
  `id` int(11) NOT NULL AUTO_INCREMENT,
  `title` varchar(50) NOT NULL,
  `title_multi` varchar(255) NOT NULL,
  `is_delete` tinyint(1) NOT NULL DEFAULT '0',
  `insert_time` timestamp NOT NULL DEFAULT CURRENT_TIMESTAMP,
  `update_time` timestamp NOT NULL DEFAULT '0000-00-00 00:00:00',
  `delete_time` timestamp NOT NULL DEFAULT '0000-00-00 00:00:00',
  PRIMARY KEY (`id`)
) ENGINE=MyISAM AUTO_INCREMENT=10 DEFAULT CHARSET=utf8;

-- Дамп данных таблицы gildiya.crm.crm_admin_group: 2 rows
/*!40000 ALTER TABLE `crm_admin_group` DISABLE KEYS */;
INSERT INTO `crm_admin_group` (`id`, `title`, `title_multi`, `is_delete`, `insert_time`, `update_time`, `delete_time`) VALUES
	(1, 'Администратор', 'Администраторы', 0, '0000-00-00 00:00:00', '0000-00-00 00:00:00', '0000-00-00 00:00:00'),
	(2, 'Дилер', 'Дилеры', 0, '2013-07-17 12:54:14', '0000-00-00 00:00:00', '0000-00-00 00:00:00');
/*!40000 ALTER TABLE `crm_admin_group` ENABLE KEYS */;


-- Дамп структуры для таблица gildiya.crm.crm_admin_group_menu_map
CREATE TABLE IF NOT EXISTS `crm_admin_group_menu_map` (
  `admin_group_id` int(11) NOT NULL,
  `menu_id` int(11) NOT NULL,
  PRIMARY KEY (`admin_group_id`,`menu_id`)
) ENGINE=MyISAM DEFAULT CHARSET=utf8;

-- Дамп данных таблицы gildiya.crm.crm_admin_group_menu_map: 25 rows
/*!40000 ALTER TABLE `crm_admin_group_menu_map` DISABLE KEYS */;
INSERT INTO `crm_admin_group_menu_map` (`admin_group_id`, `menu_id`) VALUES
	(1, 1),
	(1, 3),
	(1, 4),
	(1, 5),
	(1, 6),
	(1, 7),
	(1, 8),
	(1, 15),
	(1, 16),
	(1, 17),
	(1, 18),
	(1, 19),
	(1, 20),
	(1, 21),
	(1, 22),
	(1, 23),
	(1, 24),
	(2, 1),
	(2, 7),
	(2, 9),
	(2, 10),
	(2, 11),
	(2, 12),
	(2, 13),
	(2, 14);
/*!40000 ALTER TABLE `crm_admin_group_menu_map` ENABLE KEYS */;


-- Дамп структуры для таблица gildiya.crm.crm_clients
CREATE TABLE IF NOT EXISTS `crm_clients` (
  `id` int(11) NOT NULL AUTO_INCREMENT,
  `call_manager_id` int(11) NOT NULL DEFAULT '0',
  `manager_id` int(11) NOT NULL DEFAULT '0',
  `title` varchar(255) NOT NULL,
  `title_full` varchar(255) NOT NULL,
  `phone` varchar(100) NOT NULL,
  `site` varchar(100) NOT NULL,
  `address_org` varchar(255) NOT NULL,
  `is_delete` tinyint(1) NOT NULL DEFAULT '0',
  `state_id` tinyint(4) NOT NULL DEFAULT '0',
  `insert_time` timestamp NOT NULL DEFAULT CURRENT_TIMESTAMP,
  `update_time` timestamp NOT NULL DEFAULT '0000-00-00 00:00:00',
  `delete_time` timestamp NOT NULL DEFAULT '0000-00-00 00:00:00',
  PRIMARY KEY (`id`),
  KEY `owner_id` (`call_manager_id`),
  KEY `manager_id` (`manager_id`),
  KEY `call_manager_id` (`call_manager_id`,`is_delete`),
  KEY `title` (`title`)
) ENGINE=MyISAM DEFAULT CHARSET=utf8;

-- Дамп данных таблицы gildiya.crm.crm_clients: 0 rows
/*!40000 ALTER TABLE `crm_clients` DISABLE KEYS */;
/*!40000 ALTER TABLE `crm_clients` ENABLE KEYS */;


-- Дамп структуры для таблица gildiya.crm.crm_clients_actions
CREATE TABLE IF NOT EXISTS `crm_clients_actions` (
  `id` int(11) NOT NULL AUTO_INCREMENT,
  `title` varchar(255) NOT NULL,
  `sort` int(11) NOT NULL DEFAULT '0',
  PRIMARY KEY (`id`)
) ENGINE=MyISAM AUTO_INCREMENT=5 DEFAULT CHARSET=utf8;

-- Дамп данных таблицы gildiya.crm.crm_clients_actions: 3 rows
/*!40000 ALTER TABLE `crm_clients_actions` DISABLE KEYS */;
INSERT INTO `crm_clients_actions` (`id`, `title`, `sort`) VALUES
	(1, 'Закрыть', 1),
	(2, 'Перезвонить', 0),
	(3, 'Передать', 2);
/*!40000 ALTER TABLE `crm_clients_actions` ENABLE KEYS */;


-- Дамп структуры для таблица gildiya.crm.crm_clients_actions_map
CREATE TABLE IF NOT EXISTS `crm_clients_actions_map` (
  `id` int(11) NOT NULL AUTO_INCREMENT,
  `client_id` int(11) NOT NULL DEFAULT '0',
  `action_id` int(11) NOT NULL DEFAULT '0',
  `contact_id` int(11) NOT NULL DEFAULT '0',
  `owner_id` int(11) NOT NULL DEFAULT '0',
  `is_send_kp` tinyint(1) NOT NULL DEFAULT '0',
  `recall_time` timestamp NOT NULL DEFAULT '0000-00-00 00:00:00',
  `call_time` timestamp NOT NULL DEFAULT '0000-00-00 00:00:00',
  `insert_time` timestamp NOT NULL DEFAULT CURRENT_TIMESTAMP,
  `comment` text NOT NULL,
  PRIMARY KEY (`id`)
) ENGINE=MyISAM DEFAULT CHARSET=utf8;

-- Дамп данных таблицы gildiya.crm.crm_clients_actions_map: 0 rows
/*!40000 ALTER TABLE `crm_clients_actions_map` DISABLE KEYS */;
/*!40000 ALTER TABLE `crm_clients_actions_map` ENABLE KEYS */;


-- Дамп структуры для таблица gildiya.crm.crm_clients_contacts
CREATE TABLE IF NOT EXISTS `crm_clients_contacts` (
  `id` int(11) NOT NULL AUTO_INCREMENT,
  `client_id` int(11) NOT NULL DEFAULT '0',
  `fio` varchar(255) NOT NULL,
  `post` varchar(255) NOT NULL,
  `phone` varchar(255) NOT NULL,
  `email` varchar(255) NOT NULL,
  `is_delete` tinyint(1) NOT NULL DEFAULT '0',
  `insert_time` timestamp NOT NULL DEFAULT CURRENT_TIMESTAMP,
  `update_time` timestamp NOT NULL DEFAULT '0000-00-00 00:00:00',
  `delete_time` timestamp NOT NULL DEFAULT '0000-00-00 00:00:00',
  PRIMARY KEY (`id`)
) ENGINE=MyISAM DEFAULT CHARSET=utf8;

-- Дамп данных таблицы gildiya.crm.crm_clients_contacts: 0 rows
/*!40000 ALTER TABLE `crm_clients_contacts` DISABLE KEYS */;
/*!40000 ALTER TABLE `crm_clients_contacts` ENABLE KEYS */;


-- Дамп структуры для таблица gildiya.crm.crm_clients_states
CREATE TABLE IF NOT EXISTS `crm_clients_states` (
  `id` int(11) NOT NULL,
  `title` varchar(100) NOT NULL,
  PRIMARY KEY (`id`)
) ENGINE=MyISAM DEFAULT CHARSET=utf8;

-- Дамп данных таблицы gildiya.crm.crm_clients_states: 0 rows
/*!40000 ALTER TABLE `crm_clients_states` DISABLE KEYS */;
/*!40000 ALTER TABLE `crm_clients_states` ENABLE KEYS */;


-- Дамп структуры для таблица gildiya.crm.crm_comments
CREATE TABLE IF NOT EXISTS `crm_comments` (
  `id` int(11) NOT NULL AUTO_INCREMENT,
  `mid` int(11) NOT NULL DEFAULT '0',
  `pid` int(11) NOT NULL DEFAULT '0',
  `reply_id` int(11) NOT NULL DEFAULT '0',
  `user_id` int(11) NOT NULL DEFAULT '0',
  `text` text NOT NULL,
  `level` int(11) NOT NULL DEFAULT '0',
  `sort` int(11) NOT NULL DEFAULT '0',
  `is_delete` tinyint(1) NOT NULL DEFAULT '0',
  `insert_time` timestamp NOT NULL DEFAULT CURRENT_TIMESTAMP,
  `update_time` timestamp NOT NULL DEFAULT '0000-00-00 00:00:00',
  `delete_time` timestamp NOT NULL DEFAULT '0000-00-00 00:00:00',
  PRIMARY KEY (`id`),
  KEY `mid` (`mid`,`pid`,`sort`)
) ENGINE=MyISAM DEFAULT CHARSET=utf8;

-- Дамп данных таблицы gildiya.crm.crm_comments: 0 rows
/*!40000 ALTER TABLE `crm_comments` DISABLE KEYS */;
/*!40000 ALTER TABLE `crm_comments` ENABLE KEYS */;


-- Дамп структуры для таблица gildiya.crm.crm_dealers
CREATE TABLE IF NOT EXISTS `crm_dealers` (
  `id` int(11) NOT NULL AUTO_INCREMENT,
  `title` varchar(255) NOT NULL,
  `phones` text NOT NULL,
  `site` varchar(255) NOT NULL,
  `admin_id` int(11) NOT NULL DEFAULT '0',
  `is_delete` tinyint(1) NOT NULL DEFAULT '0',
  `insert_time` timestamp NOT NULL DEFAULT CURRENT_TIMESTAMP,
  `update_time` timestamp NOT NULL DEFAULT '0000-00-00 00:00:00',
  `delete_time` timestamp NOT NULL DEFAULT '0000-00-00 00:00:00',
  PRIMARY KEY (`id`),
  KEY `call_manager_id` (`is_delete`),
  KEY `title` (`title`)
) ENGINE=MyISAM AUTO_INCREMENT=191 DEFAULT CHARSET=utf8;

-- Дамп данных таблицы gildiya.crm.crm_dealers: 190 rows
/*!40000 ALTER TABLE `crm_dealers` DISABLE KEYS */;
INSERT INTO `crm_dealers` (`id`, `title`, `phones`, `site`, `admin_id`, `is_delete`, `insert_time`, `update_time`, `delete_time`) VALUES
	(1, 'Центр Моторс', '8 (861) 297 07 07', 'www.krasnodar.lada.ru/', 10, 0, '2014-08-21 12:02:18', '0000-00-00 00:00:00', '0000-00-00 00:00:00'),
	(2, 'Русь-Авто', '8 (8652) 39 10 10', 'www.rus-auto.lada.ru/', 11, 0, '2014-08-21 12:02:18', '0000-00-00 00:00:00', '0000-00-00 00:00:00'),
	(3, 'МРО ТЕХИНКОМ', '8 (495) 778 98 50', 'www.techincom.lada.ru/', 12, 0, '2014-08-21 12:02:18', '0000-00-00 00:00:00', '0000-00-00 00:00:00'),
	(4, 'Лидер Авто', '8 (928) 888 56 56', 'www.lider-avto95.lada.ru/', 13, 0, '2014-08-21 12:02:18', '0000-00-00 00:00:00', '0000-00-00 00:00:00'),
	(5, 'Атлантик Лада', '8 (343) 333 73 77', 'www.atlantic.lada.ru/', 14, 0, '2014-08-21 12:02:18', '0000-00-00 00:00:00', '0000-00-00 00:00:00'),
	(6, 'КАН-АВТОВАЗ', 'Автосалон: 8 (843) 230 30 30 \r\nСервис: 8 (843) 230 20 20 \r\nГарантийное обслуживание: 8 (843) 230 20 20', 'www.kan-avto.lada.ru/', 15, 0, '2014-08-21 12:02:18', '0000-00-00 00:00:00', '0000-00-00 00:00:00'),
	(7, 'Автопрофиль', '8 (831) 2-000-000', 'www.agat-lada.ru', 16, 0, '2014-08-21 12:02:18', '0000-00-00 00:00:00', '0000-00-00 00:00:00'),
	(8, 'Техцентр Север Авто', '8 (8332) 70 30 90', 'www.tsa-kirov.lada.ru/', 17, 0, '2014-08-21 12:02:18', '0000-00-00 00:00:00', '0000-00-00 00:00:00'),
	(9, 'Кристалл', 'Автосалон: 8 (863) 200 09 20, 8 (988) 549 40 11 \r\nСервис: 8 (863) 200 09 22', 'www.kristall.lada.ru/', 18, 0, '2014-08-21 12:02:18', '0000-00-00 00:00:00', '0000-00-00 00:00:00'),
	(10, 'Курск-Лада', '8 (4712) 57 07 07', 'www.kursk.lada.ru/', 19, 0, '2014-08-21 12:02:18', '0000-00-00 00:00:00', '0000-00-00 00:00:00'),
	(11, 'Авторевю', '8 (863) 297 55 55', 'www.ar.lada.ru', 20, 0, '2014-08-21 12:02:18', '0000-00-00 00:00:00', '0000-00-00 00:00:00'),
	(12, 'Фаворит', '8 (812) 327 00 00', 'www.dacar.lada.ru/', 21, 0, '2014-08-21 12:02:18', '0000-00-00 00:00:00', '0000-00-00 00:00:00'),
	(13, 'Автоцентр Авторезерв', '8 (495) 785 46 41', 'www.autorezerv.com/', 22, 0, '2014-08-21 12:02:18', '0000-00-00 00:00:00', '0000-00-00 00:00:00'),
	(14, 'Лада Центр', '8 (391) 282 42 42', 'www.ladacentr24.lada.ru/', 23, 0, '2014-08-21 12:02:18', '0000-00-00 00:00:00', '0000-00-00 00:00:00'),
	(15, 'Бугач Авто', 'Автосалон: 8 (391) 268 38 68, 8 (391) 268 28 82 \r\nГарантийное обслуживание: 8 (391) 268 37 16 \r\nСервис: 8 (391) 268 25 80, 8 (391) 268 31 28 \r\nАвтозапчасти: 8 (391) 268 33 69', 'www.bugach-auto.lada.ru/', 24, 0, '2014-08-21 12:02:18', '0000-00-00 00:00:00', '0000-00-00 00:00:00'),
	(16, 'Темп-Авто Кубань', '8 (861) 212 51 51', 'www.temp-avto-kuban.lada.ru/', 25, 0, '2014-08-21 12:02:18', '0000-00-00 00:00:00', '0000-00-00 00:00:00'),
	(17, 'Воронеж-Авто-Сити', '8 (473) 200 80 08', 'www.voronezh-avto-city.lada.ru/', 26, 0, '2014-08-21 12:02:18', '0000-00-00 00:00:00', '0000-00-00 00:00:00'),
	(18, 'Техно-Темп', '8 (861) 279 45 45', 'www.tehno-temp.lada.ru/', 27, 0, '2014-08-21 12:02:18', '0000-00-00 00:00:00', '0000-00-00 00:00:00'),
	(19, 'Инкомсервис-Магнитогорск', 'Автосалон: 8 (3519) 39 55 50, 8 (3519) 41 38 06 \r\nСервис: 8 (3519) 39 55 50 (доб. 2), 8 (3519) 41 38 08\r\nАвтозапчасти: 8 (3519) 39 55 50 (доб. 4) \r\nГарантийное обслуживание: 8 (3519) 39 55 50 (доб. 3), 8 (3519) 39-55-50', 'www.inkomservis-m.lada.ru', 28, 0, '2014-08-21 12:02:18', '0000-00-00 00:00:00', '0000-00-00 00:00:00'),
	(20, 'Автоцентр', '8 (383) 373 10 10', 'www.avtocenter-nsk.lada.ru/', 29, 0, '2014-08-21 12:02:18', '0000-00-00 00:00:00', '0000-00-00 00:00:00'),
	(21, 'АвтоРай', '8 (8422) 27 12 12\r\n8 (8422) 27 11 11\r\n\r\nДилерский центр работает:\r\nпо будням - с 8.00 до 20.00,\r\nсб: с 9.00 до 19.00.\r\nвс: с 9.00 до 18.00.\r\n\r\nСтанция техобслуживания готова принять Ваш автомобиль на ремонт и регламентное ТО:\r\nв будние дни - с 7.30 до 20.00\r\nв субботу - с 7.30 до 19.00\r\nв воскресенье - с 8.00 до 18.00', 'www.avtoray.lada.ru', 30, 0, '2014-08-21 12:02:18', '0000-00-00 00:00:00', '0000-00-00 00:00:00'),
	(22, 'Уральский Технический Центр', '8 (351) 222 01 00', 'www.utc.lada.ru/', 31, 0, '2014-08-21 12:02:18', '0000-00-00 00:00:00', '0000-00-00 00:00:00'),
	(23, 'АВТОКОМПЛЕКС', '8 (495) 933 34 44', 'www.autocompleks.lada.ru', 32, 0, '2014-08-21 12:02:18', '0000-00-00 00:00:00', '0000-00-00 00:00:00'),
	(24, 'Липецк Викинги', 'Автосалон: 8 (4742) 52 20 01, 8 (4742) 52 20 02, 8 (4742) 36 74 44\r\nСервис: 8 (4742) 37 56 77', 'www.lipetsk-vikingi.lada.ru', 33, 0, '2014-08-21 12:02:18', '0000-00-00 00:00:00', '0000-00-00 00:00:00'),
	(25, 'П-сервис', '8 (8442) 31 97 77', 'www.p-servis.lada.ru/', 34, 0, '2014-08-21 12:02:18', '0000-00-00 00:00:00', '0000-00-00 00:00:00'),
	(26, 'Авто Кредит Центр', '8 (85557) 94444', 'www.elabuga.lada.ru', 35, 0, '2014-08-21 12:02:18', '0000-00-00 00:00:00', '0000-00-00 00:00:00'),
	(27, 'Альтернатива', 'Автосалон: 8 (8553) 43 05 05 \r\nСервис: 8 (8553) 43 11 44, 8 (8553) 37 11 77 \r\nАвтозапчасти: 8 (8553) 43 19 79 \r\nАвтомойка: 8 (8553) 37 11 76', 'www.alternativa.lada.ru/', 36, 0, '2014-08-21 12:02:18', '0000-00-00 00:00:00', '0000-00-00 00:00:00'),
	(28, 'Калуга-Лада', 'Автосалон: 8 (4842) 79 11 11 \r\nСервис: 8 (4842) 79 49 00', 'www.kaluga.lada.ru/', 37, 0, '2014-08-21 12:02:18', '0000-00-00 00:00:00', '0000-00-00 00:00:00'),
	(29, 'КавВАЗинтерСервис', 'Автосалон: 8 (87935) 37681 \r\nСервис: 8 (87935) 37079 \r\nГарантийное обслуживание: 8 (87935) 37074 \r\nПриемная: 8 (87935) 37073', 'www.kavvaz.lada.ru/', 38, 0, '2014-08-21 12:02:18', '0000-00-00 00:00:00', '0000-00-00 00:00:00'),
	(30, 'Сильвер-Авто Групп', '8 (3519) 58 11 77', 'www.magnitogorsk.lada.ru/', 39, 0, '2014-08-21 12:02:18', '0000-00-00 00:00:00', '0000-00-00 00:00:00'),
	(31, 'ПФ ТрансТехСервис-3', 'Автосалон: 8 (8552) 39 24 24\r\nСервис: 8 (8552) 39 01 01', 'www.tts3.lada.ru/', 40, 0, '2014-08-21 12:02:18', '0000-00-00 00:00:00', '0000-00-00 00:00:00'),
	(32, 'Пенза-Авто', 'Автосалон: 8 (8412) 90 90 90, 8 (8412) 90 88 17 \r\nГарантийное обслуживание: 8 (8412) 21 77 12', 'www.penza-avto.lada.ru/', 41, 0, '2014-08-21 12:02:18', '0000-00-00 00:00:00', '0000-00-00 00:00:00'),
	(33, 'Горячеводск', 'Автосалон: 8 (8793) 31 76 31\r\nСТО: 8 (938) 303 90 60', 'www.5gor.lada.ru', 42, 0, '2014-08-21 12:02:18', '0000-00-00 00:00:00', '0000-00-00 00:00:00'),
	(34, 'Ростов-Лада', 'Автосалон: 8 (863) 200 66 66 \r\nСервис: 8 (863) 200 66 66 (доб. 153) \r\nАвтозапчасти: 8 (863) 200 66 66 (доб. 133)', 'www.rostov.lada.ru/', 43, 0, '2014-08-21 12:02:18', '0000-00-00 00:00:00', '0000-00-00 00:00:00'),
	(35, 'Диал-Авто', 'Автосалон: 8 (8352) 22 01 20\r\nСервис: 8 (8352) 23 01 20', 'www.dialavto.lada.ru/', 44, 0, '2014-08-21 12:02:18', '0000-00-00 00:00:00', '0000-00-00 00:00:00'),
	(36, 'Тест', '', 'test.ru', 48, 0, '2014-08-27 13:19:46', '0000-00-00 00:00:00', '2014-09-03 10:15:04'),
	(37, 'МРО "ТЕХИНКОМ"', '8 (495) 974-37-47', 'www.techincom.ru/', 49, 1, '2014-09-03 10:32:22', '0000-00-00 00:00:00', '2014-09-03 10:54:22'),
	(38, 'Яхрома-Лада', '8 (495) 229 4 229', 'www.yahroma-lada.ru/', 50, 0, '2014-09-03 10:51:41', '0000-00-00 00:00:00', '0000-00-00 00:00:00'),
	(39, 'Авалон', '+7 (4722) 35-73-73', 'www.lada-belgorod.ru', 51, 0, '2014-09-03 10:56:49', '0000-00-00 00:00:00', '0000-00-00 00:00:00'),
	(40, 'АвтоГЕРМЕС Запад', '+7 (495) 221 22 87', 'www.avtogermes.ru/', 52, 0, '2014-09-03 11:00:07', '0000-00-00 00:00:00', '0000-00-00 00:00:00'),
	(41, 'АвтоТракт ЛАДА', '+7 (4922) 453309', 'www.lada33.ru/', 53, 0, '2014-09-03 11:07:28', '0000-00-00 00:00:00', '0000-00-00 00:00:00'),
	(42, 'Иркутск-АВТОВАЗ', '+7 (3952) 75 40 75', 'www.irkutsk.lada.ru/', 54, 0, '2014-09-03 11:10:46', '0000-00-00 00:00:00', '0000-00-00 00:00:00'),
	(43, 'Каспий-Лада', '+7 (87246) 5 20 13', 'www.kaspiy.lada.ru/', 55, 0, '2014-09-03 11:13:25', '0000-00-00 00:00:00', '0000-00-00 00:00:00'),
	(44, 'ВЧ Сервис', '+7 (4862) 72-66-14, +7 (4862) 444-900', 'www.vchservis.lada.ru/', 56, 0, '2014-09-03 11:17:27', '0000-00-00 00:00:00', '0000-00-00 00:00:00'),
	(45, 'АМК Екатеренбург', '+7 (343) 211 10 00', 'www.amk-ekt.lada.ru/', 57, 0, '2014-09-03 11:19:49', '0000-00-00 00:00:00', '0000-00-00 00:00:00'),
	(46, 'Автоэкспресс-Плюс', '+7 (4932) 31 00 00', 'www.avtoexpress.lada.ru/', 58, 0, '2014-09-03 11:28:17', '0000-00-00 00:00:00', '0000-00-00 00:00:00'),
	(47, 'Брянск-Лада', '+7 (4832) 55 55 55', 'www.bryansk.lada.ru/', 59, 0, '2014-09-03 11:30:17', '0000-00-00 00:00:00', '0000-00-00 00:00:00'),
	(48, 'Самара-Лада', '+7 (846) 331 00 00 (доб.3265)', 'www.samara.lada.ru/', 60, 0, '2014-09-03 11:34:38', '0000-00-00 00:00:00', '0000-00-00 00:00:00'),
	(49, 'Смоленск - Лада', '+7 (4812) 70 77 07', 'www.smolensk.lada.ru/', 61, 0, '2014-09-03 11:36:33', '0000-00-00 00:00:00', '0000-00-00 00:00:00'),
	(50, 'Шахты-Лада', '+7 (8636) 28 28 78', 'www.shahty.lada.ru/', 62, 0, '2014-09-03 11:47:16', '0000-00-00 00:00:00', '0000-00-00 00:00:00'),
	(51, 'Автосалон Люкс', '+7 (8722) 671-707', 'www.avtosalonlux-05.lada.ru', 63, 0, '2014-09-03 12:00:16', '0000-00-00 00:00:00', '0000-00-00 00:00:00'),
	(52, 'ПТФ "Лада-Маркет"', '+7 (8452) 55 91 11', 'www.lada-market.lada.ru/', 64, 0, '2014-09-03 12:09:40', '0000-00-00 00:00:00', '0000-00-00 00:00:00'),
	(53, 'Сура-Моторс-авто', '+7 (8412) 20 04 94', 'www.sura-motors.lada.ru/', 65, 0, '2014-09-03 12:12:14', '0000-00-00 00:00:00', '0000-00-00 00:00:00'),
	(54, 'Нефтетранссервис', '+7 (86146) 2 49 13', 'www.nts23.lada.ru/', 66, 0, '2014-09-03 12:18:11', '0000-00-00 00:00:00', '0000-00-00 00:00:00'),
	(55, 'Патриот ТД', '+7 (4852) 98 17 25', 'www.patriot.lada.ru/', 67, 1, '2014-09-03 12:34:14', '0000-00-00 00:00:00', '2014-09-03 12:35:05'),
	(56, 'Патриот ТД', '+7 (4852) 98 17 25', 'www.patriot.lada.ru/', 68, 0, '2014-09-03 12:36:10', '0000-00-00 00:00:00', '0000-00-00 00:00:00'),
	(57, 'Одас', '+7 (342) 214 84 00', 'www.brightpark.lada.ru/', 69, 0, '2014-09-03 12:39:56', '0000-00-00 00:00:00', '0000-00-00 00:00:00'),
	(58, 'Вектор', '+7 (8555) 32 31 31', 'www.armada.lada.ru/', 70, 0, '2014-09-03 12:44:25', '0000-00-00 00:00:00', '0000-00-00 00:00:00'),
	(59, 'АвтоТехИнвест', '+7 (495) 971 18 81', 'www.ati.lada.ru', 71, 0, '2014-09-03 12:49:22', '0000-00-00 00:00:00', '0000-00-00 00:00:00'),
	(60, 'Юникор', '+7 (8313) 25 33 33', 'www.unikor.lada.ru/', 72, 0, '2014-09-03 13:01:30', '0000-00-00 00:00:00', '0000-00-00 00:00:00'),
	(61, 'Прайм-Авто', '+7 (4872) 25 05 50', 'www.rostula.lada.ru/', 73, 0, '2014-09-03 13:04:03', '0000-00-00 00:00:00', '0000-00-00 00:00:00'),
	(62, 'ТД Агат-Авто', '+7 (8442) 26 01 26', 'www.agat.lada.ru/', 74, 0, '2014-09-03 13:06:56', '0000-00-00 00:00:00', '0000-00-00 00:00:00'),
	(63, 'Гарант', '+7 (3812) 53 77 97', 'www.centrauto55.lada.ru/', 75, 0, '2014-09-03 13:11:11', '0000-00-00 00:00:00', '0000-00-00 00:00:00'),
	(64, 'ТЛ-Авто', '+7 (8793) 32 85 85', 'www.tl-auto.lada.ru/', 76, 0, '2014-09-03 13:16:12', '0000-00-00 00:00:00', '0000-00-00 00:00:00'),
	(65, 'Автолюбитель', '+7 (86372) 5 71 77', 'www.salsk61.lada.ru', 77, 0, '2014-09-03 13:22:15', '0000-00-00 00:00:00', '0000-00-00 00:00:00'),
	(66, 'Автоцентр "ИНТЕР"', '+7 (85594) 9 40 54', 'www.inter.lada.ru/', 78, 0, '2014-09-03 13:27:19', '0000-00-00 00:00:00', '0000-00-00 00:00:00'),
	(67, 'ТТЦ "Автомаркет"', '+7 (4832) 36 63 66', 'www.ttc-auto.lada.ru/', 79, 0, '2014-09-03 13:30:55', '0000-00-00 00:00:00', '0000-00-00 00:00:00'),
	(68, 'Тамбов-Авто-Сити', '+7 (4752) 73 91 00', 'www.tambov-avto.lada.ru/', 80, 0, '2014-09-03 13:33:27', '0000-00-00 00:00:00', '0000-00-00 00:00:00'),
	(69, 'Башавтоком-В', '+7 (347) 246 06 00', 'www.bashauto.lada.ru/', 81, 0, '2014-09-03 13:35:58', '0000-00-00 00:00:00', '0000-00-00 00:00:00'),
	(70, 'Элга-Сибирь', '+7 (3843) 20 00 76', 'www.zapsib.lada.ru/', 82, 0, '2014-09-03 13:39:35', '0000-00-00 00:00:00', '0000-00-00 00:00:00'),
	(71, 'Диалог Инвест', '+7 (8672) 51 50 11', 'www.dialoginvest.lada.ru/', 83, 0, '2014-09-05 06:43:35', '0000-00-00 00:00:00', '0000-00-00 00:00:00'),
	(72, 'Аура Тольятти', '+7 (8482) 37 00 00', 'aura.lada.ru', 84, 0, '2014-09-05 06:46:17', '0000-00-00 00:00:00', '0000-00-00 00:00:00'),
	(73, 'Аура Автодом Стерлитамак', '+7 (3473) 43 40 03', 'www.autodom.lada.ru/', 85, 0, '2014-09-05 06:48:53', '0000-00-00 00:00:00', '0000-00-00 00:00:00'),
	(74, 'Аура Автодом Салават', '+7 (3476) 35 37 70', 'www.autodom.lada.ru/', 86, 0, '2014-09-05 06:51:20', '0000-00-00 00:00:00', '0000-00-00 00:00:00'),
	(75, 'ТСС Кавказ', '+7 (8793) 38 37 34', 'www.26.lada.ru/', 87, 0, '2014-09-05 06:56:18', '0000-00-00 00:00:00', '0000-00-00 00:00:00'),
	(76, 'Нальчик-Автоваз', '+7 (8662) 75 38 58', 'www.nalchik-vaz.lada.ru/', 88, 0, '2014-09-05 06:58:33', '0000-00-00 00:00:00', '0000-00-00 00:00:00'),
	(77, 'ДП "Ставрополь-Лада" "Ипатово-Лада"', '+7 (86542) 5 90 08', 'www.ipatovo.lada.ru/', 89, 0, '2014-09-05 07:00:52', '0000-00-00 00:00:00', '0000-00-00 00:00:00'),
	(78, 'ЧеченАвто', '+7 (8714)722781', 'www.chechenavto.com/', 90, 0, '2014-09-05 07:04:55', '0000-00-00 00:00:00', '0000-00-00 00:00:00'),
	(79, 'Автореал', '+7(3513)287930', 'www.avto-real.lada.ru', 91, 0, '2014-09-05 07:07:01', '0000-00-00 00:00:00', '0000-00-00 00:00:00'),
	(80, 'ООО «АВТОЦЕНТР НА ЗАВОДСКОМ»', '8-846-97-97-555', 'www.samavto.lada.ru/', 92, 0, '2014-10-06 07:46:05', '0000-00-00 00:00:00', '0000-00-00 00:00:00'),
	(81, 'АВТОВЕК', '8 (343) 253-00-53', 'www.avtovek-ekb.ru', 93, 0, '2014-10-23 08:04:15', '0000-00-00 00:00:00', '0000-00-00 00:00:00'),
	(82, 'Алгоритм-Сервис', '8 (8182) 670-670', 'www.algoritm.lada.ru', 95, 0, '2014-10-29 07:42:14', '0000-00-00 00:00:00', '0000-00-00 00:00:00'),
	(83, 'Форвард-Авто', '8 (3462) 51 44 90', 'www.forvard-surgut.lada.ru/', 96, 0, '2014-11-07 05:41:59', '0000-00-00 00:00:00', '0000-00-00 00:00:00'),
	(84, '"Армавирский Автоцент Плюс"', '(861) 372-22-24', 'www.armavir.lada.ru/', 97, 0, '2014-11-10 07:45:42', '0000-00-00 00:00:00', '0000-00-00 00:00:00'),
	(85, 'Форвард-Авто', '8(342) 215-52-52', 'www.forward59.lada.ru/', 98, 0, '2015-01-30 10:14:44', '0000-00-00 00:00:00', '0000-00-00 00:00:00'),
	(86, 'Форвард Авто', '+ 7 (342) 215-52-52', 'www.forward59.lada.ru/', 99, 0, '2015-03-03 06:43:29', '0000-00-00 00:00:00', '0000-00-00 00:00:00'),
	(87, 'КАСПИЙгазавтосервис', '(8512) 38-53-90, 39-87-52 (приёмная)', 'www.kaspygaz.ru', 100, 0, '2015-03-10 11:17:02', '0000-00-00 00:00:00', '0000-00-00 00:00:00'),
	(88, 'Иж-Лада', '+7(3412)66-25-25', 'www.izh-lada.ru/', 101, 0, '2015-03-20 09:59:22', '0000-00-00 00:00:00', '0000-00-00 00:00:00'),
	(89, 'Авто-Планета', '8 (8482) 50 93 55, СТО (8482) 502-100', 'www.avto-planeta.lada.ru/', 102, 0, '2015-04-01 05:52:49', '0000-00-00 00:00:00', '0000-00-00 00:00:00'),
	(90, 'Агроладасервис', 'http://agroladaservis.lada.ru/', 'agroladaservis.lada.ru/', 103, 0, '2015-04-01 05:55:14', '0000-00-00 00:00:00', '0000-00-00 00:00:00'),
	(91, 'Автохолдинг ЛАДА', '+7 3452 41-00-49', 'www.ladatmn.ru/', 104, 0, '2015-04-03 12:45:17', '0000-00-00 00:00:00', '0000-00-00 00:00:00'),
	(92, 'Управление региональных продаж', '649664', 'www.lada.ru', 106, 0, '2015-04-06 10:20:19', '0000-00-00 00:00:00', '0000-00-00 00:00:00'),
	(93, 'ФОРВАРД-АВТО', '8 (3462) 51 44 90', 'www.forvard-surgut.lada.ru', 107, 0, '2015-04-06 10:45:11', '0000-00-00 00:00:00', '0000-00-00 00:00:00'),
	(94, 'Иж-Лада', '8 (3412) 66 25 25', 'izh.lada.ru', 108, 0, '2015-04-06 13:17:43', '0000-00-00 00:00:00', '0000-00-00 00:00:00'),
	(95, 'Лада-ТТС', '8 (347) 292 56 48', 'tts.lada.ru/', 109, 0, '2015-04-07 05:51:23', '0000-00-00 00:00:00', '0000-00-00 00:00:00'),
	(96, 'НОРД-АВТО ЛАДА', '8(4822) 777-878', 'ladanordavto.ru/', 110, 0, '2015-04-08 07:46:24', '0000-00-00 00:00:00', '0000-00-00 00:00:00'),
	(97, 'ЗАО «Колесо»', 'sales-dir@koleso-auto.ru', '8(8512)238-001', 111, 0, '2015-04-08 12:57:48', '0000-00-00 00:00:00', '0000-00-00 00:00:00'),
	(98, 'ДЦ "НОРД-АВТО ЛАДА"', '8 (4822) 77-78-78', 'ladanordavto.ru/', 112, 0, '2015-04-09 12:16:20', '0000-00-00 00:00:00', '0000-00-00 00:00:00'),
	(99, 'ООО «ROODELL»', '+998901863933', 'www.facebook.com/Lada.tashkent', 113, 0, '2015-04-14 07:55:37', '0000-00-00 00:00:00', '0000-00-00 00:00:00'),
	(100, 'РВ Сервис Кубань', '88619929292', 'rv-service.lada.ru/', 114, 0, '2015-04-27 07:57:14', '0000-00-00 00:00:00', '0000-00-00 00:00:00'),
	(101, 'ТРАНСАВТО', '8 (862) 268 72 00', 'sochi.lada.ru/', 115, 0, '2015-04-27 10:12:40', '0000-00-00 00:00:00', '0000-00-00 00:00:00'),
	(102, 'ПРАЙМ', '8(4742)500-777', 'prime.lada.ru/', 116, 0, '2015-05-13 07:50:33', '0000-00-00 00:00:00', '0000-00-00 00:00:00'),
	(103, 'Чебоксары ЛАДА', '8 (8352) 76 30 10', 'www.lada21.lada.ru/', 117, 0, '2015-06-23 07:39:59', '0000-00-00 00:00:00', '0000-00-00 00:00:00'),
	(104, 'Премьеркар', '8 (8452) 47 00 00', 'premiecar.lada.ru/', 118, 1, '2015-06-23 07:42:17', '0000-00-00 00:00:00', '2015-06-23 12:19:27'),
	(105, 'АГРОЛАДАСЕРВИС', '8 (8482) 75 91 11', 'agroladaservis.lada.ru/', 120, 0, '2015-06-23 10:09:00', '0000-00-00 00:00:00', '0000-00-00 00:00:00'),
	(106, 'ПремьеКар', '8 (8452) 47 00 00', 'premiecar.lada.ru/', 121, 0, '2015-06-23 12:05:45', '0000-00-00 00:00:00', '0000-00-00 00:00:00'),
	(107, 'Премьекар', 'http://premiecar.lada.ru/', 'premiecar.lada.ru/', 122, 1, '2015-06-23 12:17:50', '0000-00-00 00:00:00', '2015-06-23 12:19:20'),
	(108, 'Овен-Авто', '+7 (8212) 28-85-99', 'oven-auto.lada.ru/', 123, 0, '2015-06-23 13:01:57', '0000-00-00 00:00:00', '0000-00-00 00:00:00'),
	(109, 'Мария Вола', '', 'www.lada-sport.ru/', 124, 0, '2015-06-24 10:17:52', '0000-00-00 00:00:00', '0000-00-00 00:00:00'),
	(110, 'Тест', '', 'test.ru', 125, 0, '2015-06-25 07:30:37', '0000-00-00 00:00:00', '0000-00-00 00:00:00'),
	(111, 'Жигули-Оренбург', '8 (3532) 91 32 32', 'www.giguli.lada.ru/', 126, 0, '2015-06-26 07:43:29', '0000-00-00 00:00:00', '0000-00-00 00:00:00'),
	(112, 'АВД Груп', '+7 (8332) 66-30-30', 'www.awdgroup.lada.ru', 127, 0, '2015-07-02 05:51:16', '0000-00-00 00:00:00', '0000-00-00 00:00:00'),
	(113, 'БЦР-Авто Плюс', '8 (831) 259 56 59', 'bcr.lada.ru/', 128, 0, '2015-07-13 10:25:01', '0000-00-00 00:00:00', '0000-00-00 00:00:00'),
	(114, 'Бекар', '+7812999-99-99', 'www.ladacenter.ru', 129, 0, '2015-08-05 12:02:37', '0000-00-00 00:00:00', '0000-00-00 00:00:00'),
	(115, 'Автоцентр Дюк и К', '8 (3842) 65 55 55', 'www.avtoduk.lada.ru/', 130, 0, '2015-08-11 07:36:26', '0000-00-00 00:00:00', '0000-00-00 00:00:00'),
	(116, 'Интей Лада', '8 (812) 302 17 72', 'intei.lada.ru/', 131, 0, '2015-08-17 05:26:43', '0000-00-00 00:00:00', '0000-00-00 00:00:00'),
	(117, 'Прайд', '8 (34139) 3 84 48', 'www.pride.lada.ru/', 132, 0, '2015-08-17 05:42:06', '0000-00-00 00:00:00', '0000-00-00 00:00:00'),
	(118, 'Элиста-Лада', '8 (84722) 6 19 97', 'elista-lada.lada.ru', 134, 0, '2015-08-26 12:44:09', '0000-00-00 00:00:00', '0000-00-00 00:00:00'),
	(119, 'Сильвер Авто', '8 (3519) 58 11 77', 'www.magnitogorsk.lada.ru/', 135, 0, '2015-08-27 05:43:43', '0000-00-00 00:00:00', '0000-00-00 00:00:00'),
	(120, 'АвтоГермес', '8 (495) 737 72 72', 'avtogermes.lada.ru/', 136, 0, '2015-08-27 05:47:29', '0000-00-00 00:00:00', '0000-00-00 00:00:00'),
	(121, 'Авторегион', '8 (8352) 32 17 77', 'www.avtoregion.lada.ru/', 137, 0, '2015-08-27 05:49:25', '0000-00-00 00:00:00', '0000-00-00 00:00:00'),
	(122, 'ЛАДА Центр', '+78129999999', 'ladacenter.ru/', 138, 0, '2015-08-27 05:52:32', '0000-00-00 00:00:00', '0000-00-00 00:00:00'),
	(123, 'Альянс ЛАДА', '8 (8452) 39 13 13', 'www.alliance.lada.ru/', 139, 0, '2015-08-27 05:54:31', '0000-00-00 00:00:00', '0000-00-00 00:00:00'),
	(124, 'Мир Авто', '8 (8443) 56 55 55', 'www.miravto34.lada.ru/', 140, 0, '2015-08-27 05:57:54', '0000-00-00 00:00:00', '0000-00-00 00:00:00'),
	(125, 'АвтоЛайн', '8 (8552) 79 78 40', 'www.autoline.lada.ru/', 141, 0, '2015-08-27 06:00:03', '0000-00-00 00:00:00', '0000-00-00 00:00:00'),
	(126, 'Альянс ЛАДА', '8 (8452) 39-13-13', 'www.alliance.lada.ru/', 142, 0, '2015-08-27 18:47:50', '0000-00-00 00:00:00', '0000-00-00 00:00:00'),
	(127, 'АВТОЛИГА', '8-347-92-480-98', 'www.avtoliga.lada.ru/', 143, 0, '2015-08-29 09:30:25', '0000-00-00 00:00:00', '0000-00-00 00:00:00'),
	(128, 'ЛАДА центр Череповец', '8 (8202) 20-16-20', 'www.autoprestige.lada.ru', 144, 0, '2015-08-29 09:33:38', '0000-00-00 00:00:00', '0000-00-00 00:00:00'),
	(129, 'АМК ВОЛГОГРАД', '8 (8442) 46-73-76', 'amk34.lada.ru', 146, 0, '2015-08-31 10:16:02', '0000-00-00 00:00:00', '0000-00-00 00:00:00'),
	(130, 'Элвис Аком Лада', '8 8452 25 98 98', 'elvis.lada.ru/', 147, 0, '2015-08-31 14:56:03', '0000-00-00 00:00:00', '0000-00-00 00:00:00'),
	(131, 'АРТ-МОТОРС СМ', '(347)216-06-16', 'art-motors.lada.ru/', 148, 0, '2015-08-31 15:12:52', '0000-00-00 00:00:00', '0000-00-00 00:00:00'),
	(132, 'Дав-Авто', '8 (342)2462606', 'dav-auto.lada.ru/', 149, 0, '2015-08-31 15:15:32', '0000-00-00 00:00:00', '0000-00-00 00:00:00'),
	(133, 'Бизнес-Лада', '8(8712) 29-43-33', 'grozbusiness.lada.ru/', 150, 0, '2015-09-02 06:39:00', '0000-00-00 00:00:00', '0000-00-00 00:00:00'),
	(134, 'Центральная СТО', '(8482) 69-42-65', 'centrsto.lada.ru/', 151, 0, '2015-09-02 06:57:40', '0000-00-00 00:00:00', '0000-00-00 00:00:00'),
	(135, 'Автоцентр"ИНТЕР"', '8(85594) 9-49-44', 'www.inter.lada.ru', 152, 0, '2015-09-02 09:59:26', '0000-00-00 00:00:00', '0000-00-00 00:00:00'),
	(136, 'Автостар', '8 (879) 33 21 203', 'www.avtostar-kmv.lada.ru/', 153, 0, '2015-09-02 11:57:07', '0000-00-00 00:00:00', '0000-00-00 00:00:00'),
	(137, 'Липецк-Лада', '+ 7 (4742) 41-01-01', 'www.lipetsk-lada.ru', 154, 0, '2015-09-02 12:14:13', '0000-00-00 00:00:00', '0000-00-00 00:00:00'),
	(138, 'Техно-Сервис К', '8 (3652)788388', 'krym.lada.ru/', 155, 0, '2015-09-03 04:37:44', '0000-00-00 00:00:00', '0000-00-00 00:00:00'),
	(139, 'Лаура-Тула', '8 (4872) 38-12-12', 'www.laura-tula.ru', 156, 0, '2015-09-03 04:47:09', '0000-00-00 00:00:00', '0000-00-00 00:00:00'),
	(140, 'Авенсис', '8-800-200-52-32', 'www.lada.ru/', 157, 0, '2015-09-03 04:49:18', '0000-00-00 00:00:00', '0000-00-00 00:00:00'),
	(141, 'АЗИНО-АВТО', '8 (843)5121212', 'azino.lada.ru/', 158, 0, '2015-09-03 11:02:55', '0000-00-00 00:00:00', '0000-00-00 00:00:00'),
	(142, 'ПАРУС', '8 (843)5540025', 'parus.lada.ru/ds/cars/', 159, 0, '2015-09-03 11:05:48', '0000-00-00 00:00:00', '0000-00-00 00:00:00'),
	(143, 'Вершина-Лада', '8 (8652)397979', 'vershina.lada.ru/', 160, 0, '2015-09-03 11:11:47', '0000-00-00 00:00:00', '0000-00-00 00:00:00'),
	(144, 'Василеостровский автоцентр', '8 (812)406 19 65', 'www.lada-dealer.ru/ru/contact/vasileostrovskii-avtocentr/', 161, 0, '2015-09-03 11:14:51', '0000-00-00 00:00:00', '0000-00-00 00:00:00'),
	(145, 'Вояж', '8 (3537)283315', 'voyage-orsk.lada.ru/ds/cars/', 162, 0, '2015-09-03 11:17:48', '0000-00-00 00:00:00', '0000-00-00 00:00:00'),
	(146, 'ТЕХИНКОМ', '8 (495)7789850', 'techincom.lada.ru/', 163, 0, '2015-09-03 12:25:56', '0000-00-00 00:00:00', '0000-00-00 00:00:00'),
	(147, 'Березовский Лада-Центр', '8 (343) 2283880', 'www.ber.lada.ru', 164, 0, '2015-09-03 13:01:22', '0000-00-00 00:00:00', '0000-00-00 00:00:00'),
	(148, 'САТУРН-2', '+7 (351) 2 555 800', 'www.saturn2.ru', 165, 0, '2015-09-04 12:51:30', '0000-00-00 00:00:00', '0000-00-00 00:00:00'),
	(149, 'Автофирма "Светлана"', '8 4852 26-00-88', 'www.svetlana.lada.ru/', 166, 0, '2015-09-05 04:44:40', '0000-00-00 00:00:00', '0000-00-00 00:00:00'),
	(150, 'Север-Авто-Плюс', '8(8332) 565-999', 'sever-avto.lada.ru/', 167, 0, '2015-09-05 04:46:45', '0000-00-00 00:00:00', '0000-00-00 00:00:00'),
	(151, 'Лада Центр Пятигорск', '8  (8793) 31-25-70', 'www.5gor.lada.ru', 168, 0, '2015-09-05 11:28:15', '0000-00-00 00:00:00', '0000-00-00 00:00:00'),
	(152, 'АВТОМОЛЛ', '8 (863)268-88-88', 'tempauto.lada.ru/', 169, 0, '2015-09-05 12:03:38', '0000-00-00 00:00:00', '0000-00-00 00:00:00'),
	(153, 'АКСИОН', '+7 (8512) 48-28-28', 'www.agat-group.com', 170, 0, '2015-09-05 12:05:16', '0000-00-00 00:00:00', '0000-00-00 00:00:00'),
	(154, 'ДАЙНАВА-ЦЕНТР', '+7(900)304-31-37', 'daynava.lada.ru/', 171, 0, '2015-09-05 12:10:42', '0000-00-00 00:00:00', '0000-00-00 00:00:00'),
	(155, 'СКС-ЛАДА', '+7(920)443-79-01', 'sks.lada.ru/', 172, 0, '2015-09-05 12:11:50', '0000-00-00 00:00:00', '0000-00-00 00:00:00'),
	(156, 'БАЛАШОВ-ЛАДА', '+7(84545)2-30-97', 'balashov-64.lada.ru/', 173, 0, '2015-09-05 12:14:25', '0000-00-00 00:00:00', '0000-00-00 00:00:00'),
	(157, 'МСТА-ЛАДА', '+7(81664)4-18-30', 'www.msta.lada.ru/', 174, 0, '2015-09-05 12:16:45', '0000-00-00 00:00:00', '0000-00-00 00:00:00'),
	(158, 'АЦ ЕЛАБУГА', '8 (85557) 9 44 44', 'elabuga.lada.ru/', 175, 0, '2015-09-05 12:19:15', '0000-00-00 00:00:00', '0000-00-00 00:00:00'),
	(159, 'маркетинг-бюро', '8(8332)407-222', 'm-b.lada.ru/', 176, 0, '2015-09-05 12:23:16', '0000-00-00 00:00:00', '0000-00-00 00:00:00'),
	(160, 'Авто-Комплекс', '+7(960)471-99-99', 'yug-avto.lada.ru/', 177, 0, '2015-09-05 12:25:47', '0000-00-00 00:00:00', '0000-00-00 00:00:00'),
	(161, 'ТРАНСФОР Г.КРАСНОДАР', '+7(861)200-25-15', 'transfor23.lada.ru/', 178, 0, '2015-09-05 12:27:33', '0000-00-00 00:00:00', '0000-00-00 00:00:00'),
	(162, 'АВТОЦЕНТР НА ЗАВОДСКОМ', '+7(846)979-75-55', 'samavto.lada.ru/', 179, 0, '2015-09-05 12:30:14', '0000-00-00 00:00:00', '0000-00-00 00:00:00'),
	(163, 'АЛЬТАИР', '+7(8452)64-20-13', 'agat64.lada.ru/', 180, 0, '2015-09-05 12:31:42', '0000-00-00 00:00:00', '0000-00-00 00:00:00'),
	(164, 'ЧИСТОПОЛЬ-АВТО', '+7(84342)4-15-55', 'www.chistopol-auto.lada.ru/', 181, 0, '2015-09-05 12:33:22', '0000-00-00 00:00:00', '0000-00-00 00:00:00'),
	(165, 'СТРОИТЕЛЬНАЯ КОМПАНИЯ', '+7(812)331-03-32', 'stroycomp.lada.ru/ds/cars/', 182, 0, '2015-09-05 12:35:37', '0000-00-00 00:00:00', '0000-00-00 00:00:00'),
	(166, 'АВТОКОМПЛЕКС РЯЗАНЬ-АВТО', '+7(4912)300011', 'region62.lada.ru/', 183, 0, '2015-09-05 12:37:10', '0000-00-00 00:00:00', '0000-00-00 00:00:00'),
	(167, 'ВИКИНГИ', '(8482)974416', 'vikingi.lada.ru/', 184, 0, '2015-09-07 08:28:21', '0000-00-00 00:00:00', '0000-00-00 00:00:00'),
	(168, 'Экспресс-авто', '8-86138-3-60-90', 'express-avto.lada.ru/', 185, 0, '2015-09-07 10:56:29', '0000-00-00 00:00:00', '0000-00-00 00:00:00'),
	(169, 'фирма Урал-Лада', '(84657)20717', 'urallada63.lada.ru/', 186, 0, '2015-09-07 11:19:20', '0000-00-00 00:00:00', '0000-00-00 00:00:00'),
	(170, 'Чебоксары-Лада', '(8352)763010', 'www.lada21.lada.ru/м', 187, 0, '2015-09-07 11:50:58', '0000-00-00 00:00:00', '0000-00-00 00:00:00'),
	(171, 'Д НовоМоторс', '8(48762)7-03-02', 'www.novomotors.lada.ru/', 188, 0, '2015-09-07 13:26:34', '0000-00-00 00:00:00', '0000-00-00 00:00:00'),
	(172, 'ООО "Автодвор+"', '(347)2925959', 'www.avtodvor.lada.ru/', 189, 0, '2015-09-07 13:30:34', '0000-00-00 00:00:00', '0000-00-00 00:00:00'),
	(173, '"АвтоТехИнвест', '(495)9711881', 'ati.lada.ru/', 209, 0, '2015-09-08 05:08:31', '0000-00-00 00:00:00', '0000-00-00 00:00:00'),
	(174, 'Мика Мотор', '(84235)57586', 'http://mika-motor.lada.ru/', 191, 0, '2015-09-08 08:14:15', '0000-00-00 00:00:00', '0000-00-00 00:00:00'),
	(175, 'Автоцентр LADA на Дорожной', '(34783)44666', 'www.gc-absolut.lada.ru/', 192, 0, '2015-09-08 08:17:00', '0000-00-00 00:00:00', '0000-00-00 00:00:00'),
	(176, 'Сызранская СТО', '(8464)344643', 'szr.lada.ru/', 193, 0, '2015-09-08 08:19:15', '0000-00-00 00:00:00', '0000-00-00 00:00:00'),
	(177, 'Тулаавтосервис', '(4872)710575', 'tulaavtoservis.lada.ru/', 194, 0, '2015-09-08 08:42:07', '0000-00-00 00:00:00', '0000-00-00 00:00:00'),
	(178, 'Симбирск-Лада', '(8422)250101', 'simbirsk.lada.ru/', 195, 0, '2015-09-08 08:43:59', '0000-00-00 00:00:00', '0000-00-00 00:00:00'),
	(179, 'АКЦЕНТ-АВТО М', '8 (351) 247-70-70', 'autovek.lada.ru/', 196, 0, '2015-09-09 04:36:40', '0000-00-00 00:00:00', '0000-00-00 00:00:00'),
	(180, 'АТ-ЦЕНТР-МАРИЙ ЭЛ', '(8362) 30-48-48', 'atcentr.lada.ru/', 197, 0, '2015-09-09 04:58:07', '0000-00-00 00:00:00', '0000-00-00 00:00:00'),
	(181, 'ТСЦ АВТОМОБИЛЬНЫЙ РЫНОК', '(34783)22573', 'www.tsc-neftekamsk.lada.ru/', 198, 0, '2015-09-09 05:16:24', '0000-00-00 00:00:00', '0000-00-00 00:00:00'),
	(182, 'Кавказ-Лада (ДП Кавказ-Лада ОАО Ставрополь-Лада)', '(8782)239001', 'www.kavkaz-lada.lada.ru/', 199, 0, '2015-09-09 06:56:20', '0000-00-00 00:00:00', '0000-00-00 00:00:00'),
	(183, 'ООО "Симбирское автомобильное агентство"', '(8422)727215', 'www.dilav.lada.ru/', 200, 0, '2015-09-09 13:47:37', '0000-00-00 00:00:00', '0000-00-00 00:00:00'),
	(184, 'СТО Комсомольская', '(8482)246532', 'sto-koms.lada.ru/', 201, 0, '2015-09-10 06:00:45', '0000-00-00 00:00:00', '0000-00-00 00:00:00'),
	(185, 'ГОРЛАЧЕВ ИГОРЬ АНДРЕЕВИЧ', '+7 (8482) 64-47-94', 'www.lada.ru/', 202, 0, '2015-09-10 07:56:10', '0000-00-00 00:00:00', '0000-00-00 00:00:00'),
	(186, 'РОНА', '(8482)691155', 'rona.lada.ru/', 203, 0, '2015-09-10 08:00:52', '0000-00-00 00:00:00', '0000-00-00 00:00:00'),
	(187, 'Терек-Авто', '8(962)625-15-27', 'www.lada.ru/', 204, 0, '2015-09-10 12:07:20', '0000-00-00 00:00:00', '0000-00-00 00:00:00'),
	(188, 'Прайд', '+7 (3412) 24-99-44', 'www.pride.lada.ru', 205, 0, '2015-09-11 11:13:11', '0000-00-00 00:00:00', '0000-00-00 00:00:00'),
	(189, 'Север-Авто-Сервис', '(8172)559595', 'severavto.lada.ru/', 206, 0, '2015-09-30 13:11:07', '0000-00-00 00:00:00', '0000-00-00 00:00:00'),
	(190, 'Ока-Лада', '(831)2744444', 'okalada.lada.ru/', 207, 0, '2015-10-21 13:07:23', '0000-00-00 00:00:00', '0000-00-00 00:00:00');
/*!40000 ALTER TABLE `crm_dealers` ENABLE KEYS */;


-- Дамп структуры для таблица gildiya.crm.crm_dealers_entities
CREATE TABLE IF NOT EXISTS `crm_dealers_entities` (
  `id` int(11) NOT NULL AUTO_INCREMENT,
  `dealer_id` int(11) NOT NULL DEFAULT '0',
  `entity_address` varchar(255) NOT NULL,
  `ownership_id` int(11) NOT NULL DEFAULT '0',
  `title` varchar(255) NOT NULL,
  `inn` varchar(255) NOT NULL,
  `kpp` varchar(255) NOT NULL,
  `ogrn` varchar(255) NOT NULL,
  `bank_title` varchar(255) NOT NULL,
  `bank_account` varchar(255) NOT NULL,
  `cor_account` varchar(255) NOT NULL,
  `bik` varchar(255) NOT NULL,
  `is_delete` tinyint(1) NOT NULL DEFAULT '0',
  `insert_time` timestamp NOT NULL DEFAULT CURRENT_TIMESTAMP,
  `update_time` timestamp NOT NULL DEFAULT '0000-00-00 00:00:00',
  `delete_time` timestamp NOT NULL DEFAULT '0000-00-00 00:00:00',
  PRIMARY KEY (`id`)
) ENGINE=MyISAM AUTO_INCREMENT=40 DEFAULT CHARSET=utf8;

-- Дамп данных таблицы gildiya.crm.crm_dealers_entities: 39 rows
/*!40000 ALTER TABLE `crm_dealers_entities` DISABLE KEYS */;
INSERT INTO `crm_dealers_entities` (`id`, `dealer_id`, `entity_address`, `ownership_id`, `title`, `inn`, `kpp`, `ogrn`, `bank_title`, `bank_account`, `cor_account`, `bik`, `is_delete`, `insert_time`, `update_time`, `delete_time`) VALUES
	(1, 28, 'г. Калуга ул. Зерновая, 17', 1, 'Калуга-Лада', '4004010487', '402901001', '1024000566369', 'КФ ОАО «СМП БАНК»', '40702810303000000372', '30101810000000000725', '042908725', 0, '2014-10-16 08:40:28', '0000-00-00 00:00:00', '0000-00-00 00:00:00'),
	(2, 38, '141840 Московская область, Дмитровский район, город Яхрома, Шлюзовой переулок дом 1.', 3, 'Яхрома-Лада', '5007006441', '500701001', '1035001605825', 'Сбербанк России ОАО г.Москва Дмитровское ОСБ 2561', '40702810640080100170', '30101810400000000225', '044525225', 0, '2014-10-16 10:17:24', '0000-00-00 00:00:00', '0000-00-00 00:00:00'),
	(3, 79, '456300, г. Миасс, Челябинская область, Тургоякское шоссе, 5', 1, 'АвтоРеал', '7415036254', '741501001', '1027400881749', 'ЧЕЛЯБИНСКОЕ ОТДЕЛЕНИЕ N 8597 ОАО "Сбербанк России"', '40702810772000003364', '30101810700000000602', '047501602', 0, '2014-10-17 08:49:30', '0000-00-00 00:00:00', '0000-00-00 00:00:00'),
	(4, 69, '450022, РБ, г. Уфа, ул. Менделеева, д.134', 1, 'Башавтоком-В', '0278105341', '027401001', '1040204614163', 'Филиал ОАО «УРАЛСИБ» г. Уфа', '40702810000250001042', '30101810600000000770', '048073770', 0, '2014-10-22 04:07:43', '0000-00-00 00:00:00', '0000-00-00 00:00:00'),
	(5, 33, '357500, Ставрополький край, г. Пятигорск, ул. Бунимовича, д. 15', 2, 'Горячеводск', '2632016930', '263201001', '1022601627256', 'филиал «Санкт-Петербург» АКБ «РосЕвроБанк» (ОАО)', '40702810880000020595', '30101810200000000762', '044030762', 0, '2014-10-22 13:04:43', '0000-00-00 00:00:00', '0000-00-00 00:00:00'),
	(6, 81, '620146, Свердловская область, г. Екатеринбург, проезд Решетникова, д. 22', 1, 'АВТОВЕК', '6671403200', '667101001', '1126671015921', 'Филиал «Уральский» ЗАО «Банк Интеза»  г. Екатеринбург', '40702810950090002179', '30101810000000000909', '046577909', 0, '2014-10-23 09:00:38', '0000-00-00 00:00:00', '0000-00-00 00:00:00'),
	(7, 60, '606016, Нижегородская область, г.Дзержинск, пр-кт Ленина, д.107 Б, офис 1', 1, 'Юникор', '5249076286', '524901001', '1055216522525', 'в Ф-ле ГПБ (ОАО) в г.Нижнем Новгороде', '40702810800010002668', '30101810700000000764', '042202764', 0, '2014-10-27 06:33:17', '0000-00-00 00:00:00', '0000-00-00 00:00:00'),
	(8, 82, '163071, г.Архангельск, ул Гайдара д. 63 оф. 318', 1, 'Алгоритм-Сервис', '2901241358', '290101001', '1132901010330', 'Петербургский Филиал ЗАО "Юникредит Банк"', '40702810800024714805', '30101810800000000858', '44030858', 0, '2014-10-29 10:16:39', '0000-00-00 00:00:00', '0000-00-00 00:00:00'),
	(9, 76, '360016, КБР г. Нальчик ул. им. генерала А.С. Абидова, 2', 3, '«Нальчик-АВТОВАЗ»', '0715000288', '072601001', '1020700746296', 'Банк «Нальчик» ООО г. Нальчик', '40702810910001000609', '30101810700000000741', '048327741', 0, '2014-10-30 08:18:03', '0000-00-00 00:00:00', '0000-00-00 00:00:00'),
	(10, 21, 'Россия, 432026, г. Ульяновск, Московское шоссе, д. 17 а.', 1, 'АвтоРай', '7327023859', '732701001', '1027301479996', 'Сбер Банк России Ульяновское отделение № 8588 г. Ульяновск', '40702810169020101244', '30101810000000000602', '047308602', 0, '2014-11-07 11:46:06', '0000-00-00 00:00:00', '0000-00-00 00:00:00'),
	(11, 73, 'РФ, Самарская обл., г. Тольятти, ул. Транспортная, д. 3', 1, 'Аура Автодом', '0268039114', '632101001', '1050203465685', 'ОАО "Уралсиб"', '40702810500120000602', '30101810600000000770', '048073770', 0, '2014-11-10 05:37:02', '0000-00-00 00:00:00', '0000-00-00 00:00:00'),
	(12, 84, 'Краснодарский край г. Армавир ул. Ефремова 250', 1, 'Армавирский Автоцентр Плюс', '2302049341', '230201001', '1052300674986', 'филиал №2351 ВТБ 24 (ЗАО) г. Краснодар', '40702810312550003973', '30101810900000000585', '04039585', 0, '2014-11-10 10:42:57', '0000-00-00 00:00:00', '0000-00-00 00:00:00'),
	(13, 17, 'г. Воронеж ул. Карла Маркса д. 68 оф. 202', 1, '"Воронеж-Авто-Сити"', '3666160073', '366601001', '1093668034239', 'ОАО «БАНК МОСКВЫ» в  г.Москва', '40702810700940001067', '30101810500000000219', '044525219', 0, '2014-11-13 09:28:03', '0000-00-00 00:00:00', '0000-00-00 00:00:00'),
	(14, 64, 'РФ, Ставропольский край, г. Пятигорск, Бештаугорское шоссе,15', 1, 'ТЛ-АВТО', '2632091197', '263201001', '1082632003464', 'СЕВЕРО-КАВКАЗСКИЙ БАНК ОАО "СБЕРБАНК РОССИИ" Г. СТАВРОПОЛЬ', '40702810560090002875', '30101810600000000660', '040702660', 0, '2014-11-17 10:00:18', '0000-00-00 00:00:00', '0000-00-00 00:00:00'),
	(15, 49, '214020 РФ г. Смоленск ул. Шевченко 87 а', 3, 'Смоленск-Лада', '6731008119', '673101001', '1026701437630', 'Отделение  № 8609 Сбербанка России г. Смоленск', '40702810759310005603', '30101810000000000632', '046614632', 0, '2014-11-17 14:29:03', '0000-00-00 00:00:00', '0000-00-00 00:00:00'),
	(16, 16, '350072, г. Краснодар, ул. Ростовское шоссе д. 14', 1, 'Темп Авто Кубань', '2311093925', '231101001', '1062311051219', 'Филиал "Южный" ОАО "УралСиб" г. Краснодар', '40702810000440010280', '30101810400000000700', '040349700', 0, '2014-11-20 13:36:20', '0000-00-00 00:00:00', '0000-00-00 00:00:00'),
	(17, 65, '347630 Ростовская обл., г. Сальск ул. Ворошилова д.6', 1, 'Автолюбитель', '6153033477', '615301001', '1116186000732', 'Юго-Западный банк Ростов-на-Дону', '40702810452110000153', '30101810600000000602', '046015602', 0, '2015-01-12 10:30:40', '0000-00-00 00:00:00', '0000-00-00 00:00:00'),
	(18, 95, 'г.Уфа ул.Пархоменко 156/3', 1, 'Лада-ТТС', '0278208869', '027801001', '1140280008197', 'Уфимский филиал ОАО "АК БАРС"', '40702810267020000124', '30101810280730000716', '048073716', 0, '2015-04-07 10:40:16', '0000-00-00 00:00:00', '0000-00-00 00:00:00'),
	(19, 96, 'г. Тверь, ул. Коробкова, д.5', 1, 'НОРД-АВТО ЛАДА', '6950169084', '695001001', '1136952011745', 'в Филиале № 3652 ВТБ 24 (ПАО) г. Воронеж', '40702810613510003038', '30101810100000000738', '042007738', 0, '2015-04-09 13:08:25', '0000-00-00 00:00:00', '0000-00-00 00:00:00'),
	(20, 94, '426075, УР, г. Ижевск, ул. Камбарская, д. 49', 3, 'Иж-Лада', '1835012696', '184101001', '1021801651783', 'Отделение № 8618 Сбербанка России г. Ижевск', '40702810568040100175', '30101810400000000601', '049401601', 0, '2015-04-21 13:53:51', '0000-00-00 00:00:00', '0000-00-00 00:00:00'),
	(21, 101, '354393, РФ, Краснодарский Край, город Сочи, улица Ленина 219/6', 1, 'ТРАНСАВТО', '2320214975', '232001001', '1132366009841', 'ЗАО Банк ЗЕНИТ Сочи', '40702810500000005832', '30101810400000000717', '040396717', 0, '2015-04-28 08:00:25', '0000-00-00 00:00:00', '0000-00-00 00:00:00'),
	(22, 111, 'РФ, 460507, Оренбургская область, Оренбургский район, п.Пригородный, шоссе 12 км автодороги Оренбург-Орск', 1, 'АТЦ "Жигули-Оренбург"', '5609077440', '563801001', '1105658016584', 'ОАО "НИКО-БАНК" г.Оренбург', '40702810200000002603', '30101810400000000814', '045354814', 0, '2015-07-02 09:20:38', '0000-00-00 00:00:00', '0000-00-00 00:00:00'),
	(23, 112, 'Кировская область, г. Киров, ул. Карла Маркса 4', 1, 'АВД Груп', '4345327438', '434501001', '1124345008380', 'Филиал ОАО Банк ВТБ в г. Кирове г. Киров', '40702810892000003374', '30101810200000000705', '043304705', 0, '2015-07-02 12:34:21', '0000-00-00 00:00:00', '0000-00-00 00:00:00'),
	(24, 113, 'г. Нижний Новгород, ул. Борская, д. 17', 1, 'БЦР-Авто Плюс', '5256054950', '525601001', '1055227077212', 'Волго-Вятский Банк Сбербанка РФ г. Нижний Новгород', '40702810042050007267', '30101810900000000603', '042202603', 0, '2015-07-17 10:03:02', '0000-00-00 00:00:00', '0000-00-00 00:00:00'),
	(25, 104, '410076, Саратов, ул. Верхняя., д.17', 1, 'ПремьеКар', '6451429717', '645101001', '1116451002337', 'ЗАО "БАНК "АГРОРОС" г. Саратов', '40702810500000004285', '30101810600000000772', '046311772', 0, '2015-08-26 11:54:52', '0000-00-00 00:00:00', '0000-00-00 00:00:00'),
	(26, 121, '428000, Чувашская Республика, г. Чебоксары, Канашское шоссе, д. 7', 1, 'Авторегион', '1215099400', '213001001', '1041200453953', 'НИЖФ ПАО "МДМ БАНК" г. Нижний Новгород', '407028100381100963', '30101810600000000877', '042202877', 0, '2015-08-27 07:11:41', '0000-00-00 00:00:00', '0000-00-00 00:00:00'),
	(27, 122, '194355, г. Санкт-Петербург, Выборгское шоссе дом 31 корпус 2 литер А', 1, 'Бекар', '7816568016', '780201001', '1137847311656', 'Филиал ББР Банка (АО) в г. Санкт-Петербурге', '40702810800020002226', '30101810300000000785', '044030785', 0, '2015-08-27 08:16:40', '2015-08-27 08:16:59', '0000-00-00 00:00:00'),
	(28, 123, '410080, г.Саратов, проспект Строителей ,39', 1, 'ООО "Альянс-Лада"', '6453114984', '645301001', '1116453001587', 'Филиал "Поволжский" ЗАО "ГЛОБЭКСБАНК" г.Тольятти', '40702810312000001372', '30101810400000000713', '043678713', 0, '2015-08-28 07:11:09', '0000-00-00 00:00:00', '0000-00-00 00:00:00'),
	(29, 131, '450078, Россия, Республика Башкортостан, г. Уфа, Проспект Салавата Юлаева, 58', 1, 'АРТ-МОТОРС СМ', '0276153300', '27801001', '1130280070249 от 26.11.2013', 'Приволжкий Филиал ОАО "Промсвязьбанк" г.Нижний Новгород', '40702810303000005307', '30101810700000000803', '042202803', 0, '2015-09-01 04:33:54', '0000-00-00 00:00:00', '0000-00-00 00:00:00'),
	(30, 128, '162604 Вологодская обл., г.Череповец Северное шоссе д.20', 1, 'ЛАДА центр Череповец', '3528217046', '352801001', '1143528008216', 'отд.№8638 Сбербанка России г.Вологда', '40702810712000010388', '30101810900000000644', '041909644', 0, '2015-09-01 08:34:44', '0000-00-00 00:00:00', '0000-00-00 00:00:00'),
	(31, 132, 'г. Пермь 614990,  ул. Героев Хасана,76', 1, 'ДАВ-АВТО', '5905016567', '590401001', '1205901221532', 'Западно- Уральский банк  Сбербанк РФ г. Пермь', '40702810549490130556', '30101810900000000603', '045773603', 0, '2015-09-02 07:08:10', '0000-00-00 00:00:00', '0000-00-00 00:00:00'),
	(32, 11, '344016, г.Ростов-на-Дону, ул.Таганрогская, 211', 1, '"Авто-Ревю"', '6165107437', '616501001', '1036165014192', 'Филиал "Ростов-на-Дону" КБ "ЛОКО-Банк" (ЗАО)', '40702810100600312000', '30101810000000000276', '046027276', 0, '2015-09-02 09:24:50', '0000-00-00 00:00:00', '0000-00-00 00:00:00'),
	(33, 127, '450018, РБ, Уфа, Сарапульская, 35', 1, 'АВТОЛИГА', '0274137896', '027401001', '1090280010765', 'Филиал ОАО «УралСиб» в г.Уфе г.Уфа', '40702810700150000090', '30101810600000000770', '048073770', 0, '2015-09-08 07:14:03', '0000-00-00 00:00:00', '0000-00-00 00:00:00'),
	(34, 2, 'Самарская обл., г.Тольятти, Московский пр-кт, д 12', 1, '"Русь-Авто"', '6382027669', '632101001', '1026302000812', 'Поволжский банк Сбербанка РФ, г.Самара', '40702810154280103377', '30101810200000000607', '043601607', 0, '2015-09-08 08:15:17', '0000-00-00 00:00:00', '0000-00-00 00:00:00'),
	(35, 177, '300012 г. Тула ул. Рязанская 7', 3, 'ПКФ "Тулаавтосервис"', '7107003230', '710150001', '1027100967970', 'Тульское ОСБ № 8604 г. Тула', '40702810966060101726', '30101810300000000608', '047003608', 0, '2015-09-08 08:59:38', '0000-00-00 00:00:00', '0000-00-00 00:00:00'),
	(36, 165, '196158, г. Санкт-Петербург, Дунайский пр., д. 15, корп. 1', 1, '"Строительная компания"', '7805013573', '781001001', '1027804880982', 'Филиал ОПЕРУ ОАО Банк ВТБ г. Санкт-Петербург', '40702810268000006908', '30101810200000000704', '044030704', 0, '2015-09-08 09:59:02', '0000-00-00 00:00:00', '0000-00-00 00:00:00'),
	(37, 148, '454010, Челябинская обл, Челябинск г, Гагарина ул, дом №9, корпус А', 1, 'САТУРН-2', '7449019666', '744901001', '305744925500010', 'ОТДЕЛЕНИЕ N8597 СБЕРБАНКА РОССИИ', '40702810772210018550', '30101810700000000602', '047501602', 0, '2015-09-09 11:14:10', '0000-00-00 00:00:00', '0000-00-00 00:00:00'),
	(38, 147, '620137, г. Екатеринбург, ул. Блюхера, 41-37', 1, 'Березовский Лада-Центр', '6670296675', '667001001', '1106670017190', 'Уральский банк реконструкции и развития г. Екатеринбург', '40702810062450000525', '30101810900000000795', '667001001', 0, '2015-09-14 08:42:02', '0000-00-00 00:00:00', '0000-00-00 00:00:00'),
	(39, 57, '614077, Пермь, Пушкарская, 138', 1, 'Одас', '5906099710', '590601001', '1105906003213', 'Западно-Уральский Банк ОАО «Сбербанк России» г. Пермь', '40702810149770011928', '30101810900000000603', '045773603', 0, '2015-09-30 06:38:55', '0000-00-00 00:00:00', '0000-00-00 00:00:00');
/*!40000 ALTER TABLE `crm_dealers_entities` ENABLE KEYS */;


-- Дамп структуры для таблица gildiya.crm.crm_dealers_ownerships
CREATE TABLE IF NOT EXISTS `crm_dealers_ownerships` (
  `id` int(11) NOT NULL AUTO_INCREMENT,
  `title` varchar(255) NOT NULL,
  `title_full` varchar(255) NOT NULL,
  PRIMARY KEY (`id`)
) ENGINE=MyISAM AUTO_INCREMENT=4 DEFAULT CHARSET=utf8;

-- Дамп данных таблицы gildiya.crm.crm_dealers_ownerships: 3 rows
/*!40000 ALTER TABLE `crm_dealers_ownerships` DISABLE KEYS */;
INSERT INTO `crm_dealers_ownerships` (`id`, `title`, `title_full`) VALUES
	(1, 'ООО', 'Общество с ограниченной ответственностью'),
	(2, 'ЗАО', 'Закрытое акционерное общество'),
	(3, 'ОАО', 'Открытое акционерное общество');
/*!40000 ALTER TABLE `crm_dealers_ownerships` ENABLE KEYS */;


-- Дамп структуры для таблица gildiya.crm.crm_dealers_persons
CREATE TABLE IF NOT EXISTS `crm_dealers_persons` (
  `id` int(11) NOT NULL AUTO_INCREMENT,
  `dealer_id` int(11) NOT NULL DEFAULT '0',
  `position_id` int(11) NOT NULL DEFAULT '0',
  `family_name` varchar(255) NOT NULL,
  `first_name` varchar(255) NOT NULL,
  `father_name` varchar(255) NOT NULL,
  `email` varchar(50) NOT NULL,
  `phone_work` varchar(20) NOT NULL,
  `phone_pers` varchar(20) NOT NULL,
  `is_delete` tinyint(1) unsigned NOT NULL DEFAULT '0',
  `insert_time` timestamp NOT NULL DEFAULT CURRENT_TIMESTAMP,
  `update_time` timestamp NOT NULL DEFAULT '0000-00-00 00:00:00',
  `delete_time` timestamp NOT NULL DEFAULT '0000-00-00 00:00:00',
  PRIMARY KEY (`id`)
) ENGINE=MyISAM AUTO_INCREMENT=239 DEFAULT CHARSET=utf8;

-- Дамп данных таблицы gildiya.crm.crm_dealers_persons: 238 rows
/*!40000 ALTER TABLE `crm_dealers_persons` DISABLE KEYS */;
INSERT INTO `crm_dealers_persons` (`id`, `dealer_id`, `position_id`, `family_name`, `first_name`, `father_name`, `email`, `phone_work`, `phone_pers`, `is_delete`, `insert_time`, `update_time`, `delete_time`) VALUES
	(1, 173, 6, 'Брилевский', 'Константин', 'Игоревич', 'ric-hard@narod.ru', '+7 909 363 99 11', '', 0, '2014-08-27 13:26:51', '0000-00-00 00:00:00', '0000-00-00 00:00:00'),
	(2, 32, 2, 'Белотелова', 'Татьяна', 'Валерьевна', 'penza-avto@mail.ru', '+7 (8412) 90-90-90', '+7 (962) 473-10-10', 0, '2014-10-07 06:34:39', '0000-00-00 00:00:00', '0000-00-00 00:00:00'),
	(3, 6, 2, 'Рузумов', 'Александр', 'Геннадьевич', 'alexander.ruzumov@kanavto.ru', '8 (843) 230 30 30', '+7 917 900 44 79', 0, '2014-10-16 08:10:13', '0000-00-00 00:00:00', '0000-00-00 00:00:00'),
	(4, 28, 2, 'Иванов', 'Павел', 'Александрович', 'kaluga.lada@gmail.com', '8(4842)791111', '+79208882050', 0, '2014-10-16 08:23:54', '0000-00-00 00:00:00', '0000-00-00 00:00:00'),
	(5, 28, 3, 'Шарыпова', 'Анастасия', 'Викторовна', 'marketing@kaluga-lada.ru', '8(4842)791111', '', 0, '2014-10-16 08:24:53', '0000-00-00 00:00:00', '0000-00-00 00:00:00'),
	(6, 28, 1, 'Алексенко', 'Олег', 'Леонидович', 'olegaleksenko@gmail.com', '8(4842)791111', '+79108681777', 0, '2014-10-16 08:26:03', '0000-00-00 00:00:00', '0000-00-00 00:00:00'),
	(7, 5, 0, 'Клюкина', 'Наталья', 'Васильевна', 'nvklukina@atlanticauto.ru', '8(343)3337373', '89221788598', 0, '2014-10-16 08:26:48', '0000-00-00 00:00:00', '0000-00-00 00:00:00'),
	(8, 28, 5, 'Кирсанов', 'Андрей', 'Владимирович', 'komilfo-caljan@mail.ru', '8(4842)791111', '', 0, '2014-10-16 08:27:07', '0000-00-00 00:00:00', '0000-00-00 00:00:00'),
	(9, 5, 2, 'Клюкин', 'Александр', 'Николаевич', '\'anklyukin@atlanticauto.ru\'', '8 (343) 333 73 77', '', 0, '2014-10-16 08:27:41', '0000-00-00 00:00:00', '0000-00-00 00:00:00'),
	(10, 28, 6, 'Чуркин', 'Николай', 'Николаевич', 'churkin.lada@gmail.com', '8(4842)791111', '+79105944448', 0, '2014-10-16 08:28:11', '2015-01-29 07:57:19', '0000-00-00 00:00:00'),
	(11, 5, 6, 'Копыльских', 'Алексей', 'Игоревич', 'AIKopylskih@atlanticauto.ru', '8(343)3337377', '', 0, '2014-10-16 08:28:20', '0000-00-00 00:00:00', '0000-00-00 00:00:00'),
	(12, 5, 6, 'Муравский', 'Ян', 'Игоревич', 'AIKopylskih@atlanticauto.ru', '8 (343) 333-73-77', '', 0, '2014-10-16 08:28:48', '0000-00-00 00:00:00', '0000-00-00 00:00:00'),
	(13, 5, 6, 'Фогелев', 'Всеволод', 'Владимирович', 'AIKopylskih@atlanticauto.ru', '8 (343) 3337377', '', 0, '2014-10-16 08:29:34', '0000-00-00 00:00:00', '0000-00-00 00:00:00'),
	(14, 28, 6, 'Штатнов', 'Андрей', 'Александрович', 'shtatnov.lada@gmail.com', '8(4842)791111', '+9005737277', 0, '2014-10-16 08:31:28', '0000-00-00 00:00:00', '0000-00-00 00:00:00'),
	(15, 28, 4, 'Хорова', 'Ольга', 'Петровна', 'horovaol@mail.ru', '8(4842)794900', '', 0, '2014-10-16 08:36:59', '0000-00-00 00:00:00', '0000-00-00 00:00:00'),
	(16, 62, 2, 'Петрушов', 'Андрей', 'Владимирович', 'a.petrushov@agatgroup.com', '8(8442)260126', '+79033170598', 0, '2014-10-16 09:00:27', '0000-00-00 00:00:00', '0000-00-00 00:00:00'),
	(17, 11, 6, 'Янчебанян', 'Армен', 'Георгиевич', 'meneger@ar161.ru', '+78632769600', '+79081726401', 0, '2014-10-16 12:07:56', '0000-00-00 00:00:00', '0000-00-00 00:00:00'),
	(18, 11, 6, 'Хаймахян', 'Амазасп', 'Маркарович', 'auto-revu@bk.ru', '+78632008099', '+79188987777', 0, '2014-10-16 12:10:04', '0000-00-00 00:00:00', '0000-00-00 00:00:00'),
	(19, 79, 3, 'Бендер', 'Юлия', 'Владимировна', 'art@avto-real.ru', '8 (3513) 28 79 30', '+7 919 118 59 75', 0, '2014-10-17 08:43:10', '2015-09-08 12:24:32', '0000-00-00 00:00:00'),
	(20, 79, 1, 'Фахрутдинов', 'Фанис', 'Мударисович', 'fm@avto-real.ru', '8 (3513) 28 79 90', '', 0, '2014-10-17 08:44:24', '2015-09-08 12:24:25', '0000-00-00 00:00:00'),
	(21, 79, 2, 'Мандрыгин', 'Алексей', 'Николаевич', 'dup@avto-real.ru', '8 (3513) 28 79 30', '+7 912 322 87 00', 0, '2014-10-17 08:45:34', '2015-09-08 12:24:17', '0000-00-00 00:00:00'),
	(22, 33, 2, 'Матухнов', 'Вячеслав', 'Юрьевич', 'djcaspers@mail.ru', '8(8793)31-25-70', '+79288209310', 0, '2014-10-22 12:45:24', '0000-00-00 00:00:00', '0000-00-00 00:00:00'),
	(23, 33, 4, 'Ботяйкин', 'Данил', 'Владимирович', 'ipg_danil@mail.ru', '8(8793)31-25-70', '+79283402305', 0, '2014-10-22 12:47:01', '0000-00-00 00:00:00', '0000-00-00 00:00:00'),
	(24, 33, 6, 'Гюльбяков', 'Борис', 'Адамович', 'klimov-di@yandex.ru', '8(8793)31-25-70', '+79283408236', 0, '2014-10-22 12:48:15', '0000-00-00 00:00:00', '0000-00-00 00:00:00'),
	(25, 33, 6, 'Сахтариди', 'Александр', 'Викторович', 'klimov-di@yandex.ru', '8(8793)31-25-70', '+79283790461', 0, '2014-10-22 12:49:03', '0000-00-00 00:00:00', '0000-00-00 00:00:00'),
	(26, 33, 6, 'Пост', 'Дмитрий', 'Александрович', 'post1989@mail.ru', '8(8793)31-25-70', '+79283790227', 0, '2014-10-22 12:49:38', '2014-11-05 12:16:54', '0000-00-00 00:00:00'),
	(27, 33, 6, 'Подсвиров', 'Алексей', 'Сергеевич', 'lexusstj@mail.ru', '8(8793)31-25-70', '+79624048894', 0, '2014-10-22 12:50:26', '2014-11-05 12:16:23', '0000-00-00 00:00:00'),
	(28, 33, 6, 'Баклагов', 'Максим', 'Юрьевич', 'klimov-di@yandex.ru', '8(8793)31-25-70', '+79620013111', 0, '2014-10-22 12:51:05', '0000-00-00 00:00:00', '0000-00-00 00:00:00'),
	(29, 33, 6, 'Кочкарёв', 'Олег', 'Юрьевич', 'klimov-di@yandex.ru', '8(8793)31-25-70', '+79620263555', 0, '2014-10-22 12:51:42', '0000-00-00 00:00:00', '0000-00-00 00:00:00'),
	(30, 33, 3, 'Келлер', 'Александр', 'Сергеевич', '505ask@mail.ru', '8(8793)31-25-70', '+79283790237', 0, '2014-10-22 12:52:24', '0000-00-00 00:00:00', '0000-00-00 00:00:00'),
	(31, 33, 5, 'Белышев', 'Сергей', 'Николаевич', 'ladacentr5gor@mail.ru', '8(8793)31-25-70', '+79282202977', 0, '2014-10-22 12:53:36', '2014-11-01 10:07:24', '0000-00-00 00:00:00'),
	(32, 81, 6, 'Макаров', 'Андрей', 'Юрьевич', 'ekb.op@a-vek.ru', '(343) 2530053', '89058025651', 0, '2014-10-23 08:57:40', '0000-00-00 00:00:00', '0000-00-00 00:00:00'),
	(33, 81, 6, 'Полбицин', 'Сергей', 'Алексеевич', 's.polbitsin@a-vek.ru', '8(343)253-00-53', '+7(965)516-00-01', 0, '2014-10-23 10:16:58', '2014-10-23 10:18:01', '0000-00-00 00:00:00'),
	(34, 39, 2, 'Гапонов', 'Сергей', 'Владимирович', 's.gaponov@inter-bel.ru', '84722357373', '89036428222', 0, '2014-10-24 06:30:17', '0000-00-00 00:00:00', '0000-00-00 00:00:00'),
	(35, 60, 6, 'Лабутин', 'Александр', 'Анатольевич', 'komdir@unikorauto.ru', '88313253333', '89519026836', 0, '2014-10-27 06:38:12', '0000-00-00 00:00:00', '0000-00-00 00:00:00'),
	(36, 76, 1, 'Кайцуков', 'Заур', 'Мухамедович', 'k.zaur.m@mail.ru', '8 (8662) 75-38-61', '', 0, '2014-10-30 07:42:59', '0000-00-00 00:00:00', '0000-00-00 00:00:00'),
	(37, 76, 2, 'Тохтамышева', 'Елизавета', 'Павловна', 'nalchik-vaz@yandex.ru', '8 (8662) 75-09-49', '+7 903 496 9016', 0, '2014-10-30 07:44:07', '0000-00-00 00:00:00', '0000-00-00 00:00:00'),
	(38, 82, 0, 'Рудкин', 'Николай', 'Константинович', 'RudkinNK@lada-arh.ru', '8 8182 24 22 27', '+79212936383', 0, '2014-10-31 06:07:47', '0000-00-00 00:00:00', '0000-00-00 00:00:00'),
	(39, 21, 6, 'Родионов', 'Александр', 'Владимирович', 'RadionovAV@avtoray.ru', '8(8422) 27 11 11 (23', '+7 951 097 15 18', 0, '2014-11-07 11:29:13', '0000-00-00 00:00:00', '0000-00-00 00:00:00'),
	(40, 21, 2, 'Леушкин', 'Иван', 'Александрович', 'LeushkinIA@avtoray.ru', '8 (8422) 27 11 11 (2', '+7 960 379 84 36', 0, '2014-11-07 11:30:23', '0000-00-00 00:00:00', '0000-00-00 00:00:00'),
	(41, 21, 3, 'Илендеева', 'Ксения', 'Николаевна', 'IlendeevaKN@avtoray.ru', '8 (8422) 27 11 11 (2', '+7 905 184 05 27', 0, '2014-11-07 11:31:25', '0000-00-00 00:00:00', '0000-00-00 00:00:00'),
	(42, 31, 3, 'Чернышева', 'Ксения', 'Сергеевна', 'Chernysheva.K@tts.ru', '8(8552) 39-24-24', '+7 919-648-98-87', 0, '2014-11-07 11:31:33', '0000-00-00 00:00:00', '0000-00-00 00:00:00'),
	(43, 31, 6, 'Искаков', 'Тимур', 'Галимзянович', 'recept_lada@tts.ru', '8(8552) 39-24-24', '+7 917-299-67-73', 0, '2014-11-07 11:32:26', '0000-00-00 00:00:00', '0000-00-00 00:00:00'),
	(44, 21, 4, 'Лемесев', 'Вадим', 'Сергеевич', 'LemesevVS@avtoray.ru', '8 (8422) 27 12 12 (2', '+7 927 803 52 25', 0, '2014-11-07 11:32:51', '0000-00-00 00:00:00', '0000-00-00 00:00:00'),
	(45, 21, 5, 'Шаронов', 'Александр', 'Михайлович', 'lada@avtoray.ru', '8 (8422) 27 12 12', '+7 951 098 98 77', 0, '2014-11-07 11:34:38', '0000-00-00 00:00:00', '0000-00-00 00:00:00'),
	(46, 72, 2, 'Щепакина', 'Татьяна', 'Михайловна', 'aura@aura-auto.ru', '8(8482) 370000', '+79276128505', 0, '2014-11-07 12:18:40', '2014-11-10 07:16:21', '0000-00-00 00:00:00'),
	(47, 72, 1, 'Ханович', 'Александр', 'Михайлович', 'hanovich.a@gmail.com', '8(8482)677001', '+79272114043', 0, '2014-11-07 15:23:56', '0000-00-00 00:00:00', '0000-00-00 00:00:00'),
	(48, 72, 1, 'Ярилин', 'Дмитрий', 'Валентинович', 'yarilind@mail.ru', '8(8482)677041', '+79277848418', 0, '2014-11-07 15:26:56', '0000-00-00 00:00:00', '0000-00-00 00:00:00'),
	(49, 84, 6, 'Машурян', 'Эдгар', 'Бабкенович', 'edgar.mashuryan@mail.ru', '88613722224', '89184417841', 0, '2014-11-10 07:50:22', '2015-01-21 12:27:23', '0000-00-00 00:00:00'),
	(50, 84, 2, 'Рыжкова', 'Ирина', 'Владимировна', 'ryzhkova.1984@bk.ru', '88613722224', '89181833806', 0, '2014-11-10 07:51:31', '2015-01-21 12:25:17', '0000-00-00 00:00:00'),
	(51, 72, 3, 'Кайзерова', 'Ксения', 'Сергеевна', 'aura-marketing@yandex.ru', '8(8482) 370000', '', 0, '2014-11-11 05:32:28', '2015-04-21 23:50:29', '0000-00-00 00:00:00'),
	(52, 72, 6, 'Онищенко', 'Андрей', 'Александрович', 'aura.onishenko.andrey@gmail.com', '8(8482) 370000', '+79084067606', 0, '2014-11-11 05:34:55', '0000-00-00 00:00:00', '0000-00-00 00:00:00'),
	(53, 72, 6, 'Абрамов', 'Антон', 'Игоревич', 'aura.abramov.anton@gmail.com', '8(8482) 370000', '+79277846184', 0, '2014-11-11 05:36:16', '0000-00-00 00:00:00', '0000-00-00 00:00:00'),
	(54, 72, 6, 'Веселов', 'Андрей', 'Александрович', 'aura.veselov.andrey@gmail.com', '8(8482) 370000', '+79874593334', 0, '2014-11-11 05:38:13', '0000-00-00 00:00:00', '0000-00-00 00:00:00'),
	(55, 72, 6, 'Перекрестов', 'Сергей', 'Анатольевич', 'aura.perekrestov.sergey@gmail.com', '8(8482) 370000', '+79608396665', 0, '2014-11-11 05:39:46', '0000-00-00 00:00:00', '0000-00-00 00:00:00'),
	(56, 72, 6, 'Никитин', 'Сергей', 'Юрьевич', 'aura.nikitin.sergey@gmail.com', '8(8482) 370000', '+79270293148', 0, '2014-11-11 05:40:55', '0000-00-00 00:00:00', '0000-00-00 00:00:00'),
	(57, 72, 5, 'Шалюпин', 'Михаил', 'Григорьеич', 'aura-zch@mail.ru', '8(8482) 370000', '+79023778292', 0, '2014-11-11 05:43:54', '0000-00-00 00:00:00', '0000-00-00 00:00:00'),
	(58, 17, 2, 'Федоров', 'Александр', 'Сергеевич', 'konopkina-elena@rambler.ru', '84732008008', '89304012770', 0, '2014-11-13 09:26:15', '0000-00-00 00:00:00', '0000-00-00 00:00:00'),
	(59, 1, 1, 'Зуев', 'Вячеслав', 'Анатольевич', 'centrmotors@mail.ru', '88612259474', '88612970707', 0, '2014-11-13 11:41:35', '0000-00-00 00:00:00', '0000-00-00 00:00:00'),
	(60, 84, 4, 'Игнатьев', 'Валерий', 'Николаевич', 'autovaleragarant@yandex.ru', '8613727624', '9186796578', 0, '2014-11-14 14:28:41', '0000-00-00 00:00:00', '0000-00-00 00:00:00'),
	(61, 1, 5, 'Санников', 'Дмитрий', 'Петрович', 'cmotors-sklad@mail.ru', '88612259474', '88612970707', 0, '2014-11-15 10:29:52', '2014-11-17 08:12:22', '0000-00-00 00:00:00'),
	(62, 1, 2, 'Нам', 'Иван', 'Миронович', 'centrmotors@mail.ru', '88612259474', '88612970707', 0, '2014-11-15 10:31:04', '0000-00-00 00:00:00', '0000-00-00 00:00:00'),
	(63, 1, 6, 'Теплякова', 'Анна', 'Анатольевна', 'centrmotors@mail.ru', '88612259474', '88612970707', 0, '2014-11-15 10:38:18', '0000-00-00 00:00:00', '0000-00-00 00:00:00'),
	(64, 1, 4, 'Петров', 'Владимир', 'Юрьевич', 'centrmotors@mail.ru', '88612259474', '88612970707', 0, '2014-11-15 10:39:45', '0000-00-00 00:00:00', '0000-00-00 00:00:00'),
	(65, 1, 3, 'Кангур', 'Татьяна', 'Геннадьевна', 'centrmotors@mail.ru', '88612259474', '88612970707', 0, '2014-11-17 08:12:07', '0000-00-00 00:00:00', '0000-00-00 00:00:00'),
	(66, 1, 5, 'Сташкевич', 'Владимир', 'Александрович', 'centrmotors@mail.ru', '88612259474', '88612970707', 0, '2014-11-17 08:13:26', '0000-00-00 00:00:00', '0000-00-00 00:00:00'),
	(67, 49, 1, 'Оленев', 'Андрей', 'Анатольевич', 'AA.Olenev@smolensk-lada.ru', '8 (4812) 707-701', '+7 910 787-22-55', 0, '2014-11-17 14:42:39', '2014-11-17 14:45:28', '0000-00-00 00:00:00'),
	(68, 49, 2, 'Пекарский', 'Григорий', 'Анатольевич', 'GA.pekarskiy@smolensk-lada.ru', '8 (4812) 707-706', '+7 920 660-97-69', 0, '2014-11-17 14:43:57', '2014-11-17 15:07:06', '0000-00-00 00:00:00'),
	(69, 49, 3, 'Ястребцева', 'Елена', 'Александровна', 'EA.Yastrebceva@smolensk-lada.ru', '8 (4812) 707-705', '+7 920 303 59 76', 0, '2014-11-17 14:48:31', '2014-12-05 12:09:26', '0000-00-00 00:00:00'),
	(70, 49, 4, 'Еремин', 'Валерий', 'Викторович', 'VV.eremin@smolensk-lada.ru', '8 (4812) 707-703', '+7 920 300-61-65', 0, '2014-11-17 14:50:43', '2014-11-17 15:07:19', '0000-00-00 00:00:00'),
	(71, 49, 5, 'Лохманов', 'Павел', 'Иванович', 'info@smolensk-lada.ru', '8 (4812) 707-705', '+7 920 667-56-73', 0, '2014-11-17 14:52:32', '0000-00-00 00:00:00', '0000-00-00 00:00:00'),
	(72, 49, 6, 'Грицай', 'Константин', 'Витальевич', 'KV.Gricay@smolensk-lada.ru', '8 (4812) 707-707', '+7 920 660-98-17', 0, '2014-11-17 14:54:34', '0000-00-00 00:00:00', '0000-00-00 00:00:00'),
	(73, 49, 6, 'Клименко', 'Алексей', 'Николаевич', 'AN.Klimenko@smolensk-lada.ru', '8 (4812) 707-707', '+7 920 660-98-72', 0, '2014-11-17 14:58:11', '0000-00-00 00:00:00', '0000-00-00 00:00:00'),
	(74, 49, 6, 'Климов', 'Станислав', 'Сергеевич', 'SS.klimov@smolensk-lada.ru', '8 (4812) 707-707', '+7 920 332-14-55', 0, '2014-11-17 15:00:13', '2014-11-17 15:07:42', '0000-00-00 00:00:00'),
	(75, 49, 6, 'Моисеев', 'Владимир', 'Степанович', 'VS.Moiseev@smolensk-lada.ru', '8 (4812) 707-707', '+7 920 660-98-13', 0, '2014-11-17 15:02:28', '0000-00-00 00:00:00', '0000-00-00 00:00:00'),
	(76, 49, 6, 'Смирнов', 'Александр', 'Александрович', 'AA.Smirnov@smolensk-lada.ru', '8 (4812) 707-707', '+7 920 660-97-16', 0, '2014-11-17 15:03:57', '0000-00-00 00:00:00', '0000-00-00 00:00:00'),
	(77, 49, 6, 'Шерепицкая', 'Мария', 'Сергеевна', 'MS.Sherepickaya@smolensk-lada.ru', '8 (4812) 707-707', '+7 920 660-69-74', 0, '2014-11-17 15:06:23', '0000-00-00 00:00:00', '0000-00-00 00:00:00'),
	(78, 16, 1, 'Празян', 'Гарик', 'Арменакович', 'tempavto@inbox.ru', '8(861)2125151', '89181390366', 0, '2014-11-20 13:29:00', '0000-00-00 00:00:00', '0000-00-00 00:00:00'),
	(79, 16, 2, 'Зюбин', 'Артем', 'Михайлович', 'artem.avto@mail.ru', '8 (861) 2125151', '+79184432426', 0, '2014-11-20 13:30:11', '0000-00-00 00:00:00', '0000-00-00 00:00:00'),
	(80, 16, 3, 'Самылина', 'Анна', 'Андреевна', 'marketing@tempauto.net', '8 (861) 2125151', '', 0, '2014-11-20 13:31:01', '0000-00-00 00:00:00', '0000-00-00 00:00:00'),
	(81, 75, 2, 'Марданов', 'Евгений', 'Сергеевич', 'tss.pyatigorsk@gmail.com', '89283735601', '+79283036845', 0, '2014-11-24 07:51:00', '0000-00-00 00:00:00', '0000-00-00 00:00:00'),
	(82, 75, 6, 'Соколовский', 'Владислав', 'Вячеславович', 'tss.pyatigorsk@gmail.com', '89624900353', '+79283730033', 0, '2014-11-24 07:52:09', '0000-00-00 00:00:00', '0000-00-00 00:00:00'),
	(83, 75, 6, 'Жданов', 'Василий', 'Васильевич', 'tss.pyatigorsk@gmail.com', '88793383734', '+79282221137', 0, '2014-11-24 07:53:00', '0000-00-00 00:00:00', '0000-00-00 00:00:00'),
	(84, 75, 6, 'Вольф', 'Максим', 'Владимирович', 'tss.pyatigorsk@gmail.com', '88793383734', '+79054690160', 0, '2014-11-24 07:53:51', '2014-11-24 07:55:49', '0000-00-00 00:00:00'),
	(85, 75, 6, 'Топалов', 'Владимир', 'Владимирович', 'tss.pyatigorsk@gmail.com', '88793383734', '+79614564603', 0, '2014-11-24 07:55:30', '0000-00-00 00:00:00', '0000-00-00 00:00:00'),
	(86, 75, 6, 'Шавловский', 'Александр', 'Анатольевич', 'tss.pyatigorsk@gmail.com', '88793383734', '+79289285714', 0, '2014-11-24 07:56:58', '0000-00-00 00:00:00', '0000-00-00 00:00:00'),
	(87, 69, 1, 'Салимов', 'Руслан', 'Габитович', 'r.salimov@bashauto.com', '8 (347) 2460 600', '+7 927 321 89 97', 0, '2014-12-08 06:04:23', '0000-00-00 00:00:00', '0000-00-00 00:00:00'),
	(88, 69, 2, 'Дмитриев', 'Георгий', 'Александрович', 'g.dmitriev@bashauto.com', '8 (347) 2460 600', '+7 964 952 46 47', 0, '2014-12-08 06:07:19', '0000-00-00 00:00:00', '0000-00-00 00:00:00'),
	(89, 69, 3, 'Абайдуллина', 'Альбина', 'Радиковна', 'a.abaidullina@bashauto.com', '8 (347) 2460 600', '+7 917 366 09 72', 0, '2014-12-08 06:08:59', '0000-00-00 00:00:00', '0000-00-00 00:00:00'),
	(90, 65, 2, 'Денисенко', 'Алексей', 'Николаевич', 'lider2000@inbox.ru', '88637257177', '+79289605104', 0, '2015-01-12 10:14:15', '0000-00-00 00:00:00', '0000-00-00 00:00:00'),
	(91, 65, 1, 'Потрашков', 'Сергей', 'Александрович', 'hevrolet-salsk@mail.ru', '88637257177', '+79281853670', 0, '2015-01-12 10:15:52', '0000-00-00 00:00:00', '0000-00-00 00:00:00'),
	(92, 65, 4, 'Гладкий', 'Петр', 'Михайлович', 'petr-lada61@mail.ru', '88637257177', '+79281021606', 0, '2015-01-12 10:17:58', '0000-00-00 00:00:00', '0000-00-00 00:00:00'),
	(93, 65, 6, 'Мельников', 'Евгений', 'Александрович', 'evgeni.lada@mail.ru', '88637257177', '+79525698660', 0, '2015-01-12 10:20:09', '2015-01-12 11:59:45', '0000-00-00 00:00:00'),
	(94, 30, 2, 'Кудряшов', 'Станислав', 'Владимирович', 'kudryashov@lada-magnitogorsk.ru', '8(3519)581177 доб 14', '89090962201', 0, '2015-01-18 07:46:17', '0000-00-00 00:00:00', '0000-00-00 00:00:00'),
	(95, 30, 3, 'Валишин', 'Артем', 'Сергеевич', 'fmanager1@mail.ru', '83519581177', '89068713781', 0, '2015-01-18 07:48:28', '0000-00-00 00:00:00', '0000-00-00 00:00:00'),
	(96, 54, 6, 'Пастухов', 'Александр', 'Дмитриевич', 'a-pastuhov12@mail.ru', '88614641548', '+79183805310', 0, '2015-01-27 06:43:35', '0000-00-00 00:00:00', '0000-00-00 00:00:00'),
	(97, 54, 6, 'Трандофилов', 'Андрей', 'Анатольевич', 'trandofilow@yandex.ru', '8(86146)4-15-48', '+79183442841', 0, '2015-01-28 06:56:58', '2015-01-28 07:22:53', '0000-00-00 00:00:00'),
	(98, 54, 2, 'Воробьев', 'Дмитрий', 'Алексеевич', 'DnLex@yandex.ru', '88614641548', '+79184822684', 0, '2015-01-28 07:24:15', '0000-00-00 00:00:00', '0000-00-00 00:00:00'),
	(99, 88, 3, 'Никитина', 'Наталья', 'Ивановна', 'market@izh-lada.ru', '(3412) 37-70-49', '8 (951) 216-51-61', 0, '2015-03-20 10:00:29', '0000-00-00 00:00:00', '0000-00-00 00:00:00'),
	(100, 17, 1, 'Округов', 'Игорь', 'Иванович', 'Dir@lada.sovintel.ru', '8(473)2008008', '+79204610971', 0, '2015-03-31 13:25:47', '0000-00-00 00:00:00', '0000-00-00 00:00:00'),
	(101, 95, 6, 'Хужин', 'Игорь', 'Александрович', 'khuzhin.I@tts.ru', '83472925648 (74810)', '89371655498', 0, '2015-04-07 10:29:29', '0000-00-00 00:00:00', '0000-00-00 00:00:00'),
	(102, 95, 6, 'Муллагалин', 'Айдар', 'Анварович', 'Mullagalin.A@tts.ru', '83472925648 (74812)', '89178077072', 0, '2015-04-07 10:30:45', '0000-00-00 00:00:00', '0000-00-00 00:00:00'),
	(103, 95, 6, 'Садретдинов', 'Эмиль', 'Ильдарович', 'Sadretdinov.E@tts.ru', '83472925648 (74811)', '89196146361', 0, '2015-04-07 10:31:56', '0000-00-00 00:00:00', '0000-00-00 00:00:00'),
	(104, 95, 2, 'Шатов', 'Александр', 'Владимирович', 'Shatov.a@tts.ru', '83472925648 (74807)', '89279393935', 0, '2015-04-07 10:33:15', '0000-00-00 00:00:00', '0000-00-00 00:00:00'),
	(105, 95, 3, 'Галимова', 'Земфира', 'Газинуровна', 'Galimova.Z@tts.ru', '83472925648', '', 0, '2015-04-07 10:34:13', '0000-00-00 00:00:00', '0000-00-00 00:00:00'),
	(106, 95, 5, 'Фаизов', 'Рустем', 'Маратович', 'Faizov.R@tts.ru', '83472925648 (74817)', '', 0, '2015-04-07 10:35:05', '0000-00-00 00:00:00', '0000-00-00 00:00:00'),
	(107, 96, 1, 'Горюнов', 'Александр', 'Олегович', 'aleksandr.goriunov@nordavtotver.ru', '8(482) 2777-878', '+79066525005', 0, '2015-04-09 13:04:47', '0000-00-00 00:00:00', '0000-00-00 00:00:00'),
	(108, 94, 1, 'Шиляева', 'Лилия', 'Мударисовна', 'ods-lada@izh-lada.ru', '8 (3412) 68 56 32', '', 0, '2015-04-21 13:47:11', '2015-04-21 13:49:45', '0000-00-00 00:00:00'),
	(109, 94, 3, 'Никитина', 'Наталья', 'Евгеньевна', 'market@izh-lada.ru', '8 (3412) 37 70 49', '+7 951 216 51 61', 0, '2015-04-21 13:49:38', '2015-04-21 13:49:50', '0000-00-00 00:00:00'),
	(110, 94, 2, 'Битерева', 'Лариса', 'Владимировна', 'l.sozonova@izh-lada.ru', '8 (3412) 66 25 25', '', 0, '2015-04-21 13:51:06', '0000-00-00 00:00:00', '0000-00-00 00:00:00'),
	(111, 96, 3, 'Селезнева', 'Екатерина', 'Сергеевна', 'ekaterina.selezneva@nordavtotver.ru', '8482277-78-78', '89611418558', 0, '2015-06-22 13:34:31', '0000-00-00 00:00:00', '0000-00-00 00:00:00'),
	(112, 112, 2, 'Жилин', 'Вячеслав', 'Анатольевич', 'zhilin.vyacheslav@lada-awdm.ru', '8 (8332) 66-30-30', '89229954323', 0, '2015-07-02 05:52:30', '2016-01-20 08:22:05', '0000-00-00 00:00:00'),
	(113, 111, 1, 'Хабиров', 'Марат', 'Назыфович', 'giguli.oren@yandex.ru', '8 (3532)91-32-32', '', 0, '2015-07-02 07:43:56', '0000-00-00 00:00:00', '0000-00-00 00:00:00'),
	(114, 111, 2, 'Сайк', 'Александр', 'Николаевич', 'giguli.oren@yandex.ru', '8 (3532)91-32-32', '+79501896799', 0, '2015-07-02 07:45:33', '0000-00-00 00:00:00', '0000-00-00 00:00:00'),
	(115, 111, 3, 'Сальникова', 'Юлия', 'Павловна', 'ylia.sp@mail.ru', '8 (3532)91-32-32', '+79123418905', 0, '2015-07-02 07:46:53', '0000-00-00 00:00:00', '0000-00-00 00:00:00'),
	(116, 111, 6, 'Ковешников', 'Дмитрий', 'Николаевич', 'giguli.oren@yandex.ru', '8 (3532)91-32-32', '+79228363680', 0, '2015-07-02 07:49:25', '0000-00-00 00:00:00', '0000-00-00 00:00:00'),
	(117, 111, 4, 'Коляда', 'Евгений', 'Борисович', 'giguli.oren@yandex.ru', '8 (3532)91-32-32', '+79510346363', 0, '2015-07-02 07:51:53', '0000-00-00 00:00:00', '0000-00-00 00:00:00'),
	(118, 111, 5, 'Кузнецов', 'Евгений', 'Сергеевич', 'giguli.oren@yandex.ru', '8 (3532)91-32-32', '+79619297653', 0, '2015-07-02 07:53:11', '0000-00-00 00:00:00', '0000-00-00 00:00:00'),
	(119, 113, 2, 'Голубев', 'Алексей', 'Владимирович', 'a.golubev@bcrmotors.ru', '8-831-259-56-59', '8-953-415-68-51', 0, '2015-07-17 10:04:57', '0000-00-00 00:00:00', '0000-00-00 00:00:00'),
	(120, 82, 6, 'Шихирин', 'Николай', 'Вячеславович', 'shihirinnv@lada-arh.ru', '8 (8182) 670-670', '+79212906501', 0, '2015-08-05 16:35:19', '0000-00-00 00:00:00', '0000-00-00 00:00:00'),
	(121, 117, 4, 'Шайхулов', 'Равиль', 'Илгизарович', 'ravil.shayhulov@mail.ru', '8(34139)38448', '+79124579201', 0, '2015-08-17 06:17:22', '0000-00-00 00:00:00', '0000-00-00 00:00:00'),
	(122, 104, 6, 'Ганин', 'Никита', 'Валерьевич', 'a.alekseev@premiecar.ru', '8(8452)47-00-00', '89276216768', 0, '2015-08-26 06:00:39', '0000-00-00 00:00:00', '0000-00-00 00:00:00'),
	(123, 104, 6, 'Вилутис', 'Алексей', 'Викторович', 'a.alekseev@premiecar.ru', '8(8452)47-00-00', '89276216768', 0, '2015-08-26 06:44:51', '0000-00-00 00:00:00', '0000-00-00 00:00:00'),
	(124, 118, 2, 'Болдырев', 'Вячеслав', 'Босхомджиевич', 'v.boldirev@lada-elista.ru', '8472261989', '89093970139', 0, '2015-08-26 12:48:07', '0000-00-00 00:00:00', '0000-00-00 00:00:00'),
	(125, 87, 2, 'Арутюнов', 'Артем', 'Александрович', 'artem.arutyunov@lada-kaspygaz.ru', '8 (8512) 49 00 00', '', 0, '2015-08-27 06:27:18', '0000-00-00 00:00:00', '0000-00-00 00:00:00'),
	(126, 87, 1, 'Гурьянов', 'Станислав', 'Юрьевич', 'sygurianov@kaspygaz.ru', '8 (8512) 49 00 00', '', 0, '2015-08-27 06:29:00', '0000-00-00 00:00:00', '0000-00-00 00:00:00'),
	(127, 87, 6, 'Кокин', 'Владимир', 'Анатольевич', 'vladimir.kokin@lada-kaspygaz.ru', '8 906 177 70 99', '', 0, '2015-08-27 06:34:57', '0000-00-00 00:00:00', '0000-00-00 00:00:00'),
	(128, 121, 2, 'Жерихов', 'Олег', 'Николаевич', 'oleg.zherihov@lada-avtoregion.ru', '8 (8352) 32 17 77', '+7 927 851 89 85', 0, '2015-08-27 06:54:56', '0000-00-00 00:00:00', '0000-00-00 00:00:00'),
	(129, 121, 1, 'Сычев', 'Евгений', 'Владимирович', 'e.sychev@dialavto.ru', '8 (8352) 32 17 77', '+7 917 650 20 25', 0, '2015-08-27 06:57:30', '0000-00-00 00:00:00', '0000-00-00 00:00:00'),
	(130, 121, 3, 'Яковлев', 'Евгений', 'Анатольевич', 'reklama@avtoregion21.ru', '8 (8352) 32 17 77', '+ 7 987 760 24 05', 0, '2015-08-27 06:59:44', '0000-00-00 00:00:00', '0000-00-00 00:00:00'),
	(131, 124, 3, 'Солодовникова', 'Юлия', 'Александровна', 'ua.solodovnikova@lada-miravto.ru', '8 (8443) 56 55 55', '+79616561515', 0, '2015-08-27 07:00:13', '2015-08-27 07:54:22', '0000-00-00 00:00:00'),
	(132, 121, 4, 'Родионова', 'Анастасия', 'Валерьевна', 'rodionova@avtoregion21.ru', '8 (8352) 32 17 77', '+7 927 669 12 00', 0, '2015-08-27 07:01:38', '0000-00-00 00:00:00', '0000-00-00 00:00:00'),
	(133, 121, 5, 'Кузьмин', 'Александр', 'Антатольевич', 'a.kuzmin@avtoregion21.ru', '8 (8352) 32 17 77', '+ 7 987 660 23 75', 0, '2015-08-27 07:04:20', '2015-08-27 07:38:34', '0000-00-00 00:00:00'),
	(134, 121, 6, 'Антонов', 'Антон', 'Юрьевич', 'anton.antonov@lada-avtoregion.ru', '8 (8352) 32 17 77', '+ 7 917 653 41 62', 0, '2015-08-27 07:05:33', '0000-00-00 00:00:00', '0000-00-00 00:00:00'),
	(135, 124, 6, 'Сусленков', 'Руслан', 'Андреевич', 'RA.Suslenkov@lada-miravto.ru', '8 (8443) 56 55 55', '+79377094301', 0, '2015-08-27 07:06:33', '2015-08-27 07:55:11', '0000-00-00 00:00:00'),
	(136, 121, 6, 'Ильин', 'Роман', 'Петрович', 'roman.ilin@lada-avtoregion.ru', '8 (8352) 32 17 77', '+7 917 652 08 13', 0, '2015-08-27 07:40:43', '0000-00-00 00:00:00', '0000-00-00 00:00:00'),
	(137, 121, 6, 'Иванова', 'Ирина', 'Владиславна', 'irina.ivanova@lada-avtoregion.ru', '8 (8352) 32 17 77', '+7 919 678 39 95', 0, '2015-08-27 07:42:02', '0000-00-00 00:00:00', '0000-00-00 00:00:00'),
	(138, 121, 6, 'Емельянов', 'Николай', 'Николаевич', 'nikolay.emelyanov@lada-avtoregion.ru', '8 (8352) 32 17 77', '+ 7 961 340 01 15', 0, '2015-08-27 07:43:43', '0000-00-00 00:00:00', '0000-00-00 00:00:00'),
	(139, 121, 6, 'Воробьев', 'Дмитрий', 'Валерьевич', 'dmitriy.vorobev@lada-avtoregion.ru', '8 (8352) 32 17 77', '+7 937 377 18 64', 0, '2015-08-27 07:45:15', '0000-00-00 00:00:00', '0000-00-00 00:00:00'),
	(140, 124, 1, 'Клименко', 'Михаил', 'Михайлович', 'MM.Klimenko@lada-miravto.ru', '8 (8443) 56 55 55', '+79616561515', 0, '2015-08-27 07:54:00', '2015-08-27 07:54:57', '0000-00-00 00:00:00'),
	(141, 122, 6, 'Карпенков', 'Даниил', 'Олегович', 'daniil.karpenkov@ladacenter.ru', '8 (812) 999 99 99', '+7 921 188 31 23', 0, '2015-08-27 08:11:59', '0000-00-00 00:00:00', '0000-00-00 00:00:00'),
	(142, 122, 2, 'Ивойлов', 'Илья', 'Андреевич', 'ilya.ivoilov@ladacenter.ru', '8 (812) 999 99 99', '+7 921 370 01 11', 0, '2015-08-27 08:13:11', '0000-00-00 00:00:00', '0000-00-00 00:00:00'),
	(143, 124, 6, 'Кочетов', 'Сергей', 'Дмитриевич', 'sd.kochetov@lada-miravto.ru', '8 (8443) 56 55 55', '+79954128988', 0, '2015-08-27 10:45:05', '2015-08-27 10:51:55', '0000-00-00 00:00:00'),
	(144, 124, 2, 'Жолобов', 'Роман', 'Викторович', 'rv.zholobov@lada-miravto.ru', '8 (8443) 56 55 55', '89616561515', 0, '2015-08-27 10:50:43', '2015-08-27 10:52:04', '0000-00-00 00:00:00'),
	(145, 123, 1, 'Шаравин', 'Андрей', 'Анатольевич', 'info@alliance-lada.ru', '8452-391313', '89033285656', 0, '2015-08-28 06:58:41', '0000-00-00 00:00:00', '0000-00-00 00:00:00'),
	(146, 120, 6, 'Говоров', 'Алексей', 'Валерьевич', 'Govorov.Aleksey@avtogermes.ru', '8 (495)276-04-34', '8-910-438-88-72', 0, '2015-08-28 07:06:45', '0000-00-00 00:00:00', '0000-00-00 00:00:00'),
	(147, 120, 6, 'Чепурной', 'Валерий', 'Дмитриевич', 'Kikoriya.Zaali@avtogermes.ru', '8(495)744-12-20', '8 999 802 03 01', 0, '2015-08-28 07:08:17', '0000-00-00 00:00:00', '0000-00-00 00:00:00'),
	(148, 120, 6, 'Федотов', 'Константин', 'Николаевич', 'Fedotov.Konstantin@avtogermes.ru', '8 (495)276-04-34', '8-916-392-93-72', 0, '2015-08-28 07:09:19', '0000-00-00 00:00:00', '0000-00-00 00:00:00'),
	(149, 120, 6, 'Коломенкин', 'Максим', 'Евгеньевич', 'Kolomenkin.Maksim@avtogermes.ru', '8 (495) 995-11-48', '8-910-438-87-82', 0, '2015-08-28 07:10:30', '0000-00-00 00:00:00', '0000-00-00 00:00:00'),
	(150, 110, 4, 'Брилевский', 'Константин', 'Игоревич', 'ric-hard@yandex.ru', '88482950650', '+79093639911', 0, '2015-08-28 10:47:03', '0000-00-00 00:00:00', '0000-00-00 00:00:00'),
	(151, 131, 6, 'Сыртланов', 'Артем', 'Рифкатович', 'artem.syrtlanov@yandex.ru', '8(347)216-06-16', '+79876266777', 0, '2015-09-01 04:15:32', '0000-00-00 00:00:00', '0000-00-00 00:00:00'),
	(152, 131, 6, 'Гилемханов', 'Алик', 'Авгатович', 'a.gilemhanov@lada-art-motors.ru', '8(347)216-06-16', '+79603870320', 0, '2015-09-01 04:20:38', '0000-00-00 00:00:00', '0000-00-00 00:00:00'),
	(153, 131, 6, 'Шамсутдинов', 'Альфред', 'Насырович', 'an.shamsutdinov@lada-art-motors.ru', '8(347)216-06-16', '+79279659778', 0, '2015-09-01 04:22:13', '0000-00-00 00:00:00', '0000-00-00 00:00:00'),
	(154, 131, 2, 'Коврацкий', 'Дмитрий', 'Геннадьевич', 'kodige@mail.ru', '8(347)216-06-16', '+79656493064', 0, '2015-09-01 04:23:30', '0000-00-00 00:00:00', '0000-00-00 00:00:00'),
	(155, 131, 3, 'Шамсутдинова', 'Эльвира', 'Фуатовна', 'elvira.shamsutdinova@art-motors.ru', '8(347)241-52-35', '+79173415086', 0, '2015-09-01 04:25:58', '0000-00-00 00:00:00', '0000-00-00 00:00:00'),
	(156, 131, 5, 'Колесник', 'Вячеслав', 'Вячеславович', 'vv.kolesnik@lada-art-motors.ru', '8(347)216-06-16', '+79273331949', 0, '2015-09-01 04:28:26', '0000-00-00 00:00:00', '0000-00-00 00:00:00'),
	(157, 131, 4, 'Кудряков', 'Ильдар', 'Исхакович', 'ildar.kudryakov@art-motors.ru', '8(347)216-06-16', '+79174951405', 0, '2015-09-01 04:29:52', '0000-00-00 00:00:00', '0000-00-00 00:00:00'),
	(158, 128, 2, 'Пронин', 'Александр', 'Николаевич', 'alexandr.pronin@lada-cherepovec.ru', '8 (8202) 20 16 20', '+7 921 732 59 37', 0, '2015-09-01 08:06:45', '0000-00-00 00:00:00', '0000-00-00 00:00:00'),
	(159, 128, 1, 'Фатькин', 'Дмитрий', 'Анатольевич', 'dmitriy.fatkin@lada-cherepovec.ru', '8 (8202) 28 04 97', '+7 921 732 41 25', 0, '2015-09-01 08:08:52', '0000-00-00 00:00:00', '0000-00-00 00:00:00'),
	(160, 128, 3, 'Тихова', 'Ирина', 'Геннадьевич', 'irina.tihova@lada-cherepovec.ru', '8 (8202) 20 16 20', '+ 7 921 135 51 91', 0, '2015-09-01 08:11:28', '0000-00-00 00:00:00', '0000-00-00 00:00:00'),
	(161, 128, 4, 'Тучков', 'Эдуард', 'Николаевич', 'eduard.tuchkov@lada-cherepovec.ru', '8 (8202) 20 16 20', '+7 921 732 54 86', 0, '2015-09-01 08:16:29', '0000-00-00 00:00:00', '0000-00-00 00:00:00'),
	(162, 128, 5, 'Тучков', 'Эдуард', 'Николаевич', 'eduard.tuchkov@lada-cherepovec.ru', '8 (8202) 20 16 20', '+7 921 732 54 86', 0, '2015-09-01 08:17:07', '0000-00-00 00:00:00', '0000-00-00 00:00:00'),
	(163, 128, 6, 'Карамышева', 'Елена', 'Николаевна', 'elena.karamysheva@lada-cherepovec.ru', '8 (8202) 20 16 20', '+7 981 508 66 68', 0, '2015-09-01 08:19:06', '0000-00-00 00:00:00', '0000-00-00 00:00:00'),
	(164, 128, 6, 'Иванова', 'Марина', 'Игоревна', 'manager@lada-cherepovec.ru', '8 (8202) 20 16 20', '', 0, '2015-09-01 08:21:48', '0000-00-00 00:00:00', '0000-00-00 00:00:00'),
	(165, 128, 6, 'Илатовская', 'Анастасия', 'Романовна', 'manager@lada-cherepovec.ru', '8 (8202) 20 16 20', '', 0, '2015-09-01 08:23:10', '0000-00-00 00:00:00', '0000-00-00 00:00:00'),
	(166, 128, 6, 'Вайгачев', 'Илья', 'Андреевич', 'manager@lada-cherepovec.ru', '8 (8202) 20 16 20', '', 0, '2015-09-01 08:23:44', '0000-00-00 00:00:00', '0000-00-00 00:00:00'),
	(167, 128, 6, 'Смирнов', 'Дмитрий', 'Владимирович', 'manager@lada-cherepovec.ru', '8 (8202) 20 16 20', '', 0, '2015-09-01 08:24:34', '0000-00-00 00:00:00', '0000-00-00 00:00:00'),
	(168, 132, 6, 'Ришко', 'Василий', 'Васильевич', 'v.rishko@dav-auto.ru', '8(342)2462606', '+79519261579', 0, '2015-09-02 06:51:02', '0000-00-00 00:00:00', '0000-00-00 00:00:00'),
	(169, 132, 6, 'Никишин', 'Антон', 'Вячеславович', 'a.nikishin@dav-auto.ru', '8(342)2462606', '+79082726410', 0, '2015-09-02 06:52:35', '0000-00-00 00:00:00', '0000-00-00 00:00:00'),
	(170, 132, 6, 'Смирнов', 'Александр', 'Геннадьевич', 'a.smirnov@dav-auto.ru', '8(342)2462606', '+79824692382', 0, '2015-09-02 06:54:13', '0000-00-00 00:00:00', '0000-00-00 00:00:00'),
	(171, 132, 6, 'Останин', 'Андрей', 'Андреевич', 'a.ostanin@dav-auto.ru', '8(342)2462606', '+79068874444', 0, '2015-09-02 06:55:40', '0000-00-00 00:00:00', '0000-00-00 00:00:00'),
	(172, 132, 6, 'Квасников', 'Лев', 'Николаевич', 'l.kvasnikov@dav-auto.ru', '8(342)2462606', '+79655679756', 0, '2015-09-02 06:57:08', '0000-00-00 00:00:00', '0000-00-00 00:00:00'),
	(173, 132, 6, 'Шестаков', 'Андрей', 'Николаевич', 'a.shestakov@dav-auto.ru', '8(342)2462606', '+79091156665', 0, '2015-09-02 06:58:25', '0000-00-00 00:00:00', '0000-00-00 00:00:00'),
	(174, 132, 2, 'Гирев', 'Виктор', 'Геннадьевич', 'v.girev@dav-auto.ru', '8(342)2462606', '+79082768610', 0, '2015-09-02 06:58:57', '0000-00-00 00:00:00', '0000-00-00 00:00:00'),
	(175, 11, 1, 'Хаймахян', 'Маркар', 'Амазаспович', 'markar-rostov@mail.ru', '8(863)297-55-55', '+79282267020', 0, '2015-09-02 09:22:12', '0000-00-00 00:00:00', '0000-00-00 00:00:00'),
	(176, 68, 6, 'Дмитриев', 'Денис', 'Владимирович', 'dmitriev-tas@mail.ru', '84752739100', '+79204876969', 0, '2015-09-02 12:26:29', '0000-00-00 00:00:00', '0000-00-00 00:00:00'),
	(177, 133, 2, 'Байдина', 'Галина', 'Викторовна', 'g.baidina@blgrozny.ru', '8(8712)294-333', '', 0, '2015-09-03 09:12:31', '0000-00-00 00:00:00', '0000-00-00 00:00:00'),
	(178, 133, 3, 'Боршигов', 'Хасан', 'Хамзатович', 'h.borshigov@blgrozny.ru', '8(8712)29-43-33', '8(928)269-43-33', 0, '2015-09-03 09:14:49', '0000-00-00 00:00:00', '0000-00-00 00:00:00'),
	(179, 133, 6, 'Абдулазимов', 'Муса', 'Сайдалиевич', 'm.abdulazimov@blgrozny.ru', '8(8712)294-333', '', 0, '2015-09-03 09:18:24', '0000-00-00 00:00:00', '0000-00-00 00:00:00'),
	(180, 133, 6, 'Этиев', 'Висхан', 'Хаважевич', 'v.etiev@blgrozny.ru', '8(8712)294-333', '', 0, '2015-09-03 09:20:56', '2015-09-09 09:08:54', '0000-00-00 00:00:00'),
	(181, 87, 3, 'Тихонова', 'Александра', 'Александровна', 'aatihonova@kaspygaz.ru', '8 (8512) 49-14-94', '', 0, '2015-09-04 07:50:37', '0000-00-00 00:00:00', '0000-00-00 00:00:00'),
	(182, 159, 2, 'Скобелкин', 'Юрий', 'Александрович', 'skobelkin@m-b.ru', '+78332407222', '+79058710053', 0, '2015-09-07 08:28:20', '2015-09-07 08:28:30', '0000-00-00 00:00:00'),
	(183, 159, 6, 'Никифоров', 'Дмитрий', 'Александрович', 'd.nikiforov@lada.m-b.ru', '+78332407222', '+79229221272', 0, '2015-09-07 10:01:14', '0000-00-00 00:00:00', '0000-00-00 00:00:00'),
	(184, 159, 3, 'Алакшина', 'Татьяна', 'Анатольевна', 'marketolog@m-b.ru', '+78332407222', '+79128263875', 0, '2015-09-07 10:02:22', '0000-00-00 00:00:00', '0000-00-00 00:00:00'),
	(185, 159, 3, 'Ширяев', 'Максим', 'Александрович', 'bear_max@mail.ru', '+78332407222', '+79617485540', 0, '2015-09-07 10:12:07', '0000-00-00 00:00:00', '0000-00-00 00:00:00'),
	(186, 127, 2, 'Фаткуллин', 'Тимур', 'Мажитович', 'fatkullintm@avtoliga-lada.ru', '8 (347) 924 80 98', '+7 909 345 76 75', 0, '2015-09-08 04:50:05', '0000-00-00 00:00:00', '0000-00-00 00:00:00'),
	(187, 127, 6, 'Калугина', 'Наталья', 'Михайловна', 'kaluginanm@avtoliga-lada.ru', '8 (347) 924 80 98', '+7 962 519 72 26', 0, '2015-09-08 04:51:37', '0000-00-00 00:00:00', '0000-00-00 00:00:00'),
	(188, 127, 6, 'Галиуллин', 'Ришат', 'Юрисович', 'galiullinryu@avtoliga-lada.ru', '8 (347) 924 80 98', '+7 987 488 47 02', 0, '2015-09-08 04:52:45', '0000-00-00 00:00:00', '0000-00-00 00:00:00'),
	(189, 127, 6, 'Хамидов', 'Руслан', 'Нарзуллоевич', 'hamidovrn@avtoliga-lada.ru', '8 (347) 924 80 98', '+7 961 357 11 77', 0, '2015-09-08 04:53:59', '0000-00-00 00:00:00', '0000-00-00 00:00:00'),
	(190, 2, 6, 'Зинченко', 'Руслан', 'Николаевич', 'ruslan.zinchenko@lada-rusavto.ru', '8(8652)22-11-22', '+7-918-882-63-78', 0, '2015-09-08 07:24:03', '2015-09-08 07:32:26', '0000-00-00 00:00:00'),
	(191, 2, 2, 'Нехаенко', 'Андрей', 'Николаевич', 'andrey.nehaenko@lada-rusavto.ru', '8(8652)39-60-93', '+7-962-411-59-88', 0, '2015-09-08 07:26:40', '2015-09-08 07:32:16', '0000-00-00 00:00:00'),
	(192, 2, 2, 'Арутюнян', 'Вадим', 'Сергеевич', 'vadim.arutyunyan@lada-rusavto.ru', '8(8652)28-11-01', '+7-962-452-21-25', 0, '2015-09-08 07:32:01', '0000-00-00 00:00:00', '0000-00-00 00:00:00'),
	(193, 2, 6, 'Евдокимов', 'Иван', 'Викторович', 'ivan.evdokimov@lada-rusavto.ru', '8(8652)22-11-22', '+7-961-498-37-96', 0, '2015-09-08 07:38:31', '0000-00-00 00:00:00', '0000-00-00 00:00:00'),
	(194, 2, 6, 'Касьянов', 'Сергей', 'Юрьевич', 'sergey.kasyanov@lada-rusavto.ru', '8(8652)28-11-01', '+7-988-744-47-66', 0, '2015-09-08 07:44:31', '2015-09-08 07:44:54', '0000-00-00 00:00:00'),
	(195, 2, 6, 'Килочек', 'Алексей', 'Юрьевич', 'aleksey.kilochek@lada-rusavto.ru', '8(8652)22-11-22', '+7-988-867-74-20', 0, '2015-09-08 07:56:53', '0000-00-00 00:00:00', '0000-00-00 00:00:00'),
	(196, 2, 6, 'Павлиди', 'Павел', 'Васильевич', 'pavel.pavlidi@lada-rusavto.ru', '8(8652)22-11-22', '+7-918-768-61-66', 0, '2015-09-08 07:59:16', '0000-00-00 00:00:00', '0000-00-00 00:00:00'),
	(197, 2, 6, 'Романенко', 'Евгений', 'Владимирович', 'evgeniy.romanenko@lada-rusavto.ru', '8(8652)22-11-22', '+7-918-750-67-69', 0, '2015-09-08 08:01:40', '0000-00-00 00:00:00', '0000-00-00 00:00:00'),
	(198, 2, 6, 'Аксёнов', 'Виталий', 'Николаевич', 'vitaliy.aksenov@lada-rusavto.ru', '8(8652)22-11-22', '+7-928-300-30-88', 0, '2015-09-08 08:06:34', '0000-00-00 00:00:00', '0000-00-00 00:00:00'),
	(199, 2, 6, 'Аксёнов', 'Вячеслав', 'Николаевич', 'vyacheslav.aksenov@lada-rusavto.ru', '8(8652)22-11-22', '+7-928-634-88-67', 0, '2015-09-08 08:10:48', '0000-00-00 00:00:00', '0000-00-00 00:00:00'),
	(200, 177, 6, 'Федотенков', 'Александр', 'Сергеевич', 'a.fedotenkov@lada-tulaavtoservis.ru', '8(4872)710575', '89190720904', 0, '2015-09-08 08:56:18', '0000-00-00 00:00:00', '0000-00-00 00:00:00'),
	(201, 165, 2, 'Чекуров', 'Андрей', 'Александрович', 'achekurov@rm-spb.ru', '88123310332', '+7 904 6414313', 0, '2015-09-08 10:00:39', '0000-00-00 00:00:00', '0000-00-00 00:00:00'),
	(202, 165, 3, 'Бузин', 'Андрей', 'Сергеевич', 'andrzubin@rm-spb.ru', '8 (812)331-03-32', '+7 952 096 58 95', 0, '2015-09-08 10:02:01', '0000-00-00 00:00:00', '0000-00-00 00:00:00'),
	(203, 165, 1, 'Сущев', 'Вадим', 'Севирович', 'sushevvs@mail.ru', '8 (812)331-03-32', '', 0, '2015-09-08 10:03:18', '0000-00-00 00:00:00', '0000-00-00 00:00:00'),
	(204, 165, 6, 'Коровин', 'Роман', 'Юрьевич', 'korovin@ladacenter-spb.ru', '8 (812)331-03-32', '', 0, '2015-09-08 10:04:03', '0000-00-00 00:00:00', '0000-00-00 00:00:00'),
	(205, 165, 6, 'Коржов', 'Евгений', 'Юрьевич', 'Korzhov@ladacenter-spb.ru', '8 (812)331-03-32', '', 0, '2015-09-08 10:05:16', '0000-00-00 00:00:00', '0000-00-00 00:00:00'),
	(206, 165, 4, 'Дейкина', 'Святослава', 'Николаевна', 'deikinas@rm-spb.ru', '8 (812)331-03-32', '', 0, '2015-09-08 10:06:24', '0000-00-00 00:00:00', '0000-00-00 00:00:00'),
	(207, 177, 6, 'Михеев', 'Виталий', 'Александрович', 'v.miheev@lada-tulaavtoservis.ru', '8(4872)710575', '89109401180', 0, '2015-09-08 12:01:23', '0000-00-00 00:00:00', '0000-00-00 00:00:00'),
	(208, 177, 2, 'Дозоров', 'Сергей', 'Викторович', 'lada@autoshina.net', '8(4872)710575', '89109457850', 0, '2015-09-08 12:02:32', '0000-00-00 00:00:00', '0000-00-00 00:00:00'),
	(209, 177, 6, 'Мглинец', 'Дмитрий', 'Александрович', 'd.mglinec@lada-tulaavtoservis.ru', '8(4872)710575', '89534259944', 0, '2015-09-08 12:05:03', '0000-00-00 00:00:00', '0000-00-00 00:00:00'),
	(210, 177, 6, 'Фендель', 'Игорь', 'Васильевич', 'i.fendel@lada-tulaavtoservis.ru', '8(4872)710575', '89207537653', 0, '2015-09-08 12:13:58', '0000-00-00 00:00:00', '0000-00-00 00:00:00'),
	(211, 177, 6, 'Евланов', 'Артём', 'Олегович', 'a.evlanov@lada-tulaavtoservis.ru', '8(4872)710575', '89207596989', 0, '2015-09-08 12:15:34', '0000-00-00 00:00:00', '0000-00-00 00:00:00'),
	(212, 177, 6, 'Чуйкин', 'Евгений', 'Владимирович', 'e.chuikin@lada-tulaavtoservis.ru', '8(4872)710575', '89056202022', 0, '2015-09-08 12:17:45', '0000-00-00 00:00:00', '0000-00-00 00:00:00'),
	(213, 177, 6, 'Бурмистров', 'Андрей', 'Владимирович', 'a.burmistrov@lada-tulaavtoservis.ru', '8(4872)710575', '89157818181', 0, '2015-09-08 12:22:53', '0000-00-00 00:00:00', '0000-00-00 00:00:00'),
	(214, 177, 6, 'Федотенкова', 'Ирина', 'Анатольевна', 'i.fedotenkova@lada-tulaavtoservis.ru', '8(4872)710575', '89539509007', 0, '2015-09-08 12:30:00', '0000-00-00 00:00:00', '0000-00-00 00:00:00'),
	(215, 29, 1, 'Делибалтов', 'Георгий', 'Георгиевич', 'baidenkoviktoria@mail.ru', '88793537681', '', 0, '2015-09-08 12:59:41', '0000-00-00 00:00:00', '0000-00-00 00:00:00'),
	(216, 168, 6, 'Борщев', 'Роман', 'Николаевич', 'roman.borshov@lada-express-avto.ru', '+79180370808', '+79182140500', 0, '2015-09-09 07:06:02', '0000-00-00 00:00:00', '0000-00-00 00:00:00'),
	(217, 179, 6, 'Рахманкулов', 'Айрат', 'Маратович', 'a.rahmankulov@lada-autovek.ru', '8 (351) 247 70 70', '', 0, '2015-09-09 07:10:27', '2015-09-09 07:22:29', '0000-00-00 00:00:00'),
	(218, 179, 6, 'Гарипов', 'Рамиль', 'Ильдусович', 'r.garipov@a-vek.ru', '8 (351) 247 70 70', '', 0, '2015-09-09 07:11:52', '2015-09-09 07:22:35', '0000-00-00 00:00:00'),
	(219, 179, 6, 'Пястолова', 'Ирина', 'Андреевна', 'irina.piastolova@lada-autovek.ru', '8 (351) 247 70 70', '', 0, '2015-09-09 07:16:00', '2015-09-09 07:22:40', '0000-00-00 00:00:00'),
	(220, 179, 6, 'Булатова', 'Анастасия', 'Анатольевна', 'anastasiya.bulatova@lada-autovek.ru', '8 (351) 247 70 70', '', 0, '2015-09-09 07:17:42', '2015-09-09 07:22:45', '0000-00-00 00:00:00'),
	(221, 179, 6, 'Лапова', 'Юлиана', 'Константиновна', 'uliana.lapova@lada-autovek.ru', '8 (351) 247 70 70', '', 0, '2015-09-09 07:18:27', '0000-00-00 00:00:00', '0000-00-00 00:00:00'),
	(222, 179, 6, 'Кулешов', 'Евгений', 'Владимирович', 'evgeniy.kuleshov@lada-autovek.ru', '8 (351) 247 70 70', '', 0, '2015-09-09 07:19:13', '0000-00-00 00:00:00', '0000-00-00 00:00:00'),
	(223, 179, 2, 'Балчугов', 'Сергей', 'Владимирович', 's.balchugov@lada-autovek.ru', '8 (351) 247 70 70', '', 0, '2015-09-09 07:19:51', '0000-00-00 00:00:00', '0000-00-00 00:00:00'),
	(224, 179, 4, 'Зимин', 'Денис', 'Александрович', 'd.zimin@a-vek.ru', '8 (351) 247 70 70', '', 0, '2015-09-09 07:20:53', '0000-00-00 00:00:00', '0000-00-00 00:00:00'),
	(225, 179, 3, 'Баязитова', 'Регина', 'Раифовна', 'reklama74@lada-autovek.ru', '8 (351) 247 70 70', '', 0, '2015-09-09 07:22:11', '2015-09-09 07:38:50', '0000-00-00 00:00:00'),
	(226, 148, 1, 'Мещеряков', 'Александр', 'Александрович', 'alexander.mecheryakov@saturn2.ru', '8(351)2555700', '+7 906 860 40 58', 0, '2015-09-09 11:07:28', '2015-09-09 11:09:32', '0000-00-00 00:00:00'),
	(227, 148, 2, 'Повжиков', 'Александр', 'Сергеевич', 'alexander.povzhikov@saturn2.ru', '8(351)2555700', '+7 967 862 38 22', 0, '2015-09-09 11:08:17', '2015-09-09 11:08:46', '0000-00-00 00:00:00'),
	(228, 94, 6, 'Шайхутдинов', 'Ильдар', 'Флюрович', 'I.shaihutdinov@izh-lada.ru', '8 (3412) 66 25 25', '+7 951 195 38 32', 0, '2015-09-10 14:09:31', '2015-09-10 14:09:57', '0000-00-00 00:00:00'),
	(229, 147, 1, 'Андрянов', 'Александр', 'Анатольевч', 'aa.andriyanov@berlada.ru', '83432283880', '+79193640350', 0, '2015-09-14 08:33:23', '0000-00-00 00:00:00', '0000-00-00 00:00:00'),
	(230, 147, 2, 'покровский', 'Владимир', 'Сергеевич', 'vs.pokrovsky@berlada.ru', '83432283880', '+79827472315', 0, '2015-09-14 08:34:02', '0000-00-00 00:00:00', '0000-00-00 00:00:00'),
	(231, 147, 4, 'Евдокимов', 'Алексей', 'Владимироич', 'av.evdokimov@berlada.ru', '83432283880', '+79122837179', 0, '2015-09-14 08:36:33', '0000-00-00 00:00:00', '0000-00-00 00:00:00'),
	(232, 147, 5, 'Меланин', 'Иван', 'Сергеевич', 'is.melanin@berlada.ru', '83432283880', '+79041740449', 0, '2015-09-14 08:48:59', '0000-00-00 00:00:00', '0000-00-00 00:00:00'),
	(233, 147, 6, 'Жуков', 'Алексей', 'Анатольевч', 'aa.zhukov@berlada.ru', '83432283880', '+79058067970', 0, '2015-09-14 08:50:05', '0000-00-00 00:00:00', '0000-00-00 00:00:00'),
	(234, 147, 6, 'Двойных', 'Сергей', 'Сергеевич', 'cc.dvoinykh@berlada.ru', '83432283880', '+79058070896', 0, '2015-09-14 08:51:22', '0000-00-00 00:00:00', '0000-00-00 00:00:00'),
	(235, 189, 3, 'Саврасова', 'Анна', 'Александровна', 'severmarketing@yandex.ru', '8817255-95-95', '', 0, '2015-09-30 13:34:39', '0000-00-00 00:00:00', '0000-00-00 00:00:00'),
	(236, 124, 6, 'Коньков', 'Артем', 'Юрьевич', 'au.konkov@lada-miravto.ru', '8 (8443) 56 55 55', '+7-961-656-15-15', 0, '2015-11-09 11:53:03', '2015-11-09 11:56:31', '0000-00-00 00:00:00'),
	(237, 124, 6, 'Руденко', 'Никита', 'Сергеевич', 'ns.rudenko@lada-miravto.ru', '8 (8443) 56 55 55', '+7-961-656-15-15', 0, '2015-11-09 11:56:06', '2015-11-09 11:56:47', '0000-00-00 00:00:00'),
	(238, 87, 4, 'Смолянинова', 'Ольга', 'Юрьевна', 'olga.smolianinova@lada-kaspygaz.ru', '8512491414', '9275526928', 0, '2016-03-18 14:48:31', '0000-00-00 00:00:00', '0000-00-00 00:00:00');
/*!40000 ALTER TABLE `crm_dealers_persons` ENABLE KEYS */;


-- Дамп структуры для таблица gildiya.crm.crm_dealers_places
CREATE TABLE IF NOT EXISTS `crm_dealers_places` (
  `id` int(11) NOT NULL AUTO_INCREMENT,
  `dealer_id` int(11) NOT NULL DEFAULT '0',
  `title` varchar(255) NOT NULL,
  `area_id` int(11) NOT NULL DEFAULT '0',
  `post_index` varchar(6) NOT NULL,
  `city` varchar(255) NOT NULL,
  `street` varchar(255) NOT NULL,
  `house` varchar(5) NOT NULL,
  `latitude` double DEFAULT '0',
  `longitude` double NOT NULL DEFAULT '0',
  `is_delete` tinyint(1) unsigned NOT NULL DEFAULT '0',
  `insert_time` timestamp NOT NULL DEFAULT CURRENT_TIMESTAMP,
  `update_time` timestamp NOT NULL DEFAULT '0000-00-00 00:00:00',
  `delete_time` timestamp NOT NULL DEFAULT '0000-00-00 00:00:00',
  PRIMARY KEY (`id`),
  KEY `dealer_id` (`dealer_id`)
) ENGINE=MyISAM AUTO_INCREMENT=154 DEFAULT CHARSET=utf8;

-- Дамп данных таблицы gildiya.crm.crm_dealers_places: 149 rows
/*!40000 ALTER TABLE `crm_dealers_places` DISABLE KEYS */;
INSERT INTO `crm_dealers_places` (`id`, `dealer_id`, `title`, `area_id`, `post_index`, `city`, `street`, `house`, `latitude`, `longitude`, `is_delete`, `insert_time`, `update_time`, `delete_time`) VALUES
	(1, 31, 'Набережные Челны', 17, '', 'Набережные Челны', 'Автодорога №8, Комплекс', '1', 55.687017891341, 52.359277845947, 1, '2014-08-21 12:38:40', '0000-00-00 00:00:00', '2014-11-07 11:36:11'),
	(2, 23, 'Центральный офис', 53, '', 'Москва', 'ул. Академика Королева', '13/1', 55.818877, 37.618354, 0, '2014-08-21 12:48:58', '0000-00-00 00:00:00', '0000-00-00 00:00:00'),
	(3, 7, 'Центральный офис', 55, '', 'Нижний Новгород', 'Московское шоссе', '294', 56.310283, 43.841164, 0, '2014-08-21 12:51:36', '0000-00-00 00:00:00', '0000-00-00 00:00:00'),
	(4, 21, 'Центральный офис', 75, '', 'Ульяновск', 'Московское шоссе', '17', 54.303533, 48.305692, 1, '2014-08-21 12:53:27', '0000-00-00 00:00:00', '2014-11-07 11:42:18'),
	(5, 11, 'Центральный офис', 63, '', 'Ростов-на-Дону', 'ул. Таганрогская', '211', 47.260075000013, 39.623465, 1, '2014-08-21 12:55:37', '0000-00-00 00:00:00', '2014-10-16 12:13:19'),
	(6, 20, 'Центральный офис', 57, '', 'Новосибирск', 'ул. Хилокская', '9', 54.947982, 82.832646, 0, '2014-08-21 12:58:33', '0000-00-00 00:00:00', '0000-00-00 00:00:00'),
	(7, 13, 'Центральный офис', 53, '', 'Москва', '2-й Рощинский проезд', '8', 55.706315, 37.603002, 0, '2014-08-21 13:00:40', '0000-00-00 00:00:00', '0000-00-00 00:00:00'),
	(8, 27, 'Центральный офис', 17, '', 'Альметьевск', 'ул. Цеховая', '1', 54.899431, 52.32594, 0, '2014-08-21 13:02:35', '0000-00-00 00:00:00', '0000-00-00 00:00:00'),
	(9, 5, 'Центральный офис', 68, '', 'Екатеринбург', 'ул. Таганскаяул. Таганская', '77', 56.906355, 60.629715, 0, '2014-08-21 13:04:17', '0000-00-00 00:00:00', '0000-00-00 00:00:00'),
	(10, 15, 'Центральный офис', 27, '', 'Красноярск', 'ул. Калинина', '84а', 56.045373, 92.779413, 0, '2014-08-21 13:06:05', '0000-00-00 00:00:00', '0000-00-00 00:00:00'),
	(11, 17, 'Центральный офис', 40, '', 'Воронеж', 'проспект Патриотов', '47', 51.646107, 39.107329, 0, '2014-08-21 13:15:59', '0000-00-00 00:00:00', '0000-00-00 00:00:00'),
	(12, 33, 'Центральный офис', 30, '', 'Пятигорск', 'ул. Почтовая', '54', 44.038785, 43.127614, 1, '2014-08-21 13:19:54', '0000-00-00 00:00:00', '2014-10-22 12:57:31'),
	(13, 35, 'Центральный офис', 22, '', 'Чебоксары', 'проезд Машиностроителей', '5', 56.119293, 47.303001, 0, '2014-08-21 13:22:17', '0000-00-00 00:00:00', '0000-00-00 00:00:00'),
	(14, 19, 'Центральный офис', 76, '', 'Магнитогорск', 'ул. Калмыкова', '70/2', 53.342215, 58.995617, 0, '2014-08-21 13:24:27', '0000-00-00 00:00:00', '0000-00-00 00:00:00'),
	(15, 29, 'Центральный офис', 30, '', 'Лермонтов', 'ул. Промышленная', '2', 44.101855, 42.934566, 0, '2014-08-21 13:27:42', '0000-00-00 00:00:00', '0000-00-00 00:00:00'),
	(16, 28, 'Центральный офис', 44, '', 'Калуга', 'ул. Зерновая', '17', 54.542556, 36.302178, 0, '2014-08-21 13:30:00', '0000-00-00 00:00:00', '0000-00-00 00:00:00'),
	(17, 26, 'Центральный офис', 17, '', 'Елабуга', 'ул. Баки Урманче', '36а', 55.770502, 52.021609, 0, '2014-08-21 13:33:23', '0000-00-00 00:00:00', '0000-00-00 00:00:00'),
	(18, 6, 'Центральный офис', 17, '', 'Казань', 'Сибирский тракт', '48', 55.837298, 49.198258, 0, '2014-08-21 13:35:56', '0000-00-00 00:00:00', '0000-00-00 00:00:00'),
	(19, 9, 'Центральный офис', 63, '', 'Ростов-на-Дону Аксай', 'пр-кт Аксайский', '7', 47.274579000013, 39.827024, 0, '2014-08-21 13:37:56', '0000-00-00 00:00:00', '0000-00-00 00:00:00'),
	(20, 10, 'Центральный офис', 49, '', 'Курск', 'ул. 50 лет Октября', '124', 51.758762, 36.122578, 0, '2014-08-21 13:40:36', '0000-00-00 00:00:00', '0000-00-00 00:00:00'),
	(21, 14, 'Центральный офис', 27, '', 'Красноярск', 'пр-кт Газеты Красноярский Рабочий', '150и', 56.000074, 92.917897, 0, '2014-08-21 13:43:00', '0000-00-00 00:00:00', '0000-00-00 00:00:00'),
	(22, 4, 'Центральный офис', 21, '', 'Грозный', 'пр. Кирова', '13', 43.319035000024, 45.723161, 0, '2014-08-21 13:45:00', '0000-00-00 00:00:00', '0000-00-00 00:00:00'),
	(23, 24, 'Центральный офис', 51, '', 'Липецк', 'ул. Краснозаводская', '2в', 52.551253, 39.563593, 0, '2014-08-21 13:46:38', '0000-00-00 00:00:00', '0000-00-00 00:00:00'),
	(24, 3, 'Центральный офис', 53, '', 'Москва', 'ул. Кулакова', '24/3', 55.802179, 37.389149, 0, '2014-08-21 13:49:05', '0000-00-00 00:00:00', '0000-00-00 00:00:00'),
	(25, 25, 'Центральный офис', 38, '', 'Волгоград', 'ул. Азизбекова', '73', 48.705111000009, 44.457255, 0, '2014-08-21 13:50:41', '0000-00-00 00:00:00', '0000-00-00 00:00:00'),
	(26, 32, 'Центральный офис', 61, '', 'Пенза', 'ул. Аустрина', '3б', 53.252964, 45.017786, 0, '2014-08-21 13:52:05', '0000-00-00 00:00:00', '0000-00-00 00:00:00'),
	(27, 34, 'Центральный офис', 63, '', 'Ростов-на-Дону', 'ул. Доватора', '158', 47.238679, 39.584838, 0, '2014-08-21 13:53:56', '0000-00-00 00:00:00', '0000-00-00 00:00:00'),
	(28, 2, 'Центральный офис', 30, '', 'Ставрополь', 'пр-т Кулакова', '22г', 45.07258, 41.931094, 0, '2014-08-21 13:55:30', '0000-00-00 00:00:00', '0000-00-00 00:00:00'),
	(29, 30, 'Центральный офис', 76, '', 'Магнитогорск', 'ул. Советская', '158/2', 53.370941, 58.957618, 0, '2014-08-21 13:57:20', '0000-00-00 00:00:00', '0000-00-00 00:00:00'),
	(30, 16, 'Центральный офис', 26, '', 'Краснодар', 'Ростовское шоссе', '14', 45.071517, 38.989623, 0, '2014-08-21 13:58:32', '0000-00-00 00:00:00', '0000-00-00 00:00:00'),
	(31, 18, 'Центральный офис', 26, '', 'Краснодар', 'ул. Бородинская', '160/3', 45.005698, 39.104293, 0, '2014-08-21 14:00:28', '0000-00-00 00:00:00', '0000-00-00 00:00:00'),
	(32, 8, 'Центральный офис', 46, '', 'Киров', 'ул. Производственная', '24б', 58.586216, 49.614295, 0, '2014-08-21 14:03:12', '0000-00-00 00:00:00', '0000-00-00 00:00:00'),
	(33, 22, 'Центральный офис', 76, '', 'Челябинск', 'ул. Братская', '2а', 55.129319, 61.369648, 0, '2014-08-21 14:04:42', '0000-00-00 00:00:00', '0000-00-00 00:00:00'),
	(34, 12, 'Центральный офис', 50, '', 'Санкт-Петербург', 'ул. Бухарестская', '22/3б', 59.887422, 30.365599, 0, '2014-08-21 14:08:23', '0000-00-00 00:00:00', '0000-00-00 00:00:00'),
	(35, 1, 'Центральный офис', 26, '', 'Краснодар', 'ул. Дзержинского', '124', 45.123778, 38.988743, 0, '2014-08-21 14:10:10', '0000-00-00 00:00:00', '0000-00-00 00:00:00'),
	(36, 37, 'Центральный офис', 53, '', 'Москва', 'ул.Расплетина', '5', 55.791071, 37.481505, 0, '2014-09-03 10:37:09', '0000-00-00 00:00:00', '0000-00-00 00:00:00'),
	(37, 38, 'Центральный офис', 53, '', 'Яхрома', 'Шлюзовой переулок', '1', 56.278907, 37.486104, 0, '2014-09-03 10:53:04', '0000-00-00 00:00:00', '0000-00-00 00:00:00'),
	(38, 39, 'Центральный офис', 35, '', 'Белгород', 'пр-т Б. Хмельницкого', '209', 50.650731, 36.564729, 0, '2014-09-03 10:57:48', '0000-00-00 00:00:00', '0000-00-00 00:00:00'),
	(39, 41, 'Центральный офис', 37, '', 'Владимир', 'ул. Куйбышева', '24а', 56.169333, 40.405126, 0, '2014-09-03 11:08:21', '0000-00-00 00:00:00', '0000-00-00 00:00:00'),
	(40, 42, 'Центральный офис', 42, '', 'Иркутск', 'Аргунова', '2', 52.258139, 104.21979, 0, '2014-09-03 11:11:37', '0000-00-00 00:00:00', '0000-00-00 00:00:00'),
	(41, 43, 'Центральный офис', 5, '', 'Каспийск', 'ул. Аметхан Султана', '21', 42.885377, 47.622837, 0, '2014-09-03 11:14:42', '0000-00-00 00:00:00', '0000-00-00 00:00:00'),
	(42, 44, 'Центральный офис', 60, '', 'Орел', 'Карачевское ш.', '90', 52.947902, 36.024653, 0, '2014-09-03 11:18:12', '0000-00-00 00:00:00', '0000-00-00 00:00:00'),
	(43, 45, 'Центральный офис', 76, '', 'Екатеринбург', 'переулок Базовый', '10', 56.81873, 60.653987, 0, '2014-09-03 11:24:55', '0000-00-00 00:00:00', '0000-00-00 00:00:00'),
	(44, 46, 'Центральный офис', 41, '', 'Иваново', 'Калашникова', '26а', 57.026889, 40.967992, 0, '2014-09-03 11:29:09', '0000-00-00 00:00:00', '0000-00-00 00:00:00'),
	(45, 47, 'Центральный офис', 36, '', 'Брянск', 'ул. Культуры', '1а', 53.203155, 34.421043, 0, '2014-09-03 11:31:00', '0000-00-00 00:00:00', '0000-00-00 00:00:00'),
	(46, 48, 'Центральный офис', 65, '', 'Самара', 'ул. Алма-Атинская', '72', 53.244435, 50.268762, 0, '2014-09-03 11:35:22', '0000-00-00 00:00:00', '0000-00-00 00:00:00'),
	(47, 49, 'Центральный офис', 69, '', 'Смоленск', 'ул. Шевченко', '87а', 54.784754, 32.085073, 0, '2014-09-03 11:37:15', '0000-00-00 00:00:00', '0000-00-00 00:00:00'),
	(48, 50, 'Центральный офис', 63, '', 'Шахты', 'ул. Дачная', '359', 47.711335, 40.132828, 0, '2014-09-03 11:48:15', '0000-00-00 00:00:00', '0000-00-00 00:00:00'),
	(49, 51, 'Центральный офис', 5, '', 'Махачкала', 'пр-кт Ленина, под мостом', '1', 42.945171, 47.55567, 0, '2014-09-03 12:02:05', '0000-00-00 00:00:00', '0000-00-00 00:00:00'),
	(50, 52, 'Центральный офис', 66, '', 'Саратов', 'Шехурдина', '2/4', 51.566191, 46.00154, 0, '2014-09-03 12:10:39', '0000-00-00 00:00:00', '0000-00-00 00:00:00'),
	(51, 53, 'Центральный офис', 61, '', 'Пенза', 'ул. Беляева', '2в', 53.227387, 44.991142, 0, '2014-09-03 12:13:23', '0000-00-00 00:00:00', '0000-00-00 00:00:00'),
	(52, 54, 'Центральный офис', 26, '', 'Славянск-на-Кубани', 'ул.Красная,', '145', 45.248619, 38.096006, 0, '2014-09-03 12:19:06', '0000-00-00 00:00:00', '0000-00-00 00:00:00'),
	(53, 56, 'Центральный офис', 77, '', 'Ярославль', 'ул. Б. Федоровская', '135', 57.606636, 39.84738, 0, '2014-09-03 12:36:58', '0000-00-00 00:00:00', '0000-00-00 00:00:00'),
	(54, 57, 'Центральный офис', 28, '', 'Пермь', 'ул.Пушкарская', '138', 57.997317, 56.306663, 1, '2014-09-03 12:42:07', '0000-00-00 00:00:00', '2015-09-30 06:42:32'),
	(55, 58, 'Центральный офис', 17, '', 'Нижнекамск', 'ул. Спортивная', '4а', 55.632037, 51.828309, 0, '2014-09-03 12:46:23', '0000-00-00 00:00:00', '0000-00-00 00:00:00'),
	(56, 59, 'Центральный офис', 53, '', 'Химки', 'Вашутинское шоссе', '4', 55.921082, 37.406414, 0, '2014-09-03 12:50:13', '0000-00-00 00:00:00', '0000-00-00 00:00:00'),
	(57, 60, 'Центральный офис', 55, '', 'Дзержинск', 'пр-т Ленина', '107б', 56.241564, 43.491387, 0, '2014-09-03 13:02:31', '0000-00-00 00:00:00', '0000-00-00 00:00:00'),
	(58, 61, 'Центральный офис', 73, '', 'Тула', 'ул. Павшинский мост', '2', 54.207185, 37.578945, 0, '2014-09-03 13:04:58', '0000-00-00 00:00:00', '0000-00-00 00:00:00'),
	(59, 62, 'Центральный офис', 38, '', 'Волгоград', 'проезд Тайшетский', '4', 48.754014, 44.472131, 0, '2014-09-03 13:08:49', '0000-00-00 00:00:00', '0000-00-00 00:00:00'),
	(60, 63, 'Центральный офис', 58, '', 'Омск', '4-я Кордная', '42/1', 54.962861, 73.442233, 0, '2014-09-03 13:11:55', '0000-00-00 00:00:00', '0000-00-00 00:00:00'),
	(61, 64, 'Центральный офис', 30, '', 'Пятигорск', 'Бештаугорское шоссе', '15', 44.059161, 43.034899, 1, '2014-09-03 13:17:04', '0000-00-00 00:00:00', '2014-11-17 09:56:06'),
	(62, 65, 'Центральный офис', 63, '', 'Сальск', 'Свобода', '286', 46.475177, 41.541135, 0, '2014-09-03 13:23:51', '0000-00-00 00:00:00', '0000-00-00 00:00:00'),
	(63, 66, 'Центральный офис', 17, '', 'Бугульма', 'ул. Ягофарова', '87', 54.524088, 52.792247, 0, '2014-09-03 13:28:35', '0000-00-00 00:00:00', '0000-00-00 00:00:00'),
	(64, 67, 'Центральный офис', 36, '', 'Супонево', 'Шоссейная', '6', 53.218707, 34.316336, 0, '2014-09-03 13:31:47', '0000-00-00 00:00:00', '0000-00-00 00:00:00'),
	(65, 68, 'Центральный офис', 70, '', 'Тамбов', 'ул. Киквидзе', '85', 52.72423, 41.372315, 0, '2014-09-03 13:34:17', '0000-00-00 00:00:00', '0000-00-00 00:00:00'),
	(66, 69, 'Центральный офис', 3, '', 'Уфа', 'ул. Менделеева,', '134', 54.716897, 56.009706, 0, '2014-09-03 13:36:43', '0000-00-00 00:00:00', '0000-00-00 00:00:00'),
	(67, 70, 'Центральный офис', 45, '', 'Новокузнецк', 'ул. Автотранспортная', '43 а', 53.848489, 87.201567, 0, '2014-09-03 13:40:22', '0000-00-00 00:00:00', '0000-00-00 00:00:00'),
	(68, 71, 'Центральный офис', 16, '', 'Владикавказ', 'ул. Московская', '3', 43.057951, 44.653717, 0, '2014-09-05 06:44:44', '0000-00-00 00:00:00', '0000-00-00 00:00:00'),
	(69, 72, 'Центральный офис', 65, '', 'Тольятти', 'ул. Транспортная', '3', 53.551907, 49.329439, 0, '2014-09-05 06:46:55', '0000-00-00 00:00:00', '0000-00-00 00:00:00'),
	(70, 73, 'Центральный офис', 3, '', 'Стерлитамак', 'ул. Профсоюзная', '3', 53.654056, 55.955745, 0, '2014-09-05 06:49:58', '0000-00-00 00:00:00', '0000-00-00 00:00:00'),
	(71, 74, 'Центральный офис', 3, '', 'Салават', 'ул. Вокзальная', '8', 53.362548, 55.916488, 0, '2014-09-05 06:53:46', '0000-00-00 00:00:00', '0000-00-00 00:00:00'),
	(72, 75, 'Центральный офис', 30, '', 'Пятигорск', 'ул. Делегатская', '97', 44.044383, 42.999819, 0, '2014-09-05 06:57:18', '0000-00-00 00:00:00', '0000-00-00 00:00:00'),
	(73, 76, 'Центральный офис', 7, '', 'Нальчик', 'ул. им.генерала А.С.Абидова', '2', 43.484605, 43.60709, 0, '2014-09-05 06:59:28', '0000-00-00 00:00:00', '0000-00-00 00:00:00'),
	(74, 77, 'Центральный офис', 30, '', 'Ипатово', 'ул. Школьная', '51', 45.714606, 42.876858, 0, '2014-09-05 07:01:48', '0000-00-00 00:00:00', '0000-00-00 00:00:00'),
	(75, 78, 'Центральный офис', 21, '', 'Аргун', 'ул. Дзержинского', '1', 46.850452, 35.362478, 0, '2014-09-05 07:05:49', '0000-00-00 00:00:00', '0000-00-00 00:00:00'),
	(76, 79, 'Центральный офис', 76, '', 'Миасс', 'Тургоякское шоссе', '5', 55.0762, 60.11604, 0, '2014-09-05 07:07:45', '0000-00-00 00:00:00', '0000-00-00 00:00:00'),
	(77, 64, 'Автосалон LADA', 30, '', 'Пятигорск', 'Бештаугорское шоссе', '15', 44.064849446194, 43.063214737251, 0, '2014-10-07 13:18:51', '0000-00-00 00:00:00', '0000-00-00 00:00:00'),
	(78, 11, 'ООО "Авто-Ревю"', 63, '', 'Ростов-на-Дону', 'Таганрогская', '211', 47.260075, 39.623465, 0, '2014-10-16 12:13:05', '0000-00-00 00:00:00', '0000-00-00 00:00:00'),
	(88, 31, 'ООО ПФ "ТрансТехСервис"', 17, '', 'Набережные Челны', 'пр-д Тозелеш', '7', 55.746945405363, 52.474673896224, 1, '2014-11-07 11:35:34', '0000-00-00 00:00:00', '2014-11-07 11:35:48'),
	(80, 81, 'ООО "АВТОВЕК"', 68, '', 'Екатеринбург', 'Решетникова', '22', 56.794573, 60.568468, 1, '2014-10-23 09:04:16', '0000-00-00 00:00:00', '2014-10-23 09:04:53'),
	(81, 82, 'Дилерский автоцентр LADA ООО "Алгоритм-Сервис"', 33, '', 'Архангельск', 'Талажское шоссе', '1', 64.565866, 40.551892, 1, '2014-10-29 10:11:30', '0000-00-00 00:00:00', '2015-08-05 16:37:58'),
	(85, 31, 'Автосалон LADA', 17, '', 'Набережные Челны', 'Тозелеш', '7', 55.746945405363, 52.474673896224, 1, '2014-11-07 11:34:33', '0000-00-00 00:00:00', '2014-11-07 11:35:55'),
	(86, 31, 'ООО ПФ "ТрансТехСервис"', 17, '', 'Набережные Челны', 'пр-д Тозелеш', '7', 55.746945405363, 52.474673896224, 0, '2014-11-07 11:35:23', '0000-00-00 00:00:00', '0000-00-00 00:00:00'),
	(87, 31, 'ООО ПФ "ТрансТехСервис"', 17, '', 'Набережные Челны', 'пр-д Тозелеш', '7', 55.746945405363, 52.474673896224, 1, '2014-11-07 11:35:26', '0000-00-00 00:00:00', '2014-11-07 11:35:50'),
	(89, 21, 'Автосалон LADA ООО "АвтоРай"', 75, '', 'Ульяновск', 'Московское шоссе', '17к', 54.303533, 48.305692, 1, '2014-11-07 11:37:39', '0000-00-00 00:00:00', '2014-11-07 11:41:57'),
	(90, 21, 'Автосалон LADA ООО "АвтоРай"', 75, '', 'Ульяновск', 'Московское шоссе', '17к', 54.303533, 48.305692, 0, '2014-11-07 11:37:42', '0000-00-00 00:00:00', '0000-00-00 00:00:00'),
	(91, 21, 'Автосалон LADA ООО "АвтоРай"', 75, '', 'Ульяновск', 'Московское шоссе', '17к', 54.303533, 48.305692, 1, '2014-11-07 11:38:04', '0000-00-00 00:00:00', '2014-11-07 11:41:52'),
	(92, 21, 'Автосалон LADA ООО "АвтоРай"', 75, '', 'Ульяновск', 'Московское шоссе', '17к', 54.303533, 48.305692, 1, '2014-11-07 11:38:06', '0000-00-00 00:00:00', '2014-11-07 11:42:00'),
	(93, 21, 'Автосалон LADA ООО "АвтоРай"', 75, '', 'Ульяновск', 'Московское шоссе', '17к', 54.303533, 48.305692, 1, '2014-11-07 11:38:17', '0000-00-00 00:00:00', '2014-11-07 11:41:54'),
	(94, 21, 'Автосалон LADA ООО "АвтоРай"', 75, '', 'Ульяновск', 'Московское шоссе', '17к', 54.303533, 48.305692, 1, '2014-11-07 11:38:23', '0000-00-00 00:00:00', '2014-11-07 11:41:50'),
	(95, 84, 'ООО "Армавирский Автоцентр Плюс"', 26, '', 'Армавир', 'Ефремова', '250', 51.821929000001, 107.630053, 0, '2014-11-10 10:38:17', '0000-00-00 00:00:00', '0000-00-00 00:00:00'),
	(96, 84, 'ООО "Армавирский Автоцентр Плюс"', 26, '', 'Армавир', 'Ефремова', '250', 51.821929000001, 107.630053, 1, '2014-11-10 10:38:22', '0000-00-00 00:00:00', '2014-11-10 10:38:41'),
	(97, 84, 'ООО "Армавирский Автоцентр Плюс"', 26, '', 'Армавир', 'Ефремова', '250', 51.821929000001, 107.630053, 1, '2014-11-10 10:38:23', '0000-00-00 00:00:00', '2014-11-10 10:38:39'),
	(98, 30, 'Автоцентр Сильвер АВТО ГРУПП', 76, '', 'Магнитогорск', 'Магнитная', '160', 48.527960082547, 113.03050258759, 0, '2015-01-18 07:50:10', '0000-00-00 00:00:00', '0000-00-00 00:00:00'),
	(99, 95, 'ООО "Лада-ТТС"', 3, '', 'Уфа п.Вавилово', 'Трактовая', '3', 54.807949, 55.848594, 0, '2015-04-07 10:36:50', '0000-00-00 00:00:00', '0000-00-00 00:00:00'),
	(100, 96, 'ООО "НОРД-АВТО ЛАДА"', 71, '', 'Тверь', 'Коробкова', '5', 56.845884, 35.900173, 0, '2015-04-09 13:06:29', '0000-00-00 00:00:00', '0000-00-00 00:00:00'),
	(101, 96, 'ООО "НОРД-АВТО ЛАДА"', 71, '', 'Тверь', 'Коробкова', '5', 56.845884, 35.900173, 1, '2015-04-09 13:06:35', '0000-00-00 00:00:00', '2015-04-09 13:08:40'),
	(102, 96, 'НОРД-АВТО ЛАДА', 71, '', 'Тверь', 'Коробкова', '5', 56.845884, 35.900173, 0, '2015-04-13 15:04:29', '0000-00-00 00:00:00', '0000-00-00 00:00:00'),
	(103, 96, 'НОРД-АВТО ЛАДА', 71, '', 'Тверь', 'Коробкова', '5', 56.845884, 35.900173, 0, '2015-04-13 15:04:34', '0000-00-00 00:00:00', '0000-00-00 00:00:00'),
	(104, 96, 'НОРД-АВТО ЛАДА', 71, '', 'Тверь', 'Коробкова', '5', 56.845884, 35.900173, 0, '2015-04-13 15:04:55', '0000-00-00 00:00:00', '0000-00-00 00:00:00'),
	(105, 94, 'ОАО "Иж-Лада"', 19, '', 'Ижевск', 'ул. Камбарская', '49', 56.840134, 53.303361, 0, '2015-04-21 13:55:46', '0000-00-00 00:00:00', '0000-00-00 00:00:00'),
	(106, 94, 'ОАО "Иж-Лада"', 19, '', 'Ижевск', 'ул. Камбарская', '49', 56.840134, 53.303361, 1, '2015-04-21 13:55:52', '0000-00-00 00:00:00', '2015-04-21 13:56:40'),
	(107, 101, 'Официальный дилер ОАО "АВТОВАЗ" LADA ТРАНСАВТО', 26, '', 'Сочи', 'ул. Ленина', '219/6', 43.47097952143, 39.898642617725, 1, '2015-04-28 08:17:32', '0000-00-00 00:00:00', '2015-04-29 06:44:02'),
	(108, 101, 'Официальный дилер ОАО "АВТОВАЗ" LADA ТРАНСАВТО', 26, '', 'Сочи', 'ул. Ленина', '219/6', 43.470979521453, 39.898642617725, 1, '2015-04-28 08:18:06', '0000-00-00 00:00:00', '2015-04-28 08:19:33'),
	(109, 101, 'Официальный дилер ОАО "АВТОВАЗ" LADA ТРАНСАВТО', 26, '', 'Счои', 'ул. Ленина', '219/6', 43.470997899767, 39.89862901985, 1, '2015-04-28 08:21:50', '0000-00-00 00:00:00', '2015-04-28 08:22:22'),
	(110, 101, 'Официальный дилер ОАО "АВТОВАЗ" LADA ТРАНСАВТО', 26, '', 'Сочи', 'ул. Ленина', '219/6', 43.470966651117, 39.898639748683, 1, '2015-04-28 08:25:08', '0000-00-00 00:00:00', '2015-04-28 08:26:16'),
	(111, 101, 'Официальный дилер ОАО "АВТОВАЗ" LADA ТРАНСАВТО', 26, '', 'Сочи', 'ул. Ленина', '219/6', 43.470943202693, 39.898634384269, 1, '2015-04-28 09:29:18', '0000-00-00 00:00:00', '2015-04-29 06:44:08'),
	(112, 101, 'Центральный офис', 26, '', 'Сочи', 'ул. Ленина', '219/6', 43.470954922578, 39.898650477523, 1, '2015-04-29 06:43:32', '0000-00-00 00:00:00', '2015-04-29 06:44:22'),
	(113, 101, 'Центральный офис', 26, '', 'Сочи', 'ул. Ленина', '219/6', 43.470954922578, 39.898650477523, 1, '2015-04-29 06:43:43', '0000-00-00 00:00:00', '2015-04-29 06:44:24'),
	(114, 101, 'Официальный Дилер ОАО "АВТОВАЗ" ООО "ТРАНСАВТО"', 26, '', 'Сочи', 'ул. Ленина', '219/6', 43.470948207512, 39.898625586543, 0, '2015-05-07 09:00:28', '0000-00-00 00:00:00', '0000-00-00 00:00:00'),
	(115, 112, 'LADA Центр Киров (ООО"АВД Груп")', 46, '', 'Киров', 'ул. Карла Маркса', '4', 58, 49, 1, '2015-07-02 07:16:57', '0000-00-00 00:00:00', '2015-07-02 12:25:05'),
	(116, 112, 'LADA Центр Киров (ООО"АВД Груп")', 46, '', 'Киров', 'ул. Карла Маркса', '4', 58, 49, 1, '2015-07-02 07:17:24', '0000-00-00 00:00:00', '2015-07-02 12:25:00'),
	(117, 112, 'LADA Центр Киров (ООО"АВД Груп")', 46, '', 'Киров', 'ул. Карла Маркса', '4', 58.618191999991, 49.662579, 0, '2015-07-02 07:18:04', '0000-00-00 00:00:00', '0000-00-00 00:00:00'),
	(118, 111, 'ООО АТЦ "Жигули-Оренбург"', 59, '', 'Оренбург, п.Пригородный', '12 км. трассы Оренбург-Орск', '1', 51.767324, 55.282376, 0, '2015-07-02 07:56:47', '0000-00-00 00:00:00', '0000-00-00 00:00:00'),
	(119, 111, 'ООО АТЦ "Жигули-Оренбург"', 59, '', 'Оренбург, п.Пригородный', '12 км. трассы Оренбург-Орск', '1', 51.767324, 55.282376, 0, '2015-07-02 07:56:58', '0000-00-00 00:00:00', '0000-00-00 00:00:00'),
	(120, 111, 'ООО АТЦ "Жигули-Оренбург"', 59, '', 'Оренбург, п.Пригородный', '12 км. трассы Оренбург-Орск', '1', 51.767324, 55.282376, 0, '2015-07-02 07:57:28', '0000-00-00 00:00:00', '0000-00-00 00:00:00'),
	(121, 111, 'Жигули-Оренбург', 59, '', 'Оренбург, п.Пригородный', '12 км. трассы Оренбург-Орск', '1', 51.767324, 55.282376, 0, '2015-07-02 07:58:06', '0000-00-00 00:00:00', '0000-00-00 00:00:00'),
	(122, 111, 'Жигули-Оренбург', 59, '', 'Оренбург, п.Пригородный', '12 км. трассы Оренбург-Орск', '1', 51.767324, 55.282376, 0, '2015-07-02 07:58:25', '0000-00-00 00:00:00', '0000-00-00 00:00:00'),
	(123, 112, 'АВД Груп', 46, '', 'Киров', 'ул. Карла Маркса', '4', 58.61903081309, 49.661664058245, 1, '2015-07-02 12:43:01', '0000-00-00 00:00:00', '2015-07-02 12:43:56'),
	(124, 112, 'LADA Центр Киров', 46, '', 'Киров', 'ул. Карла Маркса', '4', 58.619031558925, 49.661634862426, 1, '2015-07-02 12:45:25', '0000-00-00 00:00:00', '2015-07-02 13:06:55'),
	(125, 113, 'ООО "БЦР-Авто Плюс"', 55, '', 'Нижний Новгород', 'Новикова Прибоя', '2', 56.259813, 43.928668, 0, '2015-07-17 10:00:10', '0000-00-00 00:00:00', '0000-00-00 00:00:00'),
	(126, 82, 'ООО "Алгоритм-Сервис"', 33, '', 'Архангельск', 'Гайдара', '63', 64.552312, 40.55085, 0, '2015-08-05 16:37:33', '0000-00-00 00:00:00', '0000-00-00 00:00:00'),
	(127, 104, 'ООО "ПремьеКар"', 66, '', 'Саратов', 'ул. Орджоникидзе', '131а', 51.50868, 45.976288, 0, '2015-08-26 06:01:48', '0000-00-00 00:00:00', '0000-00-00 00:00:00'),
	(128, 104, 'ООО "ПремьеКар"', 66, '', 'Саратов', 'ул. Орджоникидзе', '131а', 51.50868, 45.976288, 1, '2015-08-26 06:01:58', '0000-00-00 00:00:00', '2015-08-26 06:02:11'),
	(129, 124, 'Мир Авто', 38, '', 'Волжский', 'ул.Пушкина', '93 а', 48.762513487088, 44.818946423828, 1, '2015-08-27 07:09:49', '0000-00-00 00:00:00', '2015-08-27 08:23:56'),
	(130, 124, 'Мир Авто', 38, '', 'Волжский', 'ул. Пушкина', '93а', 48.776575, 44.812458, 0, '2015-08-27 08:23:19', '0000-00-00 00:00:00', '0000-00-00 00:00:00'),
	(131, 122, 'ЛАДА Центр', 50, '', 'Санкт-Петербург', 'Выборгское шоссе', '31', 60.093485204002, 30.256943681717, 0, '2015-08-27 08:24:51', '0000-00-00 00:00:00', '0000-00-00 00:00:00'),
	(132, 123, 'ООО "Альянс-Лада"', 66, '', 'Саратов', 'проспект Строителей', '39', 51.612428, 45.968859, 0, '2015-08-28 07:04:02', '0000-00-00 00:00:00', '0000-00-00 00:00:00'),
	(133, 123, 'ООО "Альянс-Лада"', 66, '', 'Саратов', 'проспект Строителей', '39', 51.612428, 45.968859, 1, '2015-08-28 07:05:41', '0000-00-00 00:00:00', '2015-08-28 07:06:54'),
	(134, 123, 'ООО "Альянс-Лада"', 66, '', 'Саратов', 'проспект Строителей', '39', 51.612428, 45.968859, 1, '2015-08-28 07:06:37', '0000-00-00 00:00:00', '2015-08-28 07:06:56'),
	(135, 123, 'ООО "Альянс-Лада"', 66, '', 'Саратов', 'проспект Строителей', '39', 51.612428, 45.968859, 1, '2015-08-28 07:14:35', '0000-00-00 00:00:00', '2015-08-28 07:15:15'),
	(136, 128, 'дилерский центр (выставочный зал и сервисная станция)', 39, '', 'Череповец', 'Северное шоссе', '20', 59.151663, 37.936232, 0, '2015-09-01 08:26:43', '0000-00-00 00:00:00', '0000-00-00 00:00:00'),
	(137, 128, 'дилерский центр (выставочный зал и сервисная станция)', 39, '', 'Череповец', 'Северное шоссе', '20', 59.151663, 37.936232, 1, '2015-09-01 08:26:53', '0000-00-00 00:00:00', '2015-09-01 08:27:22'),
	(138, 128, 'площадка приемки и хранения товарных автомобилей', 39, '', 'Череповец', 'Краснодонцев', '3', 59.130135, 37.971652, 0, '2015-09-01 08:28:51', '0000-00-00 00:00:00', '0000-00-00 00:00:00'),
	(139, 128, 'площадка приемки и хранения товарных автомобилей', 39, '', 'Череповец', 'Краснодонцев', '3', 59.130135, 37.971652, 1, '2015-09-01 08:28:56', '0000-00-00 00:00:00', '2015-09-01 08:29:10'),
	(140, 132, 'ДАВ-АВТО', 28, '', 'ПЕРМЬ', 'Бродовский тракт', '9', 57.95677, 56.275796, 0, '2015-09-02 07:00:49', '0000-00-00 00:00:00', '0000-00-00 00:00:00'),
	(141, 133, 'ООО "Бизнес-Лада"', 21, '', 'Грозный', 'Сайханова', '130', 51.821929000001, 107.630053, 0, '2015-09-03 09:22:57', '0000-00-00 00:00:00', '0000-00-00 00:00:00'),
	(142, 127, 'ООО "АВТОЛИГА"', 3, '', 'Белорецк', 'ул.Маяковского', '65', 53.955227774296, 58.393589879393, 1, '2015-09-08 07:16:02', '0000-00-00 00:00:00', '2015-09-08 07:16:37'),
	(143, 127, 'ООО "АВТОЛИГА"', 3, '', 'Белорецк', 'ул.Маяковского', '65', 53.955227774296, 58.393589879393, 1, '2015-09-08 07:16:13', '0000-00-00 00:00:00', '2015-09-08 07:16:40'),
	(144, 127, 'ООО "АВТОЛИГА"', 3, '', 'Белорецк', 'ул.Маяковского', '65', 53.955227774296, 58.393589879393, 0, '2015-09-08 07:16:17', '0000-00-00 00:00:00', '0000-00-00 00:00:00'),
	(145, 179, 'Дилерский центр', 76, '', 'Челябинск', 'ул. Черкасская', '15', 41.265710223746, 19.894822, 0, '2015-09-09 07:36:18', '0000-00-00 00:00:00', '0000-00-00 00:00:00'),
	(146, 179, 'Дилерский центр', 76, '', 'Челябинск', 'ул. Черкасская', '15', 41.265710223746, 19.894822, 1, '2015-09-09 07:36:24', '0000-00-00 00:00:00', '2015-09-09 07:41:38'),
	(147, 148, 'Автосалон LADA', 76, '', 'Челябинск', 'Уфимский тракт', '3', 55.105054378359, 61.348327682554, 0, '2015-09-09 11:12:03', '0000-00-00 00:00:00', '0000-00-00 00:00:00'),
	(148, 148, 'Автосалон LADA', 76, '', 'Челябинск', 'Уфимский тракт', '3', 55.105054378359, 61.348327682554, 1, '2015-09-09 11:12:10', '0000-00-00 00:00:00', '2015-09-09 11:12:21'),
	(149, 147, 'Березовский Лада-Центр', 68, '', 'Березовский', 'Кольцевая', '4', 55.66356767047, 86.211490970624, 0, '2015-09-14 08:38:14', '0000-00-00 00:00:00', '0000-00-00 00:00:00'),
	(150, 147, 'Березовский Лада-Центр', 68, '', 'Березовский', 'Кольцевая', '4', 55.66356767047, 86.211490970624, 1, '2015-09-14 08:38:18', '0000-00-00 00:00:00', '2015-09-14 08:42:30'),
	(151, 147, 'Березовский Лада-Центр', 68, '', 'Березовский', 'Кольцевая', '4', 56.897823053233, 60.765190904507, 1, '2015-09-14 08:39:32', '0000-00-00 00:00:00', '2015-09-14 08:42:28'),
	(152, 57, 'Брайт парк', 28, '', 'Пермь', 'ул. Пушкарская', '138', 57.997239, 56.306409, 0, '2015-09-30 06:42:05', '0000-00-00 00:00:00', '0000-00-00 00:00:00'),
	(153, 57, 'Брайт парк', 28, '', 'Пермь', 'ул. Пушкарская', '138', 57.997239, 56.306409, 1, '2015-09-30 06:42:10', '0000-00-00 00:00:00', '2015-09-30 06:42:36');
/*!40000 ALTER TABLE `crm_dealers_places` ENABLE KEYS */;


-- Дамп структуры для таблица gildiya.crm.crm_distributions
CREATE TABLE IF NOT EXISTS `crm_distributions` (
  `id` int(11) NOT NULL AUTO_INCREMENT,
  `owner_id` int(11) NOT NULL DEFAULT '0',
  `title` varchar(255) NOT NULL,
  `text` text NOT NULL,
  `sender_id` int(11) NOT NULL DEFAULT '0',
  `state_id` int(11) NOT NULL DEFAULT '0',
  `count_all` int(11) NOT NULL DEFAULT '0',
  `count_sended` int(11) NOT NULL DEFAULT '0',
  `count_errors` int(11) NOT NULL DEFAULT '0',
  `is_delete` tinyint(1) unsigned NOT NULL DEFAULT '0',
  `insert_time` timestamp NOT NULL DEFAULT CURRENT_TIMESTAMP,
  `update_time` timestamp NOT NULL DEFAULT '0000-00-00 00:00:00',
  `delete_time` timestamp NOT NULL DEFAULT '0000-00-00 00:00:00',
  PRIMARY KEY (`id`)
) ENGINE=MyISAM AUTO_INCREMENT=10 DEFAULT CHARSET=utf8;

-- Дамп данных таблицы gildiya.crm.crm_distributions: 9 rows
/*!40000 ALTER TABLE `crm_distributions` DISABLE KEYS */;
INSERT INTO `crm_distributions` (`id`, `owner_id`, `title`, `text`, `sender_id`, `state_id`, `count_all`, `count_sended`, `count_errors`, `is_delete`, `insert_time`, `update_time`, `delete_time`) VALUES
	(1, 1, 'Тестовая рассылка', '<h1>Здравствуйте, %fio%!</h1><p>Здесь должно быть текстовое содержания письма.</p>', 3, 2, 1, 1, 0, 0, '2014-10-01 11:31:41', '2014-10-01 11:33:04', '0000-00-00 00:00:00'),
	(2, 1, 'ФЫВУЦФЙУ', '<h1>Здравствуйте, %fio%!</h1><p>&nbsp;</p>', 3, 0, 0, 0, 0, 1, '2014-10-07 12:38:43', '0000-00-00 00:00:00', '2014-10-07 12:38:47'),
	(3, 45, 'О новом способе трекинга отправлений DHL', '<p class="MsoNormal">Уважаемые коллеги!</p><p class="MsoNormal">С октября 2014 года компания <span lang="EN-US">DHL</span> перешла на новую программу оформления отправок,</p><p class="MsoNormal">Соответственно изменился способ информирования о номере для трекинга.</p><p class="MsoNormal">Теперь рассылку производит не сотрудник &laquo;ЛАДА Спорт&raquo;, а автоматически &nbsp;программа <span lang="EN-US">DHL Intraship</span>.</p><p class="MsoNormal">Вам будет приходить примерно такое сообщение (см. вложение).</p><p class="MsoNormal">В нём отмечена информация, которую вам следует смотреть для отслеживания ваших отправок.</p>', 4, 0, 38, 0, 0, 0, '2014-10-31 11:33:01', '2014-10-31 11:33:18', '0000-00-00 00:00:00'),
	(4, 1, 'Тест', '<h1>Здравствуйте, %fio%!</h1><p>&nbsp;</p>', 3, 2, 1, 1, 0, 0, '2014-11-06 08:28:15', '2014-11-06 08:28:49', '0000-00-00 00:00:00'),
	(5, 45, 'Данные покупателей!', '<h2>Коллеги, здравствуйте!</h2><h2>Прошу Вас в срочном порядке прислать данные покупателей а/м производства ООО "ЛАДА Спорт" за весь период начиная с 01.06.2014г.</h2><h2>Задание срочное и ответственное, прошу отнестись серьезно!</h2><h2>Форма заполнения в приложении.</h2><h2>Срок предоставления до конца дня 07.11.2014г.</h2><h2>Письма прошу присылать на мою почту:</h2><p><a href="mailto:ILisenkov@mail.ru">ILisenkov@mail.ru</a></p><p>или&nbsp;</p><p><a href="mailto:ILisenkov@lada-sport.ru">ILisenkov@lada-sport.ru</a></p><p>&nbsp;</p><p>&nbsp;</p><p>&nbsp;</p><p>&nbsp;</p><p>&nbsp;</p><p>&nbsp;</p>', 4, 1, 38, 0, 0, 0, '2014-11-07 05:26:25', '2014-11-07 05:26:54', '0000-00-00 00:00:00'),
	(6, 7, 'LADA Sport на финале Чемпионата Мира по турингу в Макао', '<h1>Здравствуйте, %fio%!</h1><p>14-16 ноября команда <span lang="EN-US">LADA</span><span lang="EN-US">Sport</span><span lang="EN-US">WTCC</span> примет участие в финальном этапе Чемпионата Мира по турингу <span lang="EN-US">WTCC</span> в Макао. Завершающий этап сезона-2014 станет и последней гонкой для модели <span lang="EN-US">LADA</span><span lang="EN-US">Granta</span> в Мировом туринге, со следующего года ее заменит новая <span lang="EN-US">LADA</span><span lang="EN-US">Vesta</span><span lang="EN-US">WTCC</span>.</p><p>Финал Чемпионата Мира проводится в Макао уже десять лет. Сложная городская трасса протяженностью 6 километров в окружении ярких пейзажей &laquo;азиатского Лас-Вегаса&raquo;, как называют Макао, традиционно привлекает тысячи зрителей и фанатов автоспорта. Атмосфера азарта, риска и высоких ставок, царящая в многочисленных казино Макао, присутствует и на гоночной трассе <span lang="EN-US">Circuito</span><span lang="EN-US">da</span><span lang="EN-US">Guia</span> &ndash; финальные заезды <span lang="EN-US">WTCC</span> становятся самыми зрелищными в календаре сезона.</p><p>&nbsp;</p><p>Различные автомобильные соревнования городской автодром в Макао принимает уже более полувека, первые гонки здесь состоялись еще в 1954 году. Конфигурация трассы включает в себя крутые повороты и длинные прямые, перепад высот составляет более тридцати метров. Самое узкое место трассы - шпилька <span lang="EN-US">Melco</span> - имеет ширину всего 7 метров. Красные флаги на гонках в Макао &ndash; обычное дело; без аварий, столкновений и сходов не обходится практически ни один заезд.</p><p>Победить в Макао на столь коварной и требовательной трассе &ndash; особое достижение! Пилот <span lang="EN-US">LADA</span><span lang="EN-US">Sport</span><span lang="EN-US">WTCC</span> Роб Хафф, который за свою карьеру в Мировом туринге выигрывал в Макао шесть раз, готов принять вызов на российской <span lang="EN-US">LADA</span><span lang="EN-US">Granta</span>. Джеймс Томпсон, который боролся здесь за подиум на Гранте в 2013 году, также настроен очень уверенно. Россиянин Михаил Козловский выступит в Макао второй раз. В прошлом году пилот из Санкт-Петербурга уверенно провел гонку на незнакомой для него трассе, и в преддверие финала текущего сезона рассчитывает улучшить здесь свои результаты.</p><p>&nbsp;</p><p>Роб Хафф: &laquo;Не скрою, что мне есть чем гордиться, когда речь заходит о трассе в Макао &ndash; я очень хорошо ее знаю, и мне удалось здесь несколько раз выиграть, а также занимать призовые места на подиуме. Если удастся еще раз победить, уже на <span lang="EN-US">LADA</span><span lang="EN-US">Granta</span>, я буду очень счастлив! Я люблю эту трассу. Ее нельзя недооценивать, она очень сложная. Когда ты едешь на предельной скорости по узкой траектории, проложенной вдоль бетонных стен, малейшая ошибка может дорого стоить! У нас абсолютная убежденность в том, что мы можем хорошо побороться в первом секторе трассы, и также машина должна уверенно себя чувствовать в плане сцепления в среднем и последнем секторах&raquo;.</p><p>Джеймс Томпсон: &laquo;Макао &ndash; один из моих &laquo;фаворитов&raquo; среди гоночных трасс. Я люблю скоростные треки. Здесь, на <span lang="EN-US">Circuit</span><span lang="EN-US">de</span><span lang="EN-US">Guia</span> большую роль будет играть квалификация, поскольку пространства для обгонов на трассе не так много, фактически, только в первом секторе можно совершать такие маневры. К финальному этапу чемпионата мы подошли в очень хорошей форме. Уже в Японии на предыдущем этапе было заметно, насколько возросла скорость Гранты по сравнению с первой половиной сезона. В Макао у нас есть реальные шансы показать хорошие результаты&raquo;.</p><p>Михаил Козловский: &laquo;В прошлом году на гонке в Макао я, в основном, был сконцентрирован на том, чтобы изучить эту трассу. На этот раз я уже чувствую себя более уверенно и готов навязывать борьбу. Финал в Макао &ndash; это особенная гонка, как для самих участников, так и для зрителей, которых ожидает большой накал эмоций на трассе. Автомобили <span lang="EN-US">WTCC</span>, построенные по новым правилам, стали шире и мощнее, - на узком треке им придется буквально отвоевывать друг у друга пространство. Необходимо будет стараться минимизировать опасные контакты, чтобы довести до финиша автомобиль в целости и сохранности, но одновременно настроить себя на скоростную гонку, чтобы финишировать на высоких позициях. Это очень сложная задача!&raquo;</p><p>&nbsp;</p><p align="center"><strong>Расписание трансляций финала <span lang="EN-US">WTCC</span> на телеканале <span lang="EN-US">Eurosport</span>:</strong></p><p align="center">&nbsp;</p><p align="center"><strong>14 ноября (пятница)</strong></p><p align="center">10.00 (мск) &ndash; Квалификация <span lang="EN-US">LIVE</span></p><p align="center">&nbsp;</p><p align="center"><strong>15 ноября (суббота)</strong></p><p align="center">13.00 (мск)&ndash; Квалификация (запись, <span lang="EN-US">Eurosport</span> 2)</p><p align="center">&nbsp;</p><p align="center"><strong>16 ноября (воскресенье)</strong></p><p align="center">06.00 (мск) &ndash; Гонка 1 <span lang="EN-US">LIVE</span></p><p align="center">07.00 (мск) &ndash; Гонка 2 <span lang="EN-US">LIVE</span></p><p align="center">17.45 (мск) &ndash; Гонка 1 (запись)</p><p>&nbsp;</p><p class="MsoNoSpacing" style="text-align: center;" align="center">18.30 (мск) &ndash; Гонка 2 (запись)&nbsp;</p>', 3, 0, 0, 0, 0, 1, '2014-11-12 12:39:52', '0000-00-00 00:00:00', '2014-11-12 12:41:36'),
	(7, 7, 'LADA Sport на финале Чемпионата Мира по турингу в Макао', '<h1>Здравствуйте, %fio%!</h1><p>14-16 ноября команда <span lang="EN-US">LADA</span><span lang="EN-US">Sport</span><span lang="EN-US">WTCC</span> примет участие в финальном этапе Чемпионата Мира по турингу <span lang="EN-US">WTCC</span> в Макао. Завершающий этап сезона-2014 станет и последней гонкой для модели <span lang="EN-US">LADA</span><span lang="EN-US">Granta</span> в Мировом туринге, со следующего года ее заменит новая <span lang="EN-US">LADA</span><span lang="EN-US">Vesta</span><span lang="EN-US">WTCC</span>.</p><p>Финал Чемпионата Мира проводится в Макао уже десять лет. Сложная городская трасса протяженностью 6 километров в окружении ярких пейзажей &laquo;азиатского Лас-Вегаса&raquo;, как называют Макао, традиционно привлекает тысячи зрителей и фанатов автоспорта. Атмосфера азарта, риска и высоких ставок, царящая в многочисленных казино Макао, присутствует и на гоночной трассе <span lang="EN-US">Circuito</span><span lang="EN-US">da</span><span lang="EN-US">Guia</span> &ndash; финальные заезды <span lang="EN-US">WTCC</span> становятся самыми зрелищными в календаре сезона.</p><p>Различные автомобильные соревнования городской автодром в Макао принимает уже более полувека, первые гонки здесь состоялись еще в 1954 году. Конфигурация трассы включает в себя крутые повороты и длинные прямые, перепад высот составляет более тридцати метров. Самое узкое место трассы - шпилька <span lang="EN-US">Melco</span> - имеет ширину всего 7 метров. Красные флаги на гонках в Макао &ndash; обычное дело; без аварий, столкновений и сходов не обходится практически ни один заезд.</p><p>Победить в Макао на столь коварной и требовательной трассе &ndash; особое достижение! Пилот <span lang="EN-US">LADA</span><span lang="EN-US">Sport</span><span lang="EN-US">WTCC</span> Роб Хафф, который за свою карьеру в Мировом туринге выигрывал в Макао шесть раз, готов принять вызов на российской <span lang="EN-US">LADA</span><span lang="EN-US">Granta</span>. Джеймс Томпсон, который боролся здесь за подиум на Гранте в 2013 году, также настроен очень уверенно. Россиянин Михаил Козловский выступит в Макао второй раз. В прошлом году пилот из Санкт-Петербурга уверенно провел гонку на незнакомой для него трассе, и в преддверие финала текущего сезона рассчитывает улучшить здесь свои результаты.</p><p>&nbsp;</p><p>Роб Хафф: &laquo;Не скрою, что мне есть чем гордиться, когда речь заходит о трассе в Макао &ndash; я очень хорошо ее знаю, и мне удалось здесь несколько раз выиграть, а также занимать призовые места на подиуме. Если удастся еще раз победить, уже на <span lang="EN-US">LADA</span><span lang="EN-US">Granta</span>, я буду очень счастлив! Я люблю эту трассу. Ее нельзя недооценивать, она очень сложная. Когда ты едешь на предельной скорости по узкой траектории, проложенной вдоль бетонных стен, малейшая ошибка может дорого стоить! У нас абсолютная убежденность в том, что мы можем хорошо побороться в первом секторе трассы, и также машина должна уверенно себя чувствовать в плане сцепления в среднем и последнем секторах&raquo;.</p><p>Джеймс Томпсон: &laquo;Макао &ndash; один из моих &laquo;фаворитов&raquo; среди гоночных трасс. Я люблю скоростные треки. Здесь, на <span lang="EN-US">Circuit</span><span lang="EN-US">de</span><span lang="EN-US">Guia</span> большую роль будет играть квалификация, поскольку пространства для обгонов на трассе не так много, фактически, только в первом секторе можно совершать такие маневры. К финальному этапу чемпионата мы подошли в очень хорошей форме. Уже в Японии на предыдущем этапе было заметно, насколько возросла скорость Гранты по сравнению с первой половиной сезона. В Макао у нас есть реальные шансы показать хорошие результаты&raquo;.</p><p>Михаил Козловский: &laquo;В прошлом году на гонке в Макао я, в основном, был сконцентрирован на том, чтобы изучить эту трассу. На этот раз я уже чувствую себя более уверенно и готов навязывать борьбу. Финал в Макао &ndash; это особенная гонка, как для самих участников, так и для зрителей, которых ожидает большой накал эмоций на трассе. Автомобили <span lang="EN-US">WTCC</span>, построенные по новым правилам, стали шире и мощнее, - на узком треке им придется буквально отвоевывать друг у друга пространство. Необходимо будет стараться минимизировать опасные контакты, чтобы довести до финиша автомобиль в целости и сохранности, но одновременно настроить себя на скоростную гонку, чтобы финишировать на высоких позициях. Это очень сложная задача!&raquo;</p><p align="center"><strong>Расписание трансляций финала <span lang="EN-US">WTCC</span> на телеканале <span lang="EN-US">Eurosport</span>:</strong></p><p align="center">&nbsp;</p><p align="center"><strong>14 ноября (пятница)</strong></p><p align="center">10.00 (мск) &ndash; Квалификация <span lang="EN-US">LIVE</span></p><p align="center">&nbsp;</p><p align="center"><strong>15 ноября (суббота)</strong></p><p align="center">13.00 (мск)&ndash; Квалификация (запись, <span lang="EN-US">Eurosport</span> 2)</p><p align="center">&nbsp;</p><p align="center"><strong>16 ноября (воскресенье)</strong></p><p align="center">06.00 (мск) &ndash; Гонка 1 <span lang="EN-US">LIVE</span></p><p align="center">07.00 (мск) &ndash; Гонка 2 <span lang="EN-US">LIVE</span></p><p align="center">17.45 (мск) &ndash; Гонка 1 (запись)</p><p>&nbsp;</p><p class="MsoNoSpacing" style="text-align: center;" align="center">18.30 (мск) &ndash; Гонка 2 (запись)&nbsp;</p>', 3, 1, 57, 0, 0, 0, '2014-11-12 12:45:33', '2014-11-12 12:45:52', '0000-00-00 00:00:00'),
	(8, 45, 'Дилерское соглашение LADA Sport 2015', '<h1>Здравствуйте, коллеги!</h1><p>В приложении&nbsp;Дилерское соглашение LADA Sport 2015.&nbsp;</p><p>Прошу всех ознакомится, подписать и прислать сканы. Оригиналы DHL.</p><p>&nbsp;</p><p>&nbsp;</p>', 4, 1, 89, 0, 0, 0, '2014-12-30 11:58:48', '2014-12-30 11:59:00', '0000-00-00 00:00:00'),
	(9, 45, 'Акции LADA Sport', '<h1><strong style="color: #606060; font-family: Helvetica; font-size: 15px; line-height: 22.5px; text-align: justify; background-color: #ebebeb;">Уважаемые коллеги!</strong><br style="color: #606060; font-family: Helvetica; font-size: 15px; font-weight: normal; line-height: 22.5px; text-align: justify; background-color: #ebebeb;" /><br style="color: #606060; font-family: Helvetica; font-size: 15px; font-weight: normal; line-height: 22.5px; text-align: justify; background-color: #ebebeb;" /><span style="color: #606060; font-family: Helvetica; font-size: 15px; font-weight: normal; line-height: 22.5px; text-align: justify; background-color: #ebebeb;">Сообщаем Вам о распространении акций &laquo;Премия за реализацию автомобилей в рамках программы обновления парка колесных транспортных средств&raquo; и &laquo;Лада-Финанс&raquo; - LADA в кредит&raquo; на автомобили производства ООО &laquo;ЛАДА-Спорт&raquo; LADA Granta Sport&nbsp;</span><span class="wmi-callto" style="color: #606060; font-family: Helvetica; font-size: 15px; font-weight: normal; line-height: 22.5px; text-align: justify; background-color: #ebebeb;">219059-010</span><span style="color: #606060; font-family: Helvetica; font-size: 15px; font-weight: normal; line-height: 22.5px; text-align: justify; background-color: #ebebeb;">&nbsp;и LADA Kalina Sport&nbsp;</span><span class="wmi-callto" style="color: #606060; font-family: Helvetica; font-size: 15px; font-weight: normal; line-height: 22.5px; text-align: justify; background-color: #ebebeb;">219259-010</span><span style="color: #606060; font-family: Helvetica; font-size: 15px; font-weight: normal; line-height: 22.5px; text-align: justify; background-color: #ebebeb;">.&nbsp;</span></h1><p>&nbsp;</p>', 4, 1, 98, 0, 0, 0, '2015-03-19 06:34:45', '2015-03-19 06:34:58', '0000-00-00 00:00:00');
/*!40000 ALTER TABLE `crm_distributions` ENABLE KEYS */;


-- Дамп структуры для таблица gildiya.crm.crm_distributions_filters
CREATE TABLE IF NOT EXISTS `crm_distributions_filters` (
  `id` int(11) NOT NULL AUTO_INCREMENT,
  `distribution_id` int(11) NOT NULL DEFAULT '0',
  `type` int(11) NOT NULL DEFAULT '0',
  `direct` int(11) NOT NULL DEFAULT '0',
  `value` varchar(255) NOT NULL,
  PRIMARY KEY (`id`)
) ENGINE=MyISAM AUTO_INCREMENT=4 DEFAULT CHARSET=utf8;

-- Дамп данных таблицы gildiya.crm.crm_distributions_filters: 3 rows
/*!40000 ALTER TABLE `crm_distributions_filters` DISABLE KEYS */;
INSERT INTO `crm_distributions_filters` (`id`, `distribution_id`, `type`, `direct`, `value`) VALUES
	(1, 2, 3, 1, 'Тольятти'),
	(2, 2, 4, 1, '65'),
	(3, 4, 4, 1, '36');
/*!40000 ALTER TABLE `crm_distributions_filters` ENABLE KEYS */;


-- Дамп структуры для таблица gildiya.crm.crm_distributions_persons
CREATE TABLE IF NOT EXISTS `crm_distributions_persons` (
  `distribution_id` int(11) NOT NULL,
  `person_id` int(11) NOT NULL,
  `send_count` tinyint(3) unsigned NOT NULL DEFAULT '0',
  PRIMARY KEY (`distribution_id`,`person_id`)
) ENGINE=MyISAM DEFAULT CHARSET=utf8;

-- Дамп данных таблицы gildiya.crm.crm_distributions_persons: 320 rows
/*!40000 ALTER TABLE `crm_distributions_persons` DISABLE KEYS */;
INSERT INTO `crm_distributions_persons` (`distribution_id`, `person_id`, `send_count`) VALUES
	(3, 2, 0),
	(3, 1, 0),
	(3, 3, 0),
	(3, 4, 0),
	(3, 5, 0),
	(3, 6, 0),
	(3, 7, 0),
	(3, 8, 0),
	(3, 9, 0),
	(3, 10, 0),
	(3, 11, 0),
	(3, 12, 0),
	(3, 13, 0),
	(3, 14, 0),
	(3, 15, 0),
	(3, 16, 0),
	(3, 17, 0),
	(3, 18, 0),
	(3, 19, 0),
	(3, 20, 0),
	(3, 21, 0),
	(3, 22, 0),
	(3, 23, 0),
	(3, 24, 0),
	(3, 25, 0),
	(3, 26, 0),
	(3, 27, 0),
	(3, 28, 0),
	(3, 29, 0),
	(3, 30, 0),
	(3, 31, 0),
	(3, 32, 0),
	(3, 33, 0),
	(3, 34, 0),
	(3, 35, 0),
	(3, 36, 0),
	(3, 37, 0),
	(3, 38, 0),
	(5, 1, 0),
	(5, 2, 0),
	(5, 3, 0),
	(5, 4, 0),
	(5, 5, 0),
	(5, 6, 0),
	(5, 7, 0),
	(5, 8, 0),
	(5, 9, 0),
	(5, 10, 0),
	(5, 11, 0),
	(5, 12, 0),
	(5, 13, 0),
	(5, 14, 0),
	(5, 15, 0),
	(5, 16, 0),
	(5, 17, 0),
	(5, 18, 0),
	(5, 19, 0),
	(5, 20, 0),
	(5, 21, 0),
	(5, 22, 0),
	(5, 23, 0),
	(5, 24, 0),
	(5, 25, 0),
	(5, 26, 0),
	(5, 27, 0),
	(5, 28, 0),
	(5, 29, 0),
	(5, 30, 0),
	(5, 31, 0),
	(5, 32, 0),
	(5, 33, 0),
	(5, 34, 0),
	(5, 35, 0),
	(5, 36, 0),
	(5, 37, 0),
	(5, 38, 0),
	(7, 1, 0),
	(7, 2, 0),
	(7, 3, 0),
	(7, 4, 0),
	(7, 5, 0),
	(7, 6, 0),
	(7, 7, 0),
	(7, 8, 0),
	(7, 9, 0),
	(7, 10, 0),
	(7, 11, 0),
	(7, 12, 0),
	(7, 13, 0),
	(7, 14, 0),
	(7, 15, 0),
	(7, 16, 0),
	(7, 17, 0),
	(7, 18, 0),
	(7, 19, 0),
	(7, 20, 0),
	(7, 21, 0),
	(7, 22, 0),
	(7, 23, 0),
	(7, 24, 0),
	(7, 25, 0),
	(7, 26, 0),
	(7, 27, 0),
	(7, 28, 0),
	(7, 29, 0),
	(7, 30, 0),
	(7, 31, 0),
	(7, 32, 0),
	(7, 33, 0),
	(7, 34, 0),
	(7, 35, 0),
	(7, 36, 0),
	(7, 37, 0),
	(7, 38, 0),
	(7, 39, 0),
	(7, 40, 0),
	(7, 41, 0),
	(7, 42, 0),
	(7, 43, 0),
	(7, 44, 0),
	(7, 45, 0),
	(7, 46, 0),
	(7, 47, 0),
	(7, 48, 0),
	(7, 49, 0),
	(7, 50, 0),
	(7, 51, 0),
	(7, 52, 0),
	(7, 53, 0),
	(7, 54, 0),
	(7, 55, 0),
	(7, 56, 0),
	(7, 57, 0),
	(8, 1, 0),
	(8, 2, 0),
	(8, 3, 0),
	(8, 4, 0),
	(8, 5, 0),
	(8, 6, 0),
	(8, 7, 0),
	(8, 8, 0),
	(8, 9, 0),
	(8, 10, 0),
	(8, 11, 0),
	(8, 12, 0),
	(8, 13, 0),
	(8, 14, 0),
	(8, 15, 0),
	(8, 16, 0),
	(8, 17, 0),
	(8, 18, 0),
	(8, 19, 0),
	(8, 20, 0),
	(8, 21, 0),
	(8, 22, 0),
	(8, 23, 0),
	(8, 24, 0),
	(8, 25, 0),
	(8, 26, 0),
	(8, 27, 0),
	(8, 28, 0),
	(8, 29, 0),
	(8, 30, 0),
	(8, 31, 0),
	(8, 32, 0),
	(8, 33, 0),
	(8, 34, 0),
	(8, 35, 0),
	(8, 36, 0),
	(8, 37, 0),
	(8, 38, 0),
	(8, 39, 0),
	(8, 40, 0),
	(8, 41, 0),
	(8, 42, 0),
	(8, 43, 0),
	(8, 44, 0),
	(8, 45, 0),
	(8, 46, 0),
	(8, 47, 0),
	(8, 48, 0),
	(8, 49, 0),
	(8, 50, 0),
	(8, 51, 0),
	(8, 52, 0),
	(8, 53, 0),
	(8, 54, 0),
	(8, 55, 0),
	(8, 56, 0),
	(8, 57, 0),
	(8, 58, 0),
	(8, 59, 0),
	(8, 60, 0),
	(8, 61, 0),
	(8, 62, 0),
	(8, 63, 0),
	(8, 64, 0),
	(8, 65, 0),
	(8, 66, 0),
	(8, 67, 0),
	(8, 68, 0),
	(8, 69, 0),
	(8, 70, 0),
	(8, 71, 0),
	(8, 72, 0),
	(8, 73, 0),
	(8, 74, 0),
	(8, 75, 0),
	(8, 76, 0),
	(8, 77, 0),
	(8, 78, 0),
	(8, 79, 0),
	(8, 80, 0),
	(8, 81, 0),
	(8, 82, 0),
	(8, 83, 0),
	(8, 84, 0),
	(8, 85, 0),
	(8, 86, 0),
	(8, 87, 0),
	(8, 88, 0),
	(8, 89, 0),
	(9, 1, 0),
	(9, 2, 0),
	(9, 3, 0),
	(9, 4, 0),
	(9, 5, 0),
	(9, 6, 0),
	(9, 7, 0),
	(9, 8, 0),
	(9, 9, 0),
	(9, 10, 0),
	(9, 11, 0),
	(9, 12, 0),
	(9, 13, 0),
	(9, 14, 0),
	(9, 15, 0),
	(9, 16, 0),
	(9, 17, 0),
	(9, 18, 0),
	(9, 19, 0),
	(9, 20, 0),
	(9, 21, 0),
	(9, 22, 0),
	(9, 23, 0),
	(9, 24, 0),
	(9, 25, 0),
	(9, 26, 0),
	(9, 27, 0),
	(9, 28, 0),
	(9, 29, 0),
	(9, 30, 0),
	(9, 31, 0),
	(9, 32, 0),
	(9, 33, 0),
	(9, 34, 0),
	(9, 35, 0),
	(9, 36, 0),
	(9, 37, 0),
	(9, 38, 0),
	(9, 39, 0),
	(9, 40, 0),
	(9, 41, 0),
	(9, 42, 0),
	(9, 43, 0),
	(9, 44, 0),
	(9, 45, 0),
	(9, 46, 0),
	(9, 47, 0),
	(9, 48, 0),
	(9, 49, 0),
	(9, 50, 0),
	(9, 51, 0),
	(9, 52, 0),
	(9, 53, 0),
	(9, 54, 0),
	(9, 55, 0),
	(9, 56, 0),
	(9, 57, 0),
	(9, 58, 0),
	(9, 59, 0),
	(9, 60, 0),
	(9, 61, 0),
	(9, 62, 0),
	(9, 63, 0),
	(9, 64, 0),
	(9, 65, 0),
	(9, 66, 0),
	(9, 67, 0),
	(9, 68, 0),
	(9, 69, 0),
	(9, 70, 0),
	(9, 71, 0),
	(9, 72, 0),
	(9, 73, 0),
	(9, 74, 0),
	(9, 75, 0),
	(9, 76, 0),
	(9, 77, 0),
	(9, 78, 0),
	(9, 79, 0),
	(9, 80, 0),
	(9, 81, 0),
	(9, 82, 0),
	(9, 83, 0),
	(9, 84, 0),
	(9, 85, 0),
	(9, 86, 0),
	(9, 87, 0),
	(9, 88, 0),
	(9, 89, 0),
	(9, 90, 0),
	(9, 91, 0),
	(9, 92, 0),
	(9, 93, 0),
	(9, 94, 0),
	(9, 95, 0),
	(9, 96, 0),
	(9, 97, 0),
	(9, 98, 0);
/*!40000 ALTER TABLE `crm_distributions_persons` ENABLE KEYS */;


-- Дамп структуры для таблица gildiya.crm.crm_distributions_states
CREATE TABLE IF NOT EXISTS `crm_distributions_states` (
  `id` int(11) NOT NULL,
  `title` varchar(255) NOT NULL,
  PRIMARY KEY (`id`)
) ENGINE=MyISAM DEFAULT CHARSET=utf8;

-- Дамп данных таблицы gildiya.crm.crm_distributions_states: 3 rows
/*!40000 ALTER TABLE `crm_distributions_states` DISABLE KEYS */;
INSERT INTO `crm_distributions_states` (`id`, `title`) VALUES
	(0, 'Ожидает отправки'),
	(1, 'Запущена'),
	(2, 'Завершена');
/*!40000 ALTER TABLE `crm_distributions_states` ENABLE KEYS */;


-- Дамп структуры для таблица gildiya.crm.crm_documents_map
CREATE TABLE IF NOT EXISTS `crm_documents_map` (
  `id` int(11) NOT NULL AUTO_INCREMENT,
  `mid` int(11) NOT NULL,
  `pid` int(11) NOT NULL,
  `href` text NOT NULL,
  `name` varchar(255) NOT NULL,
  `size` int(11) NOT NULL DEFAULT '0',
  `preview_hash` varchar(32) NOT NULL,
  PRIMARY KEY (`id`),
  KEY `mid` (`mid`,`pid`)
) ENGINE=MyISAM AUTO_INCREMENT=4 DEFAULT CHARSET=utf8;

-- Дамп данных таблицы gildiya.crm.crm_documents_map: 3 rows
/*!40000 ALTER TABLE `crm_documents_map` DISABLE KEYS */;
INSERT INTO `crm_documents_map` (`id`, `mid`, `pid`, `href`, `name`, `size`, `preview_hash`) VALUES
	(1, 5, 1, '/LADA%20Sport/%D0%94%D0%B8%D0%BB%D0%B5%D1%80%D1%81%D0%BA%D0%B8%D0%B5%20%D1%81%D1%82%D0%B0%D0%BD%D0%B4%D0%B0%D1%80%D1%82%D1%8B_mail.pdf', 'Дилерские стандарты_mail.pdf', 14746185, '8e5ac457f84586eefd7cc2d3a4ba7c04'),
	(2, 5, 1, '/LADA%20Sport/%D0%A0%D0%B5%D0%BA%D0%BB%D0%B0%D0%BC%D0%BD%D1%8B%D0%B5%20%D1%81%D1%82%D0%B0%D0%BD%D0%B4%D0%B0%D1%80%D1%82%D1%8B_mail.pdf', 'Рекламные стандарты_mail.pdf', 4011301, '3385f730ade9cc9fcc7239f6f554bf32'),
	(3, 5, 1, '/LADA%20Sport/%D0%A2%D1%80%D0%B5%D0%BD%D0%B8%D0%BD%D0%B3%20LADA%20Sport.pdf', 'Тренинг LADA Sport.pdf', 77270122, '285e66b29fb8919e55d155b1deb2ff61');
/*!40000 ALTER TABLE `crm_documents_map` ENABLE KEYS */;


-- Дамп структуры для таблица gildiya.crm.crm_email_senders
CREATE TABLE IF NOT EXISTS `crm_email_senders` (
  `id` int(11) NOT NULL AUTO_INCREMENT,
  `title` varchar(255) NOT NULL,
  `email` varchar(255) NOT NULL,
  `smtp_host` varchar(255) NOT NULL,
  `smtp_port` int(10) unsigned NOT NULL DEFAULT '0',
  `smtp_ssl` tinyint(1) unsigned NOT NULL DEFAULT '0',
  `smtp_login` varchar(255) NOT NULL,
  `smtp_pass` varchar(255) NOT NULL,
  `is_delete` tinyint(1) unsigned NOT NULL DEFAULT '0',
  `insert_time` timestamp NOT NULL DEFAULT CURRENT_TIMESTAMP,
  `update_time` timestamp NOT NULL DEFAULT '0000-00-00 00:00:00',
  `delete_time` datetime NOT NULL DEFAULT '0000-00-00 00:00:00',
  PRIMARY KEY (`id`)
) ENGINE=MyISAM AUTO_INCREMENT=8 DEFAULT CHARSET=utf8;

-- Дамп данных таблицы gildiya.crm.crm_email_senders: 5 rows
/*!40000 ALTER TABLE `crm_email_senders` DISABLE KEYS */;
INSERT INTO `crm_email_senders` (`id`, `title`, `email`, `smtp_host`, `smtp_port`, `smtp_ssl`, `smtp_login`, `smtp_pass`, `is_delete`, `insert_time`, `update_time`, `delete_time`) VALUES
	(5, 'Пахноцкая Олеся Александровна', 'opakhnotskaya@lada-sport.ru', 'smtp.yandex.ru', 465, 1, 'opakhnotskaya@lada-sport.ru', '1qaz@WSX', 0, '2014-10-01 11:11:11', '2014-11-06 08:27:35', '0000-00-00 00:00:00'),
	(3, 'PR-отдел LADA Sport', 'pr@lada-sport.ru', 'smtp.yandex.ru', 465, 1, 'pr@lada-sport.ru', '1qaz@WSX', 0, '2014-10-01 11:11:11', '2014-11-06 08:27:16', '0000-00-00 00:00:00'),
	(4, 'Лисенков Иван Валериевич', 'ilisenkov@lada-sport.ru', 'smtp.yandex.ru', 465, 1, 'ilisenkov@lada-sport.ru', '1qaz@WSX', 0, '2014-10-01 11:11:11', '2014-11-06 08:27:27', '0000-00-00 00:00:00'),
	(6, 'Остудин Максим Николаевич', 'mostudin@lada-sport.ru', 'smtp.yandex.ru', 465, 1, 'mostudin@lada-sport.ru', '1qaz@WSX', 0, '2014-10-01 11:11:11', '2014-11-06 08:27:31', '0000-00-00 00:00:00'),
	(7, 'Гарантийный отдел LADA Sport', 'warranty@lada-sport.ru', 'smtp.yandex.ru', 465, 1, 'warranty@lada-sport.ru', '1qaz@WSX', 0, '2014-10-01 11:11:11', '2014-11-06 08:27:24', '0000-00-00 00:00:00');
/*!40000 ALTER TABLE `crm_email_senders` ENABLE KEYS */;


-- Дамп структуры для таблица gildiya.crm.crm_events
CREATE TABLE IF NOT EXISTS `crm_events` (
  `id` int(11) NOT NULL AUTO_INCREMENT,
  `title` varchar(255) NOT NULL,
  `type_id` tinyint(1) NOT NULL DEFAULT '1',
  `is_delete` tinyint(1) NOT NULL DEFAULT '0',
  PRIMARY KEY (`id`)
) ENGINE=MyISAM AUTO_INCREMENT=2 DEFAULT CHARSET=utf8;

-- Дамп данных таблицы gildiya.crm.crm_events: 0 rows
/*!40000 ALTER TABLE `crm_events` DISABLE KEYS */;
/*!40000 ALTER TABLE `crm_events` ENABLE KEYS */;


-- Дамп структуры для таблица gildiya.crm.crm_events_map
CREATE TABLE IF NOT EXISTS `crm_events_map` (
  `id` int(11) NOT NULL AUTO_INCREMENT,
  `event_id` int(11) NOT NULL DEFAULT '0',
  `user_to_id` int(11) NOT NULL DEFAULT '0',
  `user_from_id` int(11) NOT NULL DEFAULT '0',
  `subject_id` int(11) NOT NULL DEFAULT '0',
  `is_checked` tinyint(1) NOT NULL DEFAULT '0',
  `insert_time` timestamp NOT NULL DEFAULT CURRENT_TIMESTAMP,
  `checked_time` timestamp NOT NULL DEFAULT '0000-00-00 00:00:00',
  `delete_time` timestamp NOT NULL DEFAULT '0000-00-00 00:00:00',
  `is_delete` tinyint(1) NOT NULL DEFAULT '0',
  PRIMARY KEY (`id`)
) ENGINE=MyISAM AUTO_INCREMENT=2 DEFAULT CHARSET=utf8;

-- Дамп данных таблицы gildiya.crm.crm_events_map: 0 rows
/*!40000 ALTER TABLE `crm_events_map` DISABLE KEYS */;
/*!40000 ALTER TABLE `crm_events_map` ENABLE KEYS */;


-- Дамп структуры для таблица gildiya.crm.crm_events_map_params
CREATE TABLE IF NOT EXISTS `crm_events_map_params` (
  `id` int(11) NOT NULL AUTO_INCREMENT,
  `event_map_id` int(11) NOT NULL DEFAULT '0',
  `name` varchar(255) NOT NULL,
  `value` text NOT NULL,
  PRIMARY KEY (`id`)
) ENGINE=MyISAM DEFAULT CHARSET=utf8;

-- Дамп данных таблицы gildiya.crm.crm_events_map_params: 0 rows
/*!40000 ALTER TABLE `crm_events_map_params` DISABLE KEYS */;
/*!40000 ALTER TABLE `crm_events_map_params` ENABLE KEYS */;


-- Дамп структуры для таблица gildiya.crm.crm_events_types
CREATE TABLE IF NOT EXISTS `crm_events_types` (
  `id` int(11) NOT NULL AUTO_INCREMENT,
  `title` varchar(255) NOT NULL,
  `is_sending_email` tinyint(1) NOT NULL DEFAULT '0',
  `is_sending_sms` tinyint(1) NOT NULL DEFAULT '0',
  PRIMARY KEY (`id`)
) ENGINE=MyISAM AUTO_INCREMENT=4 DEFAULT CHARSET=utf8;

-- Дамп данных таблицы gildiya.crm.crm_events_types: 3 rows
/*!40000 ALTER TABLE `crm_events_types` DISABLE KEYS */;
INSERT INTO `crm_events_types` (`id`, `title`, `is_sending_email`, `is_sending_sms`) VALUES
	(1, 'Обычное', 0, 0),
	(2, 'Важное', 1, 0),
	(3, 'Очень важное', 1, 1);
/*!40000 ALTER TABLE `crm_events_types` ENABLE KEYS */;


-- Дамп структуры для таблица gildiya.crm.crm_files
CREATE TABLE IF NOT EXISTS `crm_files` (
  `id` int(11) NOT NULL AUTO_INCREMENT,
  `mid` int(11) NOT NULL DEFAULT '0',
  `pid` int(11) NOT NULL DEFAULT '0',
  `user_id` int(11) NOT NULL DEFAULT '0',
  `title` varchar(255) NOT NULL,
  `ext` varchar(4) NOT NULL,
  `size` int(11) NOT NULL DEFAULT '0',
  `type` varchar(255) NOT NULL,
  `is_delete` varchar(1) NOT NULL DEFAULT '0',
  `insert_time` timestamp NOT NULL DEFAULT CURRENT_TIMESTAMP,
  `update_time` timestamp NOT NULL DEFAULT '0000-00-00 00:00:00',
  `delete_time` timestamp NOT NULL DEFAULT '0000-00-00 00:00:00',
  PRIMARY KEY (`id`)
) ENGINE=MyISAM AUTO_INCREMENT=7 DEFAULT CHARSET=utf8;

-- Дамп данных таблицы gildiya.crm.crm_files: 6 rows
/*!40000 ALTER TABLE `crm_files` DISABLE KEYS */;
INSERT INTO `crm_files` (`id`, `mid`, `pid`, `user_id`, `title`, `ext`, `size`, `type`, `is_delete`, `insert_time`, `update_time`, `delete_time`) VALUES
	(1, 5, 3, 45, 'Образец трекинга.jpg', 'jpg', 122365, 'image/jpeg', '0', '2014-10-31 11:31:37', '0000-00-00 00:00:00', '0000-00-00 00:00:00'),
	(2, 5, 5, 45, 'Форма заполнения.xlsx', 'xlsx', 17709, 'application/vnd.openxmlformats-officedocument.spreadsheetml.sheet', '0', '2014-11-07 05:25:07', '0000-00-00 00:00:00', '0000-00-00 00:00:00'),
	(3, 5, 7, 7, '800px-guia_circuit_en-svg.jpg', 'jpg', 91560, 'image/jpeg', '0', '2014-11-12 12:45:29', '0000-00-00 00:00:00', '0000-00-00 00:00:00'),
	(4, 5, 7, 7, 'DSC_1433 (800x533).jpg', 'jpg', 335539, 'image/jpeg', '0', '2014-11-12 12:45:30', '0000-00-00 00:00:00', '0000-00-00 00:00:00'),
	(5, 5, 8, 45, 'Дилерское соглашение LADA Sport 2015.doc', 'doc', 273920, 'application/msword', '0', '2014-12-30 11:58:45', '0000-00-00 00:00:00', '0000-00-00 00:00:00'),
	(6, 5, 9, 45, 'F6000-236.tif', 'tif', 3325084, 'image/tiff', '0', '2015-03-19 06:34:35', '0000-00-00 00:00:00', '0000-00-00 00:00:00');
/*!40000 ALTER TABLE `crm_files` ENABLE KEYS */;


-- Дамп структуры для таблица gildiya.crm.crm_files_modules_map
CREATE TABLE IF NOT EXISTS `crm_files_modules_map` (
  `file_id` int(11) NOT NULL DEFAULT '0',
  `mid` int(11) NOT NULL DEFAULT '0',
  `pid` int(11) NOT NULL DEFAULT '0',
  PRIMARY KEY (`file_id`,`mid`,`pid`)
) ENGINE=MyISAM DEFAULT CHARSET=utf8;

-- Дамп данных таблицы gildiya.crm.crm_files_modules_map: 6 rows
/*!40000 ALTER TABLE `crm_files_modules_map` DISABLE KEYS */;
INSERT INTO `crm_files_modules_map` (`file_id`, `mid`, `pid`) VALUES
	(1, 5, 3),
	(2, 5, 5),
	(3, 5, 7),
	(4, 5, 7),
	(5, 5, 8),
	(6, 5, 9);
/*!40000 ALTER TABLE `crm_files_modules_map` ENABLE KEYS */;


-- Дамп структуры для таблица gildiya.crm.crm_geo_areas
CREATE TABLE IF NOT EXISTS `crm_geo_areas` (
  `id` int(11) NOT NULL AUTO_INCREMENT,
  `title` varchar(255) NOT NULL,
  `feddist_id` int(11) NOT NULL DEFAULT '0',
  PRIMARY KEY (`id`)
) ENGINE=MyISAM AUTO_INCREMENT=84 DEFAULT CHARSET=utf8;

-- Дамп данных таблицы gildiya.crm.crm_geo_areas: 82 rows
/*!40000 ALTER TABLE `crm_geo_areas` DISABLE KEYS */;
INSERT INTO `crm_geo_areas` (`id`, `title`, `feddist_id`) VALUES
	(1, 'Республика Адыгея', 2),
	(2, 'Республика Алтай', 5),
	(3, 'Республика Башкортостан', 7),
	(4, 'Республика Бурятия', 5),
	(5, 'Республика Дагестан', 8),
	(6, 'Республика Ингушетия', 8),
	(7, 'Кабардино-Балкарская республика', 8),
	(8, 'Республика Калмыкия', 2),
	(9, 'Карачаево-Черкесская республика', 8),
	(10, 'Республика Карелия', 3),
	(11, 'Республика Коми', 3),
	(12, 'Республика Крым', 9),
	(13, 'Республика Марий Эл', 7),
	(14, 'Республика Мордовия', 7),
	(15, 'Республика Саха (Якутия)', 4),
	(16, 'Республика Северная Осетия - Алания', 8),
	(17, 'Республика Татарстан', 7),
	(18, 'Республика Тыва', 5),
	(19, 'Удмуртская республика', 7),
	(20, 'Республика Хакасия', 5),
	(21, 'Чеченская республика', 8),
	(22, 'Чувашская республика', 7),
	(23, 'Алтайский край', 5),
	(24, 'Забайкальский край', 5),
	(25, 'Камчатский край', 4),
	(26, 'Краснодарский край', 2),
	(27, 'Красноярский край', 5),
	(28, 'Пермский край', 7),
	(29, 'Приморский край', 4),
	(30, 'Ставропольский край', 8),
	(31, 'Хабаровский край', 4),
	(32, 'Амурская область', 4),
	(33, 'Архангельская область', 3),
	(34, 'Астраханская область', 2),
	(35, 'Белгородская область', 1),
	(36, 'Брянская область', 1),
	(37, 'Владимирская область', 1),
	(38, 'Волгоградская область', 2),
	(39, 'Вологодская область', 3),
	(40, 'Воронежская область', 1),
	(41, 'Ивановская область', 1),
	(42, 'Иркутская область', 5),
	(43, 'Калининградская область', 3),
	(44, 'Калужская область', 1),
	(45, 'Кемеровская область', 5),
	(46, 'Кировская область', 7),
	(47, 'Костромская область', 1),
	(48, 'Курганская область', 6),
	(49, 'Курская область', 1),
	(50, 'Ленинградская область', 3),
	(51, 'Липецкая область', 1),
	(52, 'Магаданская область', 4),
	(53, 'Московская область', 1),
	(54, 'Мурманская область', 3),
	(55, 'Нижегородская область', 7),
	(56, 'Новгородская область', 3),
	(57, 'Новосибирская область', 5),
	(58, 'Омская область', 5),
	(59, 'Оренбургская область', 7),
	(60, 'Орловская область', 1),
	(61, 'Пензенская область', 7),
	(62, 'Псковская область', 3),
	(63, 'Ростовская область', 2),
	(64, 'Рязанская область', 1),
	(65, 'Самарская область', 7),
	(66, 'Саратовская область', 7),
	(67, 'Сахалинская область', 4),
	(68, 'Свердловская область', 6),
	(69, 'Смоленская область', 1),
	(70, 'Тамбовская область', 1),
	(71, 'Тверская область', 1),
	(72, 'Томская область', 5),
	(73, 'Тульская область', 1),
	(74, 'Тюменская область', 6),
	(75, 'Ульяновская область', 7),
	(76, 'Челябинская область', 6),
	(77, 'Ярославская область', 1),
	(78, 'Еврейская автономная область', 4),
	(79, 'Ненецкий автономный округ', 3),
	(80, 'Ханты-Мансийский автономный округ - Югра', 6),
	(81, 'Чукотский автономный округ', 4),
	(82, 'Ямало-Ненецкий автономный округ', 6);
/*!40000 ALTER TABLE `crm_geo_areas` ENABLE KEYS */;


-- Дамп структуры для таблица gildiya.crm.crm_geo_feddists
CREATE TABLE IF NOT EXISTS `crm_geo_feddists` (
  `id` int(11) NOT NULL AUTO_INCREMENT,
  `title` varchar(255) NOT NULL,
  PRIMARY KEY (`id`)
) ENGINE=MyISAM AUTO_INCREMENT=11 DEFAULT CHARSET=utf8;

-- Дамп данных таблицы gildiya.crm.crm_geo_feddists: 9 rows
/*!40000 ALTER TABLE `crm_geo_feddists` DISABLE KEYS */;
INSERT INTO `crm_geo_feddists` (`id`, `title`) VALUES
	(1, 'Центральный ФО'),
	(2, 'Южный ФО'),
	(3, 'Северо-Западный ФО'),
	(4, 'Дальневосточный ФО'),
	(5, 'Сибирский ФО'),
	(6, 'Уральский ФО'),
	(7, 'Приволжский ФО'),
	(8, 'Северо-Кавказский ФО'),
	(9, 'Крымский ФО');
/*!40000 ALTER TABLE `crm_geo_feddists` ENABLE KEYS */;


-- Дамп структуры для таблица gildiya.crm.crm_menu
CREATE TABLE IF NOT EXISTS `crm_menu` (
  `id` int(11) NOT NULL AUTO_INCREMENT,
  `pid` int(11) NOT NULL DEFAULT '0',
  `title` varchar(255) NOT NULL,
  `url` varchar(100) NOT NULL,
  `sort` int(11) NOT NULL DEFAULT '0',
  `is_delete` tinyint(1) NOT NULL DEFAULT '0',
  `insert_time` timestamp NOT NULL DEFAULT CURRENT_TIMESTAMP,
  `update_time` timestamp NOT NULL DEFAULT '0000-00-00 00:00:00',
  `delete_time` timestamp NOT NULL DEFAULT '0000-00-00 00:00:00',
  PRIMARY KEY (`id`)
) ENGINE=MyISAM AUTO_INCREMENT=25 DEFAULT CHARSET=utf8;

-- Дамп данных таблицы gildiya.crm.crm_menu: 5 rows
/*!40000 ALTER TABLE `crm_menu` DISABLE KEYS */;
INSERT INTO `crm_menu` (`id`, `pid`, `title`, `url`, `sort`, `is_delete`, `insert_time`, `update_time`, `delete_time`) VALUES
	(1, 0, 'Лента событий', '/', 0, 0, '2013-07-19 15:33:29', '0000-00-00 00:00:00', '0000-00-00 00:00:00'),
	(24, 21, 'Добавить пользователя', '/users/add', 2, 0, '2016-11-01 16:24:15', '0000-00-00 00:00:00', '0000-00-00 00:00:00'),
	(23, 21, 'Администраторы', '/users/admin', 1, 0, '2016-11-01 09:02:53', '0000-00-00 00:00:00', '0000-00-00 00:00:00'),
	(22, 21, 'Все', '/users/', 0, 0, '2016-11-01 09:00:42', '0000-00-00 00:00:00', '0000-00-00 00:00:00'),
	(21, 0, 'Пользователи', 'javascript:void(0);', 1, 0, '2016-11-01 08:35:31', '0000-00-00 00:00:00', '0000-00-00 00:00:00');
/*!40000 ALTER TABLE `crm_menu` ENABLE KEYS */;


-- Дамп структуры для таблица gildiya.crm.crm_modules
CREATE TABLE IF NOT EXISTS `crm_modules` (
  `id` int(11) NOT NULL AUTO_INCREMENT,
  `name` varchar(255) NOT NULL,
  `title` varchar(255) NOT NULL,
  PRIMARY KEY (`id`)
) ENGINE=MyISAM AUTO_INCREMENT=6 DEFAULT CHARSET=utf8;

-- Дамп данных таблицы gildiya.crm.crm_modules: 5 rows
/*!40000 ALTER TABLE `crm_modules` DISABLE KEYS */;
INSERT INTO `crm_modules` (`id`, `name`, `title`) VALUES
	(1, 'tasks', 'Задачи'),
	(2, 'projects', 'Проекты'),
	(3, 'clients', 'Клиенты'),
	(4, 'tickets', 'Запросы'),
	(5, 'distributions', 'Рассылка');
/*!40000 ALTER TABLE `crm_modules` ENABLE KEYS */;


-- Дамп структуры для таблица gildiya.crm.crm_notes
CREATE TABLE IF NOT EXISTS `crm_notes` (
  `id` int(11) NOT NULL AUTO_INCREMENT,
  `date` date NOT NULL,
  `direction` tinyint(4) NOT NULL DEFAULT '0',
  `cost` int(11) NOT NULL DEFAULT '0',
  `cost_type` tinyint(1) NOT NULL DEFAULT '0',
  `category_id` int(11) NOT NULL DEFAULT '0',
  `type_id` int(11) NOT NULL DEFAULT '0',
  `client_id` int(11) NOT NULL DEFAULT '0',
  `title` varchar(255) NOT NULL,
  `is_delete` tinyint(1) NOT NULL DEFAULT '0',
  `insert_time` timestamp NOT NULL DEFAULT CURRENT_TIMESTAMP,
  `update_time` timestamp NOT NULL DEFAULT '0000-00-00 00:00:00',
  `delete_time` timestamp NOT NULL DEFAULT '0000-00-00 00:00:00',
  PRIMARY KEY (`id`)
) ENGINE=MyISAM AUTO_INCREMENT=797 DEFAULT CHARSET=utf8;

-- Дамп данных таблицы gildiya.crm.crm_notes: 793 rows
/*!40000 ALTER TABLE `crm_notes` DISABLE KEYS */;
INSERT INTO `crm_notes` (`id`, `date`, `direction`, `cost`, `cost_type`, `category_id`, `type_id`, `client_id`, `title`, `is_delete`, `insert_time`, `update_time`, `delete_time`) VALUES
	(8, '2012-05-22', 1, 12, 1, 0, 0, 0, '122', 1, '2012-05-22 14:47:20', '2012-05-22 14:47:33', '2012-05-22 14:47:33'),
	(2, '2012-02-01', -1, 9368, 1, 0, 0, 0, 'Аренда офиса', 1, '2012-05-17 10:41:51', '2012-11-28 12:56:23', '2012-11-28 12:56:23'),
	(3, '2012-02-01', -1, 1090, 1, 0, 0, 0, 'Охрана', 1, '2012-05-17 10:57:53', '2012-11-28 12:56:17', '2012-11-28 12:56:17'),
	(4, '2012-02-01', -1, 2510, 1, 0, 0, 0, 'Интернет + телефон', 1, '2012-05-17 10:58:40', '2012-11-28 12:56:12', '2012-11-28 12:56:12'),
	(5, '2012-02-01', -1, 500, 1, 0, 0, 0, 'Уборка офиса', 1, '2012-05-17 10:59:07', '2012-11-28 12:56:07', '2012-11-28 12:56:07'),
	(6, '2012-02-01', -1, 400, 1, 0, 0, 0, 'Карманные деньги', 1, '2012-05-17 10:59:36', '2012-11-27 10:25:42', '2012-11-27 10:25:42'),
	(7, '2012-02-01', 1, 20000, 1, 0, 0, 0, 'Росинтер, проплата №1', 1, '2012-05-17 11:09:30', '2012-11-27 07:53:17', '2012-11-27 07:53:17'),
	(9, '2012-02-01', 1, 25000, 1, 0, 0, 0, 'Ежемесячный приход по Про-отдыху', 1, '2012-05-23 08:19:22', '2012-11-27 07:53:24', '2012-11-27 07:53:24'),
	(10, '2012-03-01', 1, 25000, 1, 0, 0, 0, 'Ежемесячный приход по Про-отдыху', 1, '2012-05-23 08:19:38', '2012-11-27 07:53:28', '2012-11-27 07:53:28'),
	(11, '2012-04-01', 1, 25000, 1, 0, 0, 0, 'Ежемесячный приход по Про-отдыху', 1, '2012-05-23 08:20:03', '2012-11-27 07:54:32', '2012-11-27 07:54:32'),
	(12, '2012-05-01', 1, 40000, 1, 0, 0, 0, 'Ежемесячный приход по Про-отдыху', 1, '2012-05-23 08:20:52', '2012-11-27 07:53:32', '2012-11-27 07:53:32'),
	(13, '2012-02-01', 1, 20250, 1, 0, 0, 0, 'Ежемесячный приход по HappyJack', 1, '2012-05-23 08:28:20', '2012-11-27 07:54:28', '2012-11-27 07:54:28'),
	(14, '2012-03-01', 1, 8850, 1, 0, 0, 0, 'Ежемесячный приход по HappyJack', 1, '2012-05-23 08:28:53', '2012-11-27 07:54:25', '2012-11-27 07:54:25'),
	(15, '2012-04-01', 1, 8550, 1, 0, 0, 0, 'Ежемесячный приход по HappyJack', 1, '2012-05-23 08:29:07', '2012-11-27 07:54:22', '2012-11-27 07:54:22'),
	(16, '2012-03-01', 1, 20000, 1, 0, 0, 0, 'Росинтер, проплата №2', 1, '2012-05-23 08:30:49', '2012-11-27 07:54:18', '2012-11-27 07:54:18'),
	(17, '2012-04-01', 1, 62600, 1, 0, 0, 0, 'Росинтер, проплата №3', 1, '2012-05-23 08:31:08', '2012-11-27 07:54:12', '2012-11-27 07:54:12'),
	(18, '2012-04-01', 1, 19900, 1, 0, 0, 0, 'Автостат, доп. к договору №2, 3', 1, '2012-05-23 08:32:41', '2012-11-27 07:54:05', '2012-11-27 07:54:05'),
	(19, '2012-05-21', 1, 80900, 1, 0, 0, 0, 'Магалада, закрытие этапа №1', 1, '2012-05-23 08:33:39', '2012-11-27 07:53:57', '2012-11-27 07:53:57'),
	(20, '2012-04-01', 1, 20595, 1, 0, 0, 0, 'Продвижение сайта Квадрата', 1, '2012-05-23 11:01:28', '2012-11-27 07:53:51', '2012-11-27 07:53:51'),
	(21, '2012-04-01', 1, 3000, 1, 0, 0, 0, 'Хостинг Мегалады', 1, '2012-05-23 11:02:16', '2012-11-27 07:53:47', '2012-11-27 07:53:47'),
	(22, '2012-05-25', -1, 4008, 1, 0, 0, 0, 'Стройматериалы для переговорки', 1, '2012-05-26 08:10:18', '2012-11-27 10:25:26', '2012-11-27 10:25:26'),
	(23, '2012-05-26', -1, 900, 1, 0, 0, 0, 'Допрасходы на строительство переговорки', 1, '2012-05-26 16:01:00', '2012-11-27 10:25:17', '2012-11-27 10:25:17'),
	(24, '2012-05-27', -1, 500, 1, 0, 0, 0, 'Допрасходы на строительство переговорки', 1, '2012-05-28 12:28:19', '2012-11-27 10:24:33', '2012-11-27 10:24:33'),
	(25, '2012-09-01', 1, 11000, 1, 0, 0, 0, 'Предоплата за создание сайта', 1, '2012-11-26 07:43:46', '2012-11-27 07:53:39', '2012-11-27 07:53:39'),
	(26, '2012-02-27', 1, 25000, 1, 0, 0, 0, 'ПРО-отдых (ежемесячное обслуживание)', 0, '2012-11-27 07:57:31', '2012-11-27 07:59:14', '0000-00-00 00:00:00'),
	(27, '2012-02-27', 1, 20250, 1, 0, 0, 0, 'Happy Jack (ежемесячное обслуживание)', 0, '2012-11-27 07:58:55', '0000-00-00 00:00:00', '0000-00-00 00:00:00'),
	(28, '2012-02-10', 1, 20000, 1, 0, 0, 0, 'Smartica (разработка GRM-системы для Росинтер)', 0, '2012-11-27 08:01:26', '0000-00-00 00:00:00', '0000-00-00 00:00:00'),
	(29, '2012-03-27', 1, 25000, 1, 0, 0, 0, 'ПРО-отдых (ежемесячное обслуживание)', 0, '2012-11-27 08:02:23', '0000-00-00 00:00:00', '0000-00-00 00:00:00'),
	(30, '2012-03-27', 1, 8850, 1, 0, 0, 0, 'Happy Jack (ежемесячное обслуживание)', 0, '2012-11-27 08:02:52', '0000-00-00 00:00:00', '0000-00-00 00:00:00'),
	(31, '2012-03-07', 1, 20000, 1, 0, 0, 0, 'Smartica (разработка GRM-системы для Росинтер)', 0, '2012-11-27 08:03:29', '0000-00-00 00:00:00', '0000-00-00 00:00:00'),
	(32, '2012-03-27', 1, 25000, 1, 0, 0, 0, 'ПРО-отдых (ежемесячное обслуживание)', 1, '2012-11-27 08:04:21', '2012-11-27 08:09:51', '2012-11-27 08:09:51'),
	(33, '2012-03-27', 1, 8550, 1, 0, 0, 0, 'Happy Jack (ежемесячное обслуживание)', 1, '2012-11-27 08:04:59', '2012-11-27 08:09:26', '2012-11-27 08:09:26'),
	(34, '2012-04-27', 1, 19900, 1, 0, 0, 0, 'Автостат (добработки по сайту)', 0, '2012-11-27 08:06:01', '2012-11-27 08:11:23', '0000-00-00 00:00:00'),
	(35, '2012-04-12', 1, 62600, 1, 0, 0, 0, 'Smartica (разработка GRM-системы для Росинтер)', 0, '2012-11-27 08:06:38', '2012-11-27 08:10:54', '0000-00-00 00:00:00'),
	(36, '2012-04-27', 1, 25000, 1, 0, 0, 0, 'ПРО-отдых (ежемесячное обслуживание)', 0, '2012-11-27 08:07:13', '2012-11-27 08:07:32', '0000-00-00 00:00:00'),
	(37, '2012-04-27', 1, 8550, 1, 0, 0, 0, 'Happy Jack (ежемесячное обслуживание)', 0, '2012-11-27 08:08:31', '0000-00-00 00:00:00', '0000-00-00 00:00:00'),
	(38, '2012-05-25', 1, 45000, 1, 0, 0, 0, 'ПРО-отдых (ежемесячное обслуживание)', 0, '2012-11-27 08:12:32', '2012-11-27 08:13:01', '0000-00-00 00:00:00'),
	(39, '2012-05-10', 1, 80900, 1, 0, 0, 0, 'Мега-Лада (разработка сайта)', 0, '2012-11-27 08:28:31', '0000-00-00 00:00:00', '0000-00-00 00:00:00'),
	(40, '2012-05-18', 1, 12000, 1, 0, 0, 0, 'Razmir (доработки по сайту)', 0, '2012-11-27 08:30:01', '0000-00-00 00:00:00', '0000-00-00 00:00:00'),
	(41, '2012-06-13', 1, 15000, 1, 0, 0, 0, 'Мега-Лада (разработка сайта)', 0, '2012-11-27 09:46:47', '0000-00-00 00:00:00', '0000-00-00 00:00:00'),
	(42, '2012-06-29', 1, 45000, 1, 0, 0, 0, 'ПРО-отдых (ежемесячное обслуживание)', 0, '2012-11-27 09:47:27', '0000-00-00 00:00:00', '0000-00-00 00:00:00'),
	(43, '2012-06-08', 1, 42500, 1, 0, 0, 0, 'Nadomesto (разработка сайта)', 0, '2012-11-27 09:48:17', '0000-00-00 00:00:00', '0000-00-00 00:00:00'),
	(44, '2012-06-21', 1, 20000, 1, 0, 0, 0, '1-klik.ru (разработка сайта)', 0, '2012-11-27 09:49:29', '0000-00-00 00:00:00', '0000-00-00 00:00:00'),
	(45, '2012-04-11', 1, 3000, 1, 0, 0, 0, 'Мега-Лада (домены)', 0, '2012-11-27 09:50:24', '0000-00-00 00:00:00', '0000-00-00 00:00:00'),
	(46, '2012-06-15', 1, 900, 1, 0, 0, 0, '1-klik.ru (домен)', 1, '2012-11-27 09:51:37', '2012-11-27 10:27:57', '2012-11-27 10:27:57'),
	(47, '2012-07-31', 1, 44500, 1, 0, 0, 0, 'ПРО-отдых (ежемесячное обслуживание)', 1, '2012-11-27 09:54:32', '2012-11-27 10:24:40', '2012-11-27 10:24:40'),
	(48, '2012-07-11', 1, 10000, 1, 0, 0, 0, 'Агроном (разработка сайта)', 1, '2012-11-27 09:55:03', '2012-11-27 10:24:53', '2012-11-27 10:24:53'),
	(49, '2012-08-09', 1, 8700, 1, 0, 0, 0, 'Автостат (добработки по сайту)', 1, '2012-11-27 10:02:27', '2012-11-27 10:24:58', '2012-11-27 10:24:58'),
	(50, '2012-08-15', 1, 25000, 1, 0, 0, 0, 'Мега-Лада (разработка сайта)', 1, '2012-11-27 10:03:03', '2012-11-27 10:25:04', '2012-11-27 10:25:04'),
	(51, '2012-08-02', 1, 42500, 1, 0, 0, 0, 'Nadomesto (разработка сайта)', 0, '2012-11-27 10:03:34', '0000-00-00 00:00:00', '0000-00-00 00:00:00'),
	(52, '2012-08-21', 1, 20000, 1, 0, 0, 0, '1-klik.ru (разработка сайта)', 0, '2012-11-27 10:04:23', '0000-00-00 00:00:00', '0000-00-00 00:00:00'),
	(53, '2012-08-24', 1, 63850, 1, 0, 0, 0, 'Агроном (разработка сайта)', 0, '2012-11-27 10:04:55', '0000-00-00 00:00:00', '0000-00-00 00:00:00'),
	(54, '2012-08-10', 1, 2000, 1, 0, 0, 0, 'Осминоги (дизайн заглушки)', 0, '2012-11-27 10:05:45', '2012-11-27 10:35:03', '0000-00-00 00:00:00'),
	(55, '2012-08-30', 1, 46533, 1, 0, 0, 0, 'Билет тлт (разработка сайта)', 0, '2012-11-27 10:06:40', '0000-00-00 00:00:00', '0000-00-00 00:00:00'),
	(56, '2012-08-06', 1, 34325, 1, 0, 0, 0, 'Энергетик (разработка сайта)', 0, '2012-11-27 10:07:32', '0000-00-00 00:00:00', '0000-00-00 00:00:00'),
	(57, '2012-08-24', 1, 2600, 1, 0, 0, 0, 'Мега-Лада (домены)', 0, '2012-11-27 10:08:15', '0000-00-00 00:00:00', '0000-00-00 00:00:00'),
	(58, '2012-08-03', 1, 1000, 1, 0, 0, 0, 'Осминоги (домен мояладья.рф)', 0, '2012-11-27 10:09:01', '0000-00-00 00:00:00', '0000-00-00 00:00:00'),
	(59, '2012-09-28', 1, 46000, 1, 0, 0, 0, 'ПРО-отдых (ежемесячное обслуживание)', 0, '2012-11-27 10:09:45', '0000-00-00 00:00:00', '0000-00-00 00:00:00'),
	(60, '2012-09-14', 1, 3000, 1, 0, 0, 0, 'Осминоги (дизайн заглушки)', 0, '2012-11-27 10:10:26', '0000-00-00 00:00:00', '0000-00-00 00:00:00'),
	(61, '2012-09-07', 1, 2700, 1, 0, 0, 0, 'Эл банк (доработки по сайту)', 0, '2012-11-27 10:11:06', '0000-00-00 00:00:00', '0000-00-00 00:00:00'),
	(62, '2012-09-13', 1, 11000, 1, 0, 0, 0, 'Премьера (доработки по сайту)', 0, '2012-11-27 10:11:47', '0000-00-00 00:00:00', '0000-00-00 00:00:00'),
	(63, '2012-10-25', 1, 37500, 1, 0, 0, 0, 'ПРО-отдых (ежемесячное обслуживание)', 0, '2012-11-27 10:12:29', '2012-12-13 10:52:29', '0000-00-00 00:00:00'),
	(64, '2012-10-10', 1, 5000, 1, 0, 0, 0, 'Мега-Лада (доработки по сайту)', 0, '2012-11-27 10:13:49', '0000-00-00 00:00:00', '0000-00-00 00:00:00'),
	(65, '2012-11-19', 1, 37500, 1, 0, 0, 0, 'ПРО-отдых (ежемесячное обслуживание)', 0, '2012-11-27 10:15:41', '2012-12-13 10:48:38', '0000-00-00 00:00:00'),
	(66, '2012-10-24', 1, 8600, 1, 0, 0, 0, 'Smartica (доработка GRM-системы для Росинтер)', 0, '2012-11-27 10:16:25', '0000-00-00 00:00:00', '0000-00-00 00:00:00'),
	(67, '2012-11-23', 1, 42500, 2, 0, 0, 0, 'Nadomesto (разработка сайта)', 0, '2012-11-27 10:17:04', '2012-12-13 10:48:58', '0000-00-00 00:00:00'),
	(68, '2012-11-16', 1, 47000, 1, 0, 0, 0, '1-klik.ru (разработка сайта)', 0, '2012-11-27 10:17:44', '0000-00-00 00:00:00', '0000-00-00 00:00:00'),
	(69, '2012-11-12', 1, 34325, 2, 0, 0, 0, 'Энергетик (разработка сайта)', 0, '2012-11-27 10:18:25', '2012-12-13 10:49:17', '0000-00-00 00:00:00'),
	(70, '2012-11-05', 1, 11000, 2, 0, 0, 0, 'Премьера (доработки по сайту)', 0, '2012-11-27 10:18:49', '2012-12-13 10:49:33', '0000-00-00 00:00:00'),
	(71, '2012-11-15', 1, 25000, 2, 0, 0, 0, 'SMS TANS (разработка сайта)', 0, '2012-11-27 10:19:29', '2012-12-13 10:49:53', '0000-00-00 00:00:00'),
	(72, '2012-11-28', 1, 45633, 2, 0, 0, 0, 'Билет тлт (разработка сайта)', 0, '2012-11-27 10:21:21', '2012-12-13 10:50:19', '0000-00-00 00:00:00'),
	(73, '2012-11-30', 1, 25000, 1, 0, 0, 0, 'Игорь Бурцев (разработка ТЗ)', 1, '2012-11-27 10:21:53', '2012-12-13 09:35:47', '2012-12-13 09:35:47'),
	(74, '2012-11-30', 1, 14000, 1, 0, 0, 0, 'Smartica (доработка GRM-системы для Росинтер)', 0, '2012-11-27 10:22:37', '2012-12-13 10:51:48', '0000-00-00 00:00:00'),
	(75, '2012-11-30', 1, 4000, 1, 0, 0, 0, 'Мега-Лада (сайт www.notj.ru)', 1, '2012-11-27 10:23:36', '2012-12-13 10:53:07', '0000-00-00 00:00:00'),
	(76, '2012-05-10', 1, 900, 1, 0, 0, 0, '1-klik.ru (домен)', 0, '2012-11-27 10:27:29', '0000-00-00 00:00:00', '0000-00-00 00:00:00'),
	(77, '2012-07-31', 1, 44500, 1, 0, 0, 0, 'ПРО-отдых (ежемесячное обслуживание)', 0, '2012-11-27 10:30:32', '0000-00-00 00:00:00', '0000-00-00 00:00:00'),
	(78, '2012-07-04', 1, 10000, 1, 0, 0, 0, 'Агроном (разработка сайта)', 0, '2012-11-27 10:31:13', '2012-11-27 10:33:46', '0000-00-00 00:00:00'),
	(79, '2012-08-13', 1, 8700, 1, 0, 0, 0, 'Автостат (добработки по сайту)', 0, '2012-11-27 10:36:07', '0000-00-00 00:00:00', '0000-00-00 00:00:00'),
	(80, '2012-08-24', 1, 25000, 1, 0, 0, 0, 'Мега-Лада (разработка сайта)', 0, '2012-11-27 10:38:52', '0000-00-00 00:00:00', '0000-00-00 00:00:00'),
	(81, '2012-02-29', 1, 21000, 1, 0, 0, 0, 'ЗП (Артемьев)', 1, '2012-11-29 13:02:48', '2012-11-29 13:04:19', '2012-11-29 13:04:19'),
	(82, '2012-02-29', -1, 6000, 1, 0, 0, 0, 'ЗП (Чесняков)', 1, '2012-11-29 13:03:31', '2012-12-14 07:22:03', '0000-00-00 00:00:00'),
	(83, '2012-02-29', -1, 21000, 1, 0, 0, 0, 'ЗП (Артемьев)', 1, '2012-11-29 13:05:10', '2012-12-14 07:22:07', '0000-00-00 00:00:00'),
	(84, '2012-02-29', -1, 4500, 1, 0, 0, 0, 'ЗП (Брынза)', 1, '2012-11-29 13:47:43', '2012-12-14 07:22:10', '0000-00-00 00:00:00'),
	(85, '2012-02-29', -1, 7900, 1, 0, 0, 0, 'ЗП (Сластенин)', 1, '2012-11-29 13:48:30', '2012-12-14 07:22:13', '0000-00-00 00:00:00'),
	(86, '2012-02-29', -1, 15000, 1, 0, 0, 0, 'ЗП (Брилевский)', 1, '2012-11-29 13:49:00', '2012-12-14 07:22:18', '0000-00-00 00:00:00'),
	(88, '2012-12-12', 1, 10000, 2, 0, 0, 0, '123', 1, '2012-12-12 07:57:06', '2012-12-12 08:06:18', '2012-12-12 08:06:18'),
	(89, '2012-12-12', -1, 5000000, 1, 0, 0, 0, 'Тест', 1, '2012-12-12 08:08:31', '2012-12-12 08:09:03', '2012-12-12 08:09:03'),
	(90, '2012-12-12', 1, 1000, 1, 0, 0, 0, 'Тест', 1, '2012-12-12 08:11:39', '2012-12-12 08:12:33', '2012-12-12 08:12:33'),
	(91, '2012-12-12', 1, 20000, 1, 0, 0, 0, 'Тест2', 1, '2012-12-12 08:12:19', '2012-12-12 16:32:07', '2012-12-12 16:32:07'),
	(92, '2012-12-12', -1, 1231213, 0, 0, 0, 0, 'Мегарасход', 1, '2012-12-12 16:23:24', '2012-12-12 16:31:48', '2012-12-12 16:31:48'),
	(93, '2012-12-12', -1, 123123, 1, 3, 0, 0, '123123', 1, '2012-12-12 16:30:08', '2012-12-12 16:30:49', '2012-12-12 16:30:49'),
	(94, '2012-12-04', 1, 25000, 2, 0, 0, 0, 'Бурцев (разработка ТЗ)', 0, '2012-12-13 10:54:05', '0000-00-00 00:00:00', '0000-00-00 00:00:00'),
	(95, '2012-12-13', 1, 13000, 2, 0, 0, 0, 'SMS TANS (Яндекс.Директ)', 0, '2012-12-13 10:54:52', '0000-00-00 00:00:00', '0000-00-00 00:00:00'),
	(96, '2012-09-20', 1, 4000, 1, 0, 0, 0, 'Федеральный резерв (регистрация 2 доменов на 2 года)', 0, '2012-12-13 10:56:59', '0000-00-00 00:00:00', '0000-00-00 00:00:00'),
	(97, '2012-02-29', -1, 25000, 1, 1, 0, 0, 'ЗП (Сысоев)', 1, '2012-12-13 10:58:15', '2012-12-14 07:22:21', '0000-00-00 00:00:00'),
	(98, '2012-11-30', -1, 14000, 1, 1, 0, 0, 'ЗП (Чесняков)', 1, '2012-12-13 11:44:30', '2012-12-14 07:22:23', '0000-00-00 00:00:00'),
	(99, '2012-11-30', -1, 37500, 1, 1, 0, 0, 'ЗП (Артемьев)', 1, '2012-12-13 11:47:56', '2012-12-14 07:22:27', '0000-00-00 00:00:00'),
	(100, '2012-11-30', -1, 10000, 1, 1, 0, 0, 'ЗП (Брынза)', 1, '2012-12-13 11:51:17', '2012-12-14 07:22:29', '0000-00-00 00:00:00'),
	(101, '2012-11-30', -1, 13354, 1, 1, 0, 0, 'ЗП (Мельников)', 1, '2012-12-13 11:51:45', '2012-12-14 07:22:32', '0000-00-00 00:00:00'),
	(102, '2012-11-30', -1, 20000, 1, 1, 0, 0, 'ЗП (Голдинова)', 1, '2012-12-13 11:52:07', '2012-12-14 07:22:35', '0000-00-00 00:00:00'),
	(103, '2012-11-30', -1, 24900, 1, 1, 0, 0, 'ЗП (Луенко)', 1, '2012-12-13 11:52:30', '2012-12-14 07:22:37', '0000-00-00 00:00:00'),
	(104, '2012-11-30', -1, 3000, 1, 1, 0, 0, 'Попова Маша (журналист)', 1, '2012-12-13 11:52:59', '2012-12-14 07:22:42', '0000-00-00 00:00:00'),
	(105, '2012-11-05', -1, 6000, 1, 1, 0, 0, 'Аренда офиса', 0, '2012-12-13 12:05:07', '2013-03-15 09:31:50', '0000-00-00 00:00:00'),
	(106, '2012-11-05', -1, 4643, 1, 1, 0, 0, 'Комунальные платежи', 0, '2012-12-13 12:05:37', '0000-00-00 00:00:00', '0000-00-00 00:00:00'),
	(107, '2012-11-05', -1, 3600, 1, 1, 0, 0, 'Интернет+ телефон', 0, '2012-12-13 12:06:12', '2012-12-13 12:36:16', '0000-00-00 00:00:00'),
	(108, '2012-11-05', -1, 1000, 1, 1, 0, 0, 'Уборка офиса', 0, '2012-12-13 12:06:29', '0000-00-00 00:00:00', '0000-00-00 00:00:00'),
	(109, '2012-11-05', -1, 3000, 1, 1, 0, 0, 'Бухгалтерия', 0, '2012-12-13 12:06:48', '0000-00-00 00:00:00', '0000-00-00 00:00:00'),
	(110, '2012-11-05', -1, 3456, 1, 1, 0, 0, 'Налоги', 0, '2012-12-13 12:07:06', '0000-00-00 00:00:00', '0000-00-00 00:00:00'),
	(111, '2012-11-05', -1, 950, 1, 1, 0, 0, 'Банковское обслуживание', 0, '2012-12-13 12:07:27', '0000-00-00 00:00:00', '0000-00-00 00:00:00'),
	(112, '2012-11-05', -1, 1500, 1, 1, 0, 0, 'Карманные деньги', 0, '2012-12-13 12:07:51', '0000-00-00 00:00:00', '0000-00-00 00:00:00'),
	(113, '2012-11-05', -1, 3400, 1, 1, 0, 0, 'Оргтехника (обогреватель)', 0, '2012-12-13 12:08:48', '0000-00-00 00:00:00', '0000-00-00 00:00:00'),
	(114, '2012-11-05', -1, 2300, 1, 1, 0, 0, 'Деловые переговоры', 0, '2012-12-13 12:09:20', '0000-00-00 00:00:00', '0000-00-00 00:00:00'),
	(115, '2012-12-13', -1, 500, 1, 1, 0, 0, 'Интернет', 0, '2012-12-13 12:10:48', '2012-12-27 13:00:22', '0000-00-00 00:00:00'),
	(116, '2012-12-06', -1, 1000, 1, 1, 0, 0, 'Домены', 0, '2012-12-13 12:11:04', '0000-00-00 00:00:00', '0000-00-00 00:00:00'),
	(117, '2012-11-05', -1, 500, 1, 1, 0, 0, 'Домены', 0, '2012-12-13 12:11:29', '0000-00-00 00:00:00', '0000-00-00 00:00:00'),
	(118, '2012-11-13', -1, 5000, 1, 1, 0, 0, 'Кредит доверия (Дима)', 0, '2012-12-13 12:22:08', '0000-00-00 00:00:00', '0000-00-00 00:00:00'),
	(119, '2012-10-05', -1, 6000, 1, 1, 0, 0, 'Аренда офиса', 0, '2012-12-13 12:27:26', '0000-00-00 00:00:00', '0000-00-00 00:00:00'),
	(120, '2012-12-13', 1, 0, 1, 0, 0, 0, '', 1, '2012-12-13 12:31:06', '2012-12-13 13:31:07', '0000-00-00 00:00:00'),
	(121, '2012-10-05', -1, 4643, 1, 1, 0, 0, 'Комунальные платежи', 0, '2012-12-13 12:37:07', '0000-00-00 00:00:00', '0000-00-00 00:00:00'),
	(122, '2012-10-05', -1, 2660, 1, 1, 0, 0, 'Интернет+ телефон', 0, '2012-12-13 12:37:58', '0000-00-00 00:00:00', '0000-00-00 00:00:00'),
	(123, '2012-10-05', -1, 1000, 1, 1, 0, 0, 'Уборка офиса', 0, '2012-12-13 12:38:22', '0000-00-00 00:00:00', '0000-00-00 00:00:00'),
	(124, '2012-10-05', -1, 3000, 1, 1, 0, 0, 'Бухгалтерия', 0, '2012-12-13 12:39:38', '0000-00-00 00:00:00', '0000-00-00 00:00:00'),
	(125, '2012-10-05', -1, 3456, 1, 1, 0, 0, 'Налоги', 0, '2012-12-13 12:40:02', '0000-00-00 00:00:00', '0000-00-00 00:00:00'),
	(126, '2012-10-05', -1, 950, 1, 1, 0, 0, 'Банковское обслуживание', 0, '2012-12-13 12:40:46', '0000-00-00 00:00:00', '0000-00-00 00:00:00'),
	(127, '2012-10-05', -1, 1500, 1, 1, 0, 0, 'Карманные деньги', 0, '2012-12-13 12:41:06', '0000-00-00 00:00:00', '0000-00-00 00:00:00'),
	(128, '2012-10-05', -1, 12000, 1, 1, 0, 0, 'Обучение сотрудников (аренда офисов на фест)', 0, '2012-12-13 12:42:12', '0000-00-00 00:00:00', '0000-00-00 00:00:00'),
	(129, '2012-10-05', -1, 1000, 1, 1, 0, 0, 'Канцтовары', 0, '2012-12-13 12:42:38', '0000-00-00 00:00:00', '0000-00-00 00:00:00'),
	(130, '2012-10-05', -1, 1000, 1, 1, 0, 0, 'Обустройство офиса (потолки+плинтус)', 0, '2012-12-13 12:43:36', '0000-00-00 00:00:00', '0000-00-00 00:00:00'),
	(131, '2012-09-05', -1, 6000, 1, 1, 0, 0, 'Аренда офиса', 0, '2012-12-13 12:44:20', '0000-00-00 00:00:00', '0000-00-00 00:00:00'),
	(132, '2012-09-05', -1, 3011, 1, 1, 0, 0, 'Комунальные платежи', 0, '2012-12-13 12:44:46', '0000-00-00 00:00:00', '0000-00-00 00:00:00'),
	(133, '2012-09-05', -1, 2630, 1, 1, 0, 0, 'Интернет+ телефон', 0, '2012-12-13 12:45:05', '0000-00-00 00:00:00', '0000-00-00 00:00:00'),
	(134, '2012-09-05', -1, 1000, 1, 1, 0, 0, 'Уборка офиса', 0, '2012-12-13 12:45:26', '0000-00-00 00:00:00', '0000-00-00 00:00:00'),
	(135, '2012-09-05', -1, 3000, 1, 1, 0, 0, 'Бухгалтерия', 0, '2012-12-13 12:45:50', '0000-00-00 00:00:00', '0000-00-00 00:00:00'),
	(136, '2012-09-05', -1, 3456, 1, 1, 0, 0, 'Налоги', 0, '2012-12-13 12:46:11', '0000-00-00 00:00:00', '0000-00-00 00:00:00'),
	(137, '2012-09-05', -1, 950, 1, 1, 0, 0, 'Банковское обслуживание', 0, '2012-12-13 12:46:41', '0000-00-00 00:00:00', '0000-00-00 00:00:00'),
	(138, '2012-09-05', -1, 1500, 1, 1, 0, 0, 'Карманные деньги', 0, '2012-12-13 12:46:57', '0000-00-00 00:00:00', '0000-00-00 00:00:00'),
	(139, '2012-09-05', -1, 1000, 1, 1, 0, 0, 'Домены', 0, '2012-12-13 12:48:00', '0000-00-00 00:00:00', '0000-00-00 00:00:00'),
	(140, '2012-08-06', -1, 6000, 1, 1, 0, 0, 'Аренда офиса', 0, '2012-12-13 13:16:41', '0000-00-00 00:00:00', '0000-00-00 00:00:00'),
	(141, '2012-08-06', -1, 2800, 1, 1, 0, 0, 'Комунальные платежи', 0, '2012-12-13 13:17:01', '0000-00-00 00:00:00', '0000-00-00 00:00:00'),
	(142, '2012-08-06', -1, 2610, 1, 1, 0, 0, 'Интернет+ телефон', 0, '2012-12-13 13:17:22', '0000-00-00 00:00:00', '0000-00-00 00:00:00'),
	(143, '2012-08-06', -1, 1000, 1, 1, 0, 0, 'Уборка офиса', 0, '2012-12-13 13:17:45', '0000-00-00 00:00:00', '0000-00-00 00:00:00'),
	(144, '2012-08-06', -1, 3000, 1, 1, 0, 0, 'Бухгалтерия', 0, '2012-12-13 13:18:20', '0000-00-00 00:00:00', '0000-00-00 00:00:00'),
	(145, '2012-08-06', -1, 14112, 1, 1, 0, 0, 'Налоги', 0, '2012-12-13 13:18:39', '0000-00-00 00:00:00', '0000-00-00 00:00:00'),
	(146, '2012-08-06', -1, 950, 1, 1, 0, 0, 'Банковское обслуживание', 0, '2012-12-13 13:19:07', '0000-00-00 00:00:00', '0000-00-00 00:00:00'),
	(147, '2012-08-06', -1, 1500, 1, 1, 0, 0, 'Карманные деньги', 0, '2012-12-13 13:19:26', '0000-00-00 00:00:00', '0000-00-00 00:00:00'),
	(148, '2012-08-06', -1, 20000, 1, 1, 0, 0, 'Офисная мебель (переговорка)', 0, '2012-12-13 13:19:59', '0000-00-00 00:00:00', '0000-00-00 00:00:00'),
	(149, '2012-08-06', -1, 21000, 1, 1, 0, 0, 'Обучение сотрудников (404фест)', 0, '2012-12-13 13:20:42', '0000-00-00 00:00:00', '0000-00-00 00:00:00'),
	(150, '2012-07-05', -1, 6000, 1, 1, 0, 0, 'Аренда офиса', 0, '2012-12-13 13:21:23', '0000-00-00 00:00:00', '0000-00-00 00:00:00'),
	(151, '2012-07-05', -1, 2760, 1, 1, 0, 0, 'Комунальные платежи', 0, '2012-12-13 13:21:46', '0000-00-00 00:00:00', '0000-00-00 00:00:00'),
	(152, '2012-07-05', -1, 2610, 1, 1, 0, 0, 'Интернет+ телефон', 0, '2012-12-13 13:22:11', '0000-00-00 00:00:00', '0000-00-00 00:00:00'),
	(153, '2012-07-05', -1, 1000, 1, 1, 0, 0, 'Уборка офиса', 0, '2012-12-13 13:22:33', '0000-00-00 00:00:00', '0000-00-00 00:00:00'),
	(154, '2012-07-05', -1, 3000, 1, 1, 0, 0, 'Бухгалтерия', 0, '2012-12-13 13:23:00', '0000-00-00 00:00:00', '0000-00-00 00:00:00'),
	(155, '2012-07-05', -1, 1500, 1, 1, 0, 0, 'Карманные деньги', 0, '2012-12-13 13:25:36', '0000-00-00 00:00:00', '0000-00-00 00:00:00'),
	(156, '2012-07-05', -1, 1200, 1, 1, 0, 0, 'Оргтехника', 0, '2012-12-13 13:26:29', '0000-00-00 00:00:00', '0000-00-00 00:00:00'),
	(157, '2012-06-05', -1, 6000, 1, 1, 0, 0, 'Аренда офиса', 0, '2012-12-13 13:27:02', '0000-00-00 00:00:00', '0000-00-00 00:00:00'),
	(158, '2012-06-05', -1, 2855, 1, 1, 0, 0, 'Комунальные платежи', 0, '2012-12-13 13:27:26', '0000-00-00 00:00:00', '0000-00-00 00:00:00'),
	(159, '2012-06-05', -1, 2510, 1, 1, 0, 0, 'Интернет+ телефон', 0, '2012-12-13 13:27:49', '0000-00-00 00:00:00', '0000-00-00 00:00:00'),
	(160, '2012-06-05', -1, 1000, 1, 1, 0, 0, 'Уборка офиса', 0, '2012-12-13 13:28:10', '0000-00-00 00:00:00', '0000-00-00 00:00:00'),
	(161, '2012-06-05', -1, 3000, 1, 1, 0, 0, 'Бухгалтерия', 0, '2012-12-13 13:28:37', '0000-00-00 00:00:00', '0000-00-00 00:00:00'),
	(162, '2012-06-05', -1, 3500, 1, 1, 0, 0, 'Налоги', 0, '2012-12-13 13:28:56', '0000-00-00 00:00:00', '0000-00-00 00:00:00'),
	(163, '2012-06-05', -1, 2000, 1, 1, 0, 0, 'Карманные деньги', 0, '2012-12-13 13:29:16', '0000-00-00 00:00:00', '0000-00-00 00:00:00'),
	(164, '2012-06-05', -1, 500, 1, 1, 0, 0, 'Обустройство офиса', 0, '2012-12-13 13:29:48', '0000-00-00 00:00:00', '0000-00-00 00:00:00'),
	(165, '2012-06-05', -1, 12000, 1, 1, 0, 0, 'Аренда офиса', 0, '2012-12-13 13:30:13', '0000-00-00 00:00:00', '0000-00-00 00:00:00'),
	(166, '2012-05-07', -1, 2700, 1, 1, 0, 0, 'Комунальные платежи', 0, '2012-12-13 13:30:43', '0000-00-00 00:00:00', '0000-00-00 00:00:00'),
	(167, '2012-05-07', -1, 2510, 1, 1, 0, 0, 'Интернет+ телефон', 0, '2012-12-13 13:31:48', '0000-00-00 00:00:00', '0000-00-00 00:00:00'),
	(168, '2012-05-07', -1, 1000, 1, 1, 0, 0, 'Уборка офиса', 0, '2012-12-13 13:33:34', '0000-00-00 00:00:00', '0000-00-00 00:00:00'),
	(169, '2012-05-07', -1, 3000, 1, 1, 0, 0, 'Бухгалтерия', 0, '2012-12-13 13:34:16', '0000-00-00 00:00:00', '0000-00-00 00:00:00'),
	(170, '2012-05-07', -1, 6500, 1, 1, 0, 0, 'Налоги', 0, '2012-12-13 13:34:43', '0000-00-00 00:00:00', '0000-00-00 00:00:00'),
	(171, '2012-05-07', -1, 1500, 1, 1, 0, 0, 'Карманные деньги', 0, '2012-12-13 13:35:10', '0000-00-00 00:00:00', '0000-00-00 00:00:00'),
	(172, '2012-05-07', -1, 7850, 1, 1, 0, 0, 'Обустройство офиса (ремонт в новом офисе)', 0, '2012-12-13 13:36:01', '0000-00-00 00:00:00', '0000-00-00 00:00:00'),
	(173, '2012-05-07', -1, 2000, 1, 1, 0, 0, 'Деловые переговоры', 0, '2012-12-13 13:36:34', '0000-00-00 00:00:00', '0000-00-00 00:00:00'),
	(174, '2012-04-06', -1, 8600, 1, 1, 0, 0, 'Аренда офиса', 0, '2012-12-13 13:37:12', '0000-00-00 00:00:00', '0000-00-00 00:00:00'),
	(175, '2012-04-06', -1, 1092, 1, 1, 0, 0, 'Охрана', 0, '2012-12-13 13:37:31', '0000-00-00 00:00:00', '0000-00-00 00:00:00'),
	(176, '2012-04-06', -1, 637, 1, 1, 0, 0, 'Комунальные платежи', 0, '2012-12-13 13:37:54', '0000-00-00 00:00:00', '0000-00-00 00:00:00'),
	(177, '2012-04-06', -1, 4510, 1, 1, 0, 0, 'Интернет+ телефон', 0, '2012-12-13 13:38:20', '0000-00-00 00:00:00', '0000-00-00 00:00:00'),
	(178, '2012-04-06', -1, 1100, 1, 1, 0, 0, 'Уборка офиса', 0, '2012-12-13 13:38:49', '0000-00-00 00:00:00', '0000-00-00 00:00:00'),
	(179, '2012-04-06', -1, 3500, 1, 1, 0, 0, 'Карманные деньги', 0, '2012-12-13 13:39:12', '0000-00-00 00:00:00', '0000-00-00 00:00:00'),
	(180, '2012-04-06', -1, 41000, 1, 1, 0, 0, 'Офисная мебель', 0, '2012-12-13 13:39:50', '0000-00-00 00:00:00', '0000-00-00 00:00:00'),
	(181, '2012-04-06', -1, 300, 1, 1, 0, 0, 'Обустройство офиса', 0, '2012-12-13 13:40:19', '0000-00-00 00:00:00', '0000-00-00 00:00:00'),
	(182, '2012-04-06', -1, 2000, 1, 1, 0, 0, 'Деловые переговоры', 0, '2012-12-13 13:40:38', '0000-00-00 00:00:00', '0000-00-00 00:00:00'),
	(183, '2012-03-05', -1, 6600, 1, 1, 0, 0, 'Аренда офиса', 0, '2012-12-13 14:17:15', '0000-00-00 00:00:00', '0000-00-00 00:00:00'),
	(184, '2012-03-05', -1, 1091, 1, 1, 0, 0, 'Охрана', 0, '2012-12-13 14:18:10', '0000-00-00 00:00:00', '0000-00-00 00:00:00'),
	(185, '2012-03-05', -1, 2510, 1, 1, 0, 0, 'Интернет+ телефон', 0, '2012-12-13 14:18:32', '0000-00-00 00:00:00', '0000-00-00 00:00:00'),
	(186, '2012-03-05', -1, 500, 1, 1, 0, 0, 'Уборка офиса', 0, '2012-12-13 14:18:55', '0000-00-00 00:00:00', '0000-00-00 00:00:00'),
	(187, '2012-03-05', -1, 8000, 1, 1, 0, 0, 'Бухгалтерия', 0, '2012-12-13 14:19:22', '0000-00-00 00:00:00', '0000-00-00 00:00:00'),
	(188, '2012-03-05', -1, 510, 1, 1, 0, 0, 'Обустройство офиса', 0, '2012-12-13 14:19:50', '0000-00-00 00:00:00', '0000-00-00 00:00:00'),
	(189, '2012-02-06', -1, 9368, 1, 1, 0, 0, 'Аренда офиса', 0, '2012-12-13 14:20:56', '0000-00-00 00:00:00', '0000-00-00 00:00:00'),
	(190, '2012-02-06', -1, 1090, 1, 1, 0, 0, 'Охрана', 0, '2012-12-13 14:21:21', '0000-00-00 00:00:00', '0000-00-00 00:00:00'),
	(191, '2012-02-06', -1, 2510, 1, 1, 0, 0, 'Интернет+ телефон', 0, '2012-12-13 14:21:49', '0000-00-00 00:00:00', '0000-00-00 00:00:00'),
	(192, '2012-02-06', -1, 500, 1, 1, 0, 0, 'Уборка офиса', 0, '2012-12-13 14:24:14', '0000-00-00 00:00:00', '0000-00-00 00:00:00'),
	(193, '2012-02-06', -1, 400, 1, 1, 0, 0, 'Карманные деньги', 0, '2012-12-13 14:24:40', '0000-00-00 00:00:00', '0000-00-00 00:00:00'),
	(194, '2012-02-07', -1, 51310, 1, 1, 0, 0, 'Оргтехника (комьютеры)', 0, '2012-12-13 14:25:33', '2013-03-15 09:38:30', '0000-00-00 00:00:00'),
	(195, '2012-02-06', -1, 1800, 1, 1, 0, 0, 'ПО (Касперский)', 0, '2012-12-13 14:26:05', '0000-00-00 00:00:00', '0000-00-00 00:00:00'),
	(196, '2012-02-06', -1, 1210, 1, 1, 0, 0, 'Канцтовары', 0, '2012-12-13 14:28:09', '0000-00-00 00:00:00', '0000-00-00 00:00:00'),
	(197, '2012-02-06', -1, 6620, 1, 1, 0, 0, 'Обустройство офиса', 0, '2012-12-13 14:28:43', '0000-00-00 00:00:00', '0000-00-00 00:00:00'),
	(198, '2012-03-31', -1, 23000, 1, 1, 0, 0, 'ЗП (Артемьев)', 1, '2012-12-13 14:30:27', '2012-12-14 07:23:11', '0000-00-00 00:00:00'),
	(199, '2012-03-31', -1, 6000, 1, 1, 0, 0, 'ЗП (Чесняков)', 1, '2012-12-13 14:31:26', '2012-12-14 07:23:20', '0000-00-00 00:00:00'),
	(200, '2012-03-31', -1, 10000, 1, 1, 0, 0, 'ЗП (Брынза)', 1, '2012-12-13 14:32:08', '2012-12-14 07:24:03', '0000-00-00 00:00:00'),
	(201, '2012-12-13', -1, 3420, 1, 1, 0, 0, 'ЗП (Сластенин)', 1, '2012-12-13 14:33:13', '2012-12-14 07:23:54', '0000-00-00 00:00:00'),
	(202, '2012-03-31', -1, 20000, 1, 1, 0, 0, 'ЗП (Брилевский)', 1, '2012-12-13 14:33:40', '2012-12-14 07:23:45', '0000-00-00 00:00:00'),
	(203, '2012-03-31', -1, 2500, 1, 1, 0, 0, 'ЗП (Сысоев)', 1, '2012-12-13 14:34:14', '2012-12-14 07:23:36', '0000-00-00 00:00:00'),
	(204, '2012-03-31', -1, 10000, 1, 1, 0, 0, 'ЗП (Мельников)', 1, '2012-12-13 14:34:50', '2012-12-14 07:23:29', '0000-00-00 00:00:00'),
	(205, '2012-11-30', -1, 3000, 1, 1, 0, 0, 'Агентские (Жиделева)', 0, '2012-12-14 07:10:43', '0000-00-00 00:00:00', '0000-00-00 00:00:00'),
	(206, '2012-11-30', -1, 1000, 1, 1, 0, 0, 'Агентские (Чувтаев)', 0, '2012-12-14 07:13:37', '0000-00-00 00:00:00', '0000-00-00 00:00:00'),
	(207, '2012-12-12', 1, 30000, 1, 0, 0, 0, 'Агроном (разработка сайта)', 0, '2012-12-14 07:18:51', '0000-00-00 00:00:00', '0000-00-00 00:00:00'),
	(208, '2012-12-14', -1, 4576, 1, 1, 0, 0, 'Ланбо', 0, '2012-12-14 07:21:52', '0000-00-00 00:00:00', '0000-00-00 00:00:00'),
	(209, '2012-11-30', -1, 3000, 1, 1, 0, 0, 'Агентские (Жиделева)', 0, '2012-12-14 07:28:04', '0000-00-00 00:00:00', '0000-00-00 00:00:00'),
	(210, '2012-12-14', -1, 1000, 1, 1, 0, 0, 'Агентские (Чувтаев)', 0, '2012-12-14 07:28:29', '0000-00-00 00:00:00', '0000-00-00 00:00:00'),
	(211, '2012-11-07', -1, 3000, 1, 1, 0, 0, 'Бабкин (продвижение qvad.ru)', 0, '2012-12-14 07:29:36', '0000-00-00 00:00:00', '0000-00-00 00:00:00'),
	(212, '2012-12-03', -1, 2000, 1, 1, 0, 0, 'Бабкин (продвижение qvad.ru за ноябрь)', 0, '2012-12-14 07:29:57', '2012-12-27 13:09:42', '0000-00-00 00:00:00'),
	(213, '2012-11-30', -1, 3000, 1, 1, 0, 0, 'Попова Маша (журналист)', 0, '2012-12-14 07:30:27', '0000-00-00 00:00:00', '0000-00-00 00:00:00'),
	(214, '2012-11-23', 1, 1500, 1, 0, 0, 0, 'Штраф', 1, '2012-12-14 07:42:18', '2012-12-28 11:03:18', '2012-12-28 11:03:18'),
	(215, '2012-04-30', -1, 2500, 1, 1, 0, 0, 'Сысоев (продвижение qvad.ru)', 0, '2012-12-14 09:52:35', '0000-00-00 00:00:00', '0000-00-00 00:00:00'),
	(216, '2012-03-30', -1, 2500, 1, 1, 0, 0, 'Сысоев (продвижение qvad.ru)', 0, '2012-12-14 09:52:55', '0000-00-00 00:00:00', '0000-00-00 00:00:00'),
	(217, '2012-02-29', -1, 2500, 1, 1, 0, 0, 'Сысоев (продвижение qvad.ru)', 0, '2012-12-14 09:53:33', '0000-00-00 00:00:00', '0000-00-00 00:00:00'),
	(218, '2012-12-06', -1, 4980, 1, 3, 0, 0, 'Яндекс (оплата за контекстную рекламу www.sms-trans.ru)', 0, '2012-12-27 13:03:56', '2012-12-27 13:10:14', '0000-00-00 00:00:00'),
	(219, '2012-12-07', -1, 5566, 1, 1, 0, 0, 'Комунальные платежи', 0, '2012-12-27 13:06:39', '0000-00-00 00:00:00', '0000-00-00 00:00:00'),
	(220, '2012-12-13', -1, 3628, 1, 1, 0, 0, 'Интернет+ телефон', 0, '2012-12-27 13:07:49', '0000-00-00 00:00:00', '0000-00-00 00:00:00'),
	(221, '2012-12-27', -1, 991, 1, 1, 0, 0, 'Банковское обслуживание', 0, '2012-12-27 13:10:52', '0000-00-00 00:00:00', '0000-00-00 00:00:00'),
	(222, '2012-12-27', -1, 3286, 1, 1, 0, 0, 'Налоги', 0, '2012-12-27 13:11:30', '2012-12-27 13:11:48', '0000-00-00 00:00:00'),
	(223, '2012-12-27', -1, 6000, 1, 1, 0, 0, 'Аренда офиса', 0, '2012-12-27 13:13:55', '0000-00-00 00:00:00', '0000-00-00 00:00:00'),
	(224, '2012-12-26', -1, 3000, 1, 1, 0, 0, 'Бухгалтерия', 0, '2012-12-27 13:14:25', '0000-00-00 00:00:00', '0000-00-00 00:00:00'),
	(225, '2012-12-14', -1, 28310, 1, 1, 6, 0, 'Обустройство офиса (Mac mini + монитор)', 0, '2012-12-27 13:16:34', '2013-08-22 05:34:55', '0000-00-00 00:00:00'),
	(226, '2012-12-18', -1, 2000, 1, 1, 0, 0, 'Обустройство офиса (новогоднее убранство)', 0, '2012-12-27 13:17:12', '0000-00-00 00:00:00', '0000-00-00 00:00:00'),
	(227, '2012-12-20', -1, 500, 1, 1, 0, 0, 'Праздники (чаевые на корпоративе)', 0, '2012-12-27 13:17:58', '0000-00-00 00:00:00', '0000-00-00 00:00:00'),
	(228, '2012-12-26', 1, 2500, 1, 4, 0, 0, 'Хостинг (www.cardimania.com)', 0, '2012-12-27 13:18:52', '2013-04-10 12:34:32', '0000-00-00 00:00:00'),
	(229, '2012-12-27', 1, 3000, 1, 5, 0, 11, 'Мега-Лада (обслуживание сайта за октябрь)', 0, '2012-12-27 13:20:28', '2013-04-10 12:34:07', '0000-00-00 00:00:00'),
	(230, '2012-12-27', 1, 3000, 1, 5, 0, 11, 'Мега-Лада (обслуживание сайта за ноябрь)', 0, '2012-12-27 13:20:55', '2013-04-10 12:33:47', '0000-00-00 00:00:00'),
	(231, '2012-12-27', 1, 3000, 1, 5, 0, 11, 'Мега-Лада (обслуживание сайта за декабрь)', 0, '2012-12-27 13:21:15', '2013-04-10 12:32:25', '0000-00-00 00:00:00'),
	(232, '2012-12-27', 1, 4000, 1, 1, 0, 11, 'Мега-Лада (разработка визитки www.notj.ru)', 0, '2012-12-27 13:22:14', '2013-04-10 12:32:43', '0000-00-00 00:00:00'),
	(233, '2012-12-28', 1, 5782, 2, 0, 0, 0, 'Квадрат (продвижение сайта)', 0, '2012-12-28 10:47:21', '0000-00-00 00:00:00', '0000-00-00 00:00:00'),
	(234, '2012-11-23', -1, 1500, 1, 1, 0, 0, 'Штраф', 0, '2012-12-28 11:03:39', '0000-00-00 00:00:00', '0000-00-00 00:00:00'),
	(235, '2012-12-29', 1, 45633, 2, 0, 0, 0, 'Билет тлт (разработка сайта)', 0, '2013-01-09 13:41:52', '0000-00-00 00:00:00', '0000-00-00 00:00:00'),
	(236, '2012-12-29', -1, 3000, 1, 1, 0, 0, 'Праздники (предновогодняя доставка из Пандапанда)', 0, '2013-01-15 13:35:56', '2013-01-15 13:37:09', '0000-00-00 00:00:00'),
	(237, '2012-12-29', -1, 8600, 1, 1, 0, 0, 'Обустройство офиса (ремонт электропроводки)', 0, '2013-01-15 13:36:37', '0000-00-00 00:00:00', '0000-00-00 00:00:00'),
	(238, '2013-01-10', -1, 2500, 1, 1, 0, 0, 'Карманные деньги', 0, '2013-01-15 13:37:48', '2013-02-15 14:48:35', '0000-00-00 00:00:00'),
	(239, '2013-01-14', 1, 13000, 1, 5, 0, 4, 'ПРО-отдых (ежемесячное обслуживание)', 0, '2013-01-15 13:40:21', '2013-04-10 12:33:25', '0000-00-00 00:00:00'),
	(240, '2013-01-25', 1, 8600, 2, 0, 0, 0, 'Билет тлт (модуль "Фотоотчет")', 0, '2013-01-25 07:35:17', '2013-01-25 07:35:55', '0000-00-00 00:00:00'),
	(241, '2013-01-25', 1, 2500, 2, 0, 0, 0, 'Хостинг (www.bilettlt.ru)', 0, '2013-01-25 07:36:30', '0000-00-00 00:00:00', '0000-00-00 00:00:00'),
	(242, '2013-01-25', -1, 5864, 1, 1, 0, 0, 'Комунальные платежи', 0, '2013-01-25 13:53:00', '0000-00-00 00:00:00', '0000-00-00 00:00:00'),
	(243, '2013-01-25', -1, 1000, 1, 4, 0, 0, 'Хостинг', 0, '2013-01-25 13:54:26', '0000-00-00 00:00:00', '0000-00-00 00:00:00'),
	(244, '2013-01-25', -1, 3000, 1, 1, 0, 0, 'Бухгалтерия', 0, '2013-02-01 12:05:18', '2013-02-01 12:05:43', '0000-00-00 00:00:00'),
	(245, '2013-01-25', -1, 3630, 1, 1, 0, 0, 'Интернет+ телефон', 0, '2013-02-01 12:06:09', '0000-00-00 00:00:00', '0000-00-00 00:00:00'),
	(246, '2013-02-07', 1, 4148, 2, 3, 0, 6, 'Продвижение сайта', 0, '2013-02-11 10:50:32', '2013-03-18 07:46:10', '0000-00-00 00:00:00'),
	(247, '2013-01-30', 1, 84630, 2, 0, 0, 0, 'Агроном (разработка сайта, предоплата за 1 этап)', 0, '2013-02-11 10:53:19', '0000-00-00 00:00:00', '0000-00-00 00:00:00'),
	(248, '2013-02-15', 1, 15000, 2, 6, 0, 15, 'Яндекс.Директ', 0, '2013-02-15 14:29:26', '2013-03-18 07:44:46', '0000-00-00 00:00:00'),
	(249, '2013-02-14', 1, 2600, 2, 4, 0, 13, 'Хостинг www.bearing-pi.ru', 0, '2013-02-15 14:29:48', '2013-03-18 07:45:37', '0000-00-00 00:00:00'),
	(250, '2013-02-15', 1, 4000, 2, 5, 0, 13, 'Ежемесячное обслуживание сайта', 0, '2013-02-15 14:30:15', '2013-03-18 07:43:28', '0000-00-00 00:00:00'),
	(251, '2013-02-15', 1, 3000, 2, 6, 0, 15, 'Ведение контекстной рекламы', 0, '2013-02-15 14:31:52', '2013-03-18 07:42:51', '0000-00-00 00:00:00'),
	(252, '2013-02-15', 1, 31300, 1, 1, 0, 4, 'Ежемесячное обслуживание', 0, '2013-02-15 14:37:30', '2013-03-18 07:41:17', '0000-00-00 00:00:00'),
	(253, '2013-02-15', 1, 2000, 1, 3, 0, 4, 'Продвижение сайта', 0, '2013-02-15 14:38:04', '2013-03-18 07:40:50', '0000-00-00 00:00:00'),
	(254, '2013-02-15', 1, 12000, 1, 1, 0, 4, 'Разработка мобильной версии', 0, '2013-02-15 14:38:32', '2013-03-18 07:40:25', '0000-00-00 00:00:00'),
	(255, '2013-02-01', -1, 3000, 1, 1, 0, 0, 'Бухгалтерия', 0, '2013-02-15 14:46:04', '0000-00-00 00:00:00', '0000-00-00 00:00:00'),
	(256, '2013-02-11', -1, 7000, 1, 1, 0, 0, 'Комунальные платежи', 0, '2013-02-15 14:47:02', '0000-00-00 00:00:00', '0000-00-00 00:00:00'),
	(257, '2013-02-15', -1, 3630, 1, 1, 0, 0, 'Интернет+ телефон', 0, '2013-02-15 14:47:53', '0000-00-00 00:00:00', '0000-00-00 00:00:00'),
	(258, '2013-02-15', -1, 2500, 1, 1, 0, 0, 'Карманные деньги', 0, '2013-02-15 14:48:11', '0000-00-00 00:00:00', '0000-00-00 00:00:00'),
	(259, '2013-02-18', 1, 13700, 2, 3, 0, 8, 'Продвижение сайта', 0, '2013-02-18 07:54:41', '2013-03-18 07:39:49', '0000-00-00 00:00:00'),
	(260, '2013-02-22', 1, 2600, 2, 4, 0, 14, 'Хостинг www.sampak.ru', 0, '2013-03-04 06:18:55', '2013-03-18 07:39:16', '0000-00-00 00:00:00'),
	(261, '2013-02-22', 1, 4000, 2, 5, 0, 14, 'Ежемесчное  обслуживание сайта', 0, '2013-03-04 06:19:33', '2013-03-18 07:38:16', '0000-00-00 00:00:00'),
	(262, '2013-02-28', 1, 20000, 2, 7, 0, 18, 'Разарботка фирменного стиля', 0, '2013-03-04 06:20:51', '2013-03-18 07:37:44', '0000-00-00 00:00:00'),
	(263, '2013-02-28', -1, 1000, 1, 1, 0, 0, 'Уборка офиса (февраль)', 0, '2013-03-04 08:05:10', '2013-03-18 12:20:47', '0000-00-00 00:00:00'),
	(264, '2013-02-04', -1, 1000, 1, 1, 0, 0, 'Уборка офиса (январь)', 0, '2013-03-04 08:05:40', '0000-00-00 00:00:00', '0000-00-00 00:00:00'),
	(265, '2013-02-25', -1, 1000, 1, 1, 0, 0, 'ДР Кати', 0, '2013-03-05 06:19:45', '0000-00-00 00:00:00', '0000-00-00 00:00:00'),
	(266, '2013-03-04', -1, 3000, 1, 1, 0, 0, 'Бухгалтерия', 0, '2013-03-05 06:20:27', '0000-00-00 00:00:00', '0000-00-00 00:00:00'),
	(267, '2013-03-05', -1, 1000, 1, 1, 0, 0, 'ДР Данила', 0, '2013-03-05 06:21:03', '0000-00-00 00:00:00', '0000-00-00 00:00:00'),
	(268, '2013-03-06', 1, 84630, 2, 1, 0, 9, 'Разработка сайта (оплата за 1 этап)', 0, '2013-03-06 14:18:02', '2013-03-18 07:22:17', '0000-00-00 00:00:00'),
	(269, '2013-03-07', 1, 25000, 2, 1, 0, 17, 'Разработка сайта', 0, '2013-03-07 09:12:58', '2013-03-18 07:23:41', '0000-00-00 00:00:00'),
	(270, '2013-02-22', -1, 1000, 1, 1, 0, 0, 'Празднование 23 февраля', 0, '2013-03-07 10:57:47', '0000-00-00 00:00:00', '0000-00-00 00:00:00'),
	(271, '2013-03-07', -1, 4300, 1, 1, 0, 0, 'Празднование 8 марта', 0, '2013-03-07 10:58:25', '0000-00-00 00:00:00', '0000-00-00 00:00:00'),
	(272, '2013-03-11', 1, 11725, 2, 5, 0, 1, 'Доработки по сайту', 0, '2013-03-11 05:44:55', '2013-03-18 07:23:34', '0000-00-00 00:00:00'),
	(273, '2013-03-11', 1, 2600, 2, 4, 0, 9, 'Хостинг www.agronom.ru', 1, '2013-03-11 05:45:32', '2013-04-02 12:20:48', '2013-04-02 12:20:48'),
	(274, '2013-03-11', 1, 3000, 2, 6, 0, 17, 'Ведение контекстной рекламы', 0, '2013-03-11 05:46:03', '2013-03-18 07:23:17', '0000-00-00 00:00:00'),
	(275, '2013-03-12', 1, 4000, 2, 5, 0, 13, 'Ежемесячное обслуживание сайта', 0, '2013-03-12 07:26:18', '2013-03-18 07:23:10', '0000-00-00 00:00:00'),
	(276, '2013-03-13', -1, 234234, 1, 1, 0, 0, 'asdasd', 1, '2013-03-13 07:56:58', '2013-03-13 07:57:03', '2013-03-13 07:57:03'),
	(277, '2013-03-13', -1, 7239, 1, 1, 0, 0, 'Комунальные платежи', 0, '2013-03-13 07:58:00', '2013-03-18 12:47:05', '0000-00-00 00:00:00'),
	(278, '2013-03-13', 1, 213, 2, 3, 0, 0, 'Приход', 1, '2013-03-13 08:09:10', '2013-03-13 08:09:32', '2013-03-13 08:09:32'),
	(279, '2012-08-09', 1, 324, 1, 1, 0, 0, 'qwereqwfr', 1, '2013-03-13 08:25:20', '2013-03-13 08:25:54', '2013-03-13 08:25:54'),
	(280, '2013-03-13', 1, 3000, 2, 6, 0, 15, 'Ведение контекстной рекламы', 0, '2013-03-13 11:19:43', '2013-03-18 07:23:03', '0000-00-00 00:00:00'),
	(281, '2013-03-14', 1, 20000, 2, 7, 0, 18, 'Разработка фирменного стиля', 0, '2013-03-14 06:04:12', '2013-03-18 07:21:58', '0000-00-00 00:00:00'),
	(283, '2013-03-18', 1, 4180, 2, 3, 0, 6, 'Продвижение сайта', 0, '2013-03-18 07:20:51', '0000-00-00 00:00:00', '0000-00-00 00:00:00'),
	(282, '2013-03-18', 1, 22100, 2, 1, 0, 9, 'Доработки по сайту', 0, '2013-03-18 07:17:02', '0000-00-00 00:00:00', '0000-00-00 00:00:00'),
	(284, '2013-03-18', 1, 3000, 2, 6, 0, 8, 'Ведение контекстной рекламы', 0, '2013-03-18 07:21:48', '0000-00-00 00:00:00', '0000-00-00 00:00:00'),
	(285, '2013-03-15', 1, 25000, 1, 1, 0, 4, 'Ежемесячное обслуживание сайта', 0, '2013-03-18 08:33:01', '0000-00-00 00:00:00', '0000-00-00 00:00:00'),
	(286, '2013-02-18', -1, 2000, 1, 4, 0, 0, 'Хостинг', 0, '2013-03-18 12:22:02', '2013-03-18 12:25:16', '0000-00-00 00:00:00'),
	(287, '2013-02-18', -1, 1196, 1, 1, 0, 0, 'Банковское обслуживание', 0, '2013-03-18 12:24:34', '2013-03-18 12:25:26', '0000-00-00 00:00:00'),
	(288, '2013-03-18', -1, 464, 1, 1, 0, 0, 'Штраф (налоговая)', 0, '2013-03-18 12:41:17', '0000-00-00 00:00:00', '0000-00-00 00:00:00'),
	(289, '2013-03-18', -1, 1200, 1, 1, 0, 0, 'Банковское обслуживание', 0, '2013-03-18 12:41:47', '0000-00-00 00:00:00', '0000-00-00 00:00:00'),
	(290, '2013-03-18', -1, 14680, 1, 1, 0, 0, 'Налоги', 0, '2013-03-18 12:42:09', '0000-00-00 00:00:00', '0000-00-00 00:00:00'),
	(291, '2013-03-18', -1, 19450, 1, 1, 0, 0, 'Покупка стройматериалов', 0, '2013-03-18 12:42:45', '2013-03-22 14:12:17', '0000-00-00 00:00:00'),
	(292, '2013-03-18', -1, 3730, 1, 1, 0, 0, 'Интернет+ телефон', 0, '2013-03-18 12:43:24', '0000-00-00 00:00:00', '0000-00-00 00:00:00'),
	(293, '2013-03-18', -1, 10500, 1, 1, 0, 0, 'Ремонт (олата работы)', 0, '2013-03-18 12:44:23', '0000-00-00 00:00:00', '0000-00-00 00:00:00'),
	(294, '2013-03-18', -1, 2200, 1, 1, 0, 0, 'Аренда офиса', 0, '2013-03-18 12:44:37', '0000-00-00 00:00:00', '0000-00-00 00:00:00'),
	(295, '2013-03-18', -1, 8067, 1, 1, 0, 0, 'Ланбо', 0, '2013-03-18 12:46:09', '0000-00-00 00:00:00', '0000-00-00 00:00:00'),
	(296, '2013-03-18', -1, 8000, 1, 1, 0, 0, 'Покпука мебели', 0, '2013-03-18 12:47:29', '0000-00-00 00:00:00', '0000-00-00 00:00:00'),
	(297, '2013-03-19', 1, 6000, 2, 5, 0, 11, 'Ежемесячное обслуживание сайта', 0, '2013-03-22 06:41:29', '0000-00-00 00:00:00', '0000-00-00 00:00:00'),
	(298, '2013-03-19', 1, 13700, 2, 3, 0, 8, 'Продвижение сайта www.samtrans.ru', 0, '2013-03-22 06:42:12', '0000-00-00 00:00:00', '0000-00-00 00:00:00'),
	(299, '2013-03-22', -1, 1600, 1, 1, 0, 0, 'Ремонт (олата работы)', 0, '2013-03-22 14:10:34', '0000-00-00 00:00:00', '0000-00-00 00:00:00'),
	(300, '2013-03-22', -1, 2100, 1, 1, 0, 0, 'Изготовление ключей + огнетушитель', 0, '2013-03-22 14:12:45', '0000-00-00 00:00:00', '0000-00-00 00:00:00'),
	(301, '2013-03-29', -1, 600, 1, 1, 0, 0, 'Установка датчиков дымов', 0, '2013-03-29 08:07:39', '0000-00-00 00:00:00', '0000-00-00 00:00:00'),
	(302, '2013-03-29', -1, 3000, 1, 1, 0, 0, 'Материальная помощь Диме ))', 1, '2013-03-29 08:08:13', '2013-04-05 08:27:38', '2013-04-05 08:27:38'),
	(303, '2013-04-02', 1, 25000, 1, 1, 0, 22, 'Разработка сайта', 0, '2013-04-02 08:51:01', '0000-00-00 00:00:00', '0000-00-00 00:00:00'),
	(304, '2013-04-02', 1, 5200, 2, 1, 0, 21, 'Доработки по сайту', 0, '2013-04-02 10:22:45', '0000-00-00 00:00:00', '0000-00-00 00:00:00'),
	(305, '2013-03-07', 1, 2600, 2, 4, 0, 9, 'Оплата хостинга на год', 0, '2013-04-02 13:09:59', '0000-00-00 00:00:00', '0000-00-00 00:00:00'),
	(306, '2013-04-04', -1, 3000, 1, 1, 0, 0, 'Бухгалтерия', 0, '2013-04-05 08:24:58', '0000-00-00 00:00:00', '0000-00-00 00:00:00'),
	(307, '2013-04-05', -1, 1400, 1, 1, 0, 0, 'Уборка офиса (март)', 0, '2013-04-05 08:25:25', '0000-00-00 00:00:00', '0000-00-00 00:00:00'),
	(308, '2013-04-05', 1, 3600, 2, 2, 0, 10, 'Доработки по сайту', 0, '2013-04-05 08:26:27', '0000-00-00 00:00:00', '0000-00-00 00:00:00'),
	(309, '2013-04-04', -1, 11623, 1, 1, 0, 0, 'Комунальные платежи', 0, '2013-04-05 08:26:59', '0000-00-00 00:00:00', '0000-00-00 00:00:00'),
	(310, '2013-03-25', -1, 2500, 1, 1, 0, 0, 'Карманные деньги', 0, '2013-04-05 08:28:10', '0000-00-00 00:00:00', '0000-00-00 00:00:00'),
	(311, '2013-04-08', 1, 22100, 2, 1, 0, 9, 'Разработка сайта', 0, '2013-04-09 06:49:26', '0000-00-00 00:00:00', '0000-00-00 00:00:00'),
	(312, '2013-04-10', 1, 4000, 2, 5, 0, 13, 'Ежемесячное обслуживание сайта www.bearing-pi.ru (апрель)', 0, '2013-04-10 12:30:14', '0000-00-00 00:00:00', '0000-00-00 00:00:00'),
	(313, '2013-04-10', 1, 4325, 2, 3, 0, 6, 'Продвижение сайта www.qvad.ru (март)', 0, '2013-04-10 12:31:13', '0000-00-00 00:00:00', '0000-00-00 00:00:00'),
	(314, '2013-04-10', 1, 20200, 1, 7, 0, 18, 'Разработка фирменного стиля', 0, '2013-04-10 12:31:41', '2013-04-24 09:21:28', '0000-00-00 00:00:00'),
	(315, '2013-04-11', 1, 4000, 2, 5, 0, 14, 'Ежемесячное обслуживание сайта www.sampak.ru (март 2013 г.)', 0, '2013-04-11 05:51:44', '0000-00-00 00:00:00', '0000-00-00 00:00:00'),
	(316, '2013-04-11', 1, 4000, 2, 5, 0, 14, 'Ежемесячное обслуживание сайта www.sampak.ru (февраль 2013 г.)', 0, '2013-04-11 05:52:10', '0000-00-00 00:00:00', '0000-00-00 00:00:00'),
	(317, '2013-04-12', 1, 20200, 1, 7, 0, 18, 'Разработка фирменного стиля', 0, '2013-04-12 06:29:03', '2013-04-24 09:21:17', '0000-00-00 00:00:00'),
	(318, '2013-04-12', 1, 28800, 2, 1, 0, 9, 'Разработка сайта', 0, '2013-04-12 06:29:56', '0000-00-00 00:00:00', '0000-00-00 00:00:00'),
	(319, '2013-04-12', 1, 10000, 2, 3, 0, 9, 'Первичная оптимизация сайта', 0, '2013-04-12 06:30:28', '0000-00-00 00:00:00', '0000-00-00 00:00:00'),
	(320, '2013-04-12', 1, 8500, 1, 7, 0, 28, 'Разработка логотипа и элементов фирстиля', 0, '2013-04-12 06:32:18', '2013-04-12 06:32:52', '0000-00-00 00:00:00'),
	(321, '2013-04-12', -1, 2000, 1, 1, 0, 0, 'Карманные деньги', 0, '2013-04-12 09:46:45', '0000-00-00 00:00:00', '0000-00-00 00:00:00'),
	(322, '2013-04-15', 1, 5000, 2, 6, 0, 24, 'Ведение контекстной рекламы', 0, '2013-04-18 07:22:44', '2013-04-18 07:23:31', '0000-00-00 00:00:00'),
	(323, '2013-04-16', 1, 10000, 1, 7, 0, 28, 'Разработка логотипа и элементов фирстиля', 0, '2013-04-18 07:23:17', '0000-00-00 00:00:00', '0000-00-00 00:00:00'),
	(324, '2013-04-15', -1, 11623, 1, 1, 0, 0, 'Комунальные платежи', 0, '2013-04-18 07:25:04', '0000-00-00 00:00:00', '0000-00-00 00:00:00'),
	(325, '2013-04-22', 1, 3000, 2, 6, 0, 17, 'Ведение контекстной рекламы', 0, '2013-04-22 06:13:12', '0000-00-00 00:00:00', '0000-00-00 00:00:00'),
	(326, '2013-04-22', 1, 14560, 2, 2, 0, 10, 'Доработки по сайту (Семинары и тренинги)', 0, '2013-04-22 06:14:21', '0000-00-00 00:00:00', '0000-00-00 00:00:00'),
	(327, '2013-04-22', -1, 3730, 1, 1, 0, 0, 'Интернет+ телефон', 0, '2013-04-22 07:12:10', '0000-00-00 00:00:00', '0000-00-00 00:00:00'),
	(328, '2013-04-22', 1, 18750, 2, 1, 0, 27, 'Разработка прияложения "Гёдза"', 0, '2013-04-23 06:29:40', '0000-00-00 00:00:00', '0000-00-00 00:00:00'),
	(329, '2013-04-23', -1, 8050, 1, 1, 0, 0, 'Антивирус "Касперский" (7 лицензий)', 0, '2013-04-23 09:13:21', '0000-00-00 00:00:00', '0000-00-00 00:00:00'),
	(330, '2013-04-25', 1, 6400, 2, 3, 0, 9, 'Продвижение сайта (внесение программных доработок)', 0, '2013-04-25 06:30:51', '0000-00-00 00:00:00', '0000-00-00 00:00:00'),
	(331, '2013-04-25', 1, 71800, 2, 1, 0, 9, 'Разработка сайта (предоплата за 2 этап)', 0, '2013-04-25 06:32:18', '0000-00-00 00:00:00', '0000-00-00 00:00:00'),
	(332, '2013-04-26', 1, 3000, 2, 5, 0, 11, 'Ежемесячное обслуживание сайта (www.megalada.com)', 0, '2013-04-26 12:10:52', '0000-00-00 00:00:00', '0000-00-00 00:00:00'),
	(333, '2013-04-30', 1, 40000, 2, 1, 0, 29, 'Предоплата за разработку сайта', 0, '2013-04-30 13:04:12', '0000-00-00 00:00:00', '0000-00-00 00:00:00'),
	(334, '2013-05-06', 1, 20000, 2, 7, 0, 18, 'Разработка фирменного стиля', 0, '2013-05-06 14:12:55', '0000-00-00 00:00:00', '0000-00-00 00:00:00'),
	(335, '2013-05-07', 1, 3600, 2, 1, 0, 10, 'Интеграция сайта с НикоТурс', 0, '2013-05-07 14:02:39', '0000-00-00 00:00:00', '0000-00-00 00:00:00'),
	(336, '2013-05-07', 1, 3000, 2, 1, 0, 7, 'Разработка банера', 0, '2013-05-07 14:22:36', '0000-00-00 00:00:00', '0000-00-00 00:00:00'),
	(337, '2013-05-08', -1, 1600, 1, 1, 0, 0, 'Уборка офиса (апрель)', 0, '2013-05-08 11:29:38', '2013-05-13 14:06:29', '0000-00-00 00:00:00'),
	(338, '2013-05-07', -1, 300, 1, 1, 0, 0, 'Регистрация доменов', 0, '2013-05-08 11:30:17', '0000-00-00 00:00:00', '0000-00-00 00:00:00'),
	(339, '2013-05-08', -1, 220, 2, 1, 0, 0, 'Вода', 0, '2013-05-08 11:30:32', '0000-00-00 00:00:00', '0000-00-00 00:00:00'),
	(340, '2013-05-08', -1, 6000, 1, 1, 0, 0, 'Ломтева (агентские за СТАВР)', 0, '2013-05-08 11:30:59', '0000-00-00 00:00:00', '0000-00-00 00:00:00'),
	(341, '2013-05-08', -1, 700, 1, 1, 0, 0, 'Покупка канцтоваров для бухгалтера', 0, '2013-05-08 11:31:35', '0000-00-00 00:00:00', '0000-00-00 00:00:00'),
	(342, '2013-05-13', 1, 23660, 2, 1, 0, 10, 'Доработка сайта (выгрузка репертуарника)', 0, '2013-05-13 14:04:38', '0000-00-00 00:00:00', '0000-00-00 00:00:00'),
	(343, '2013-05-13', -1, 1000, 1, 1, 0, 0, 'Регистрация доменов', 0, '2013-05-13 14:04:52', '2013-05-13 14:06:46', '0000-00-00 00:00:00'),
	(344, '2013-05-08', 1, 5500, 1, 1, 0, 28, 'Разработка фирменного стиля', 0, '2013-05-14 11:38:50', '0000-00-00 00:00:00', '0000-00-00 00:00:00'),
	(345, '2013-05-14', 1, 3000, 2, 1, 0, 24, 'За ведение рекламной кампании в поисковой системе "Яндекс"', 0, '2013-05-14 11:39:34', '0000-00-00 00:00:00', '0000-00-00 00:00:00'),
	(346, '2013-05-14', 1, 3600, 1, 4, 0, 30, 'Регистрация домена www.ticketshop.su и хостинга', 0, '2013-05-14 11:40:27', '2013-05-14 11:40:42', '0000-00-00 00:00:00'),
	(347, '2013-05-14', 1, 4202, 2, 3, 0, 6, 'Продвижение сайта www.qvad.ru (апрель)', 0, '2013-05-14 11:41:26', '0000-00-00 00:00:00', '0000-00-00 00:00:00'),
	(348, '2013-05-15', 1, 20400, 2, 7, 0, 18, 'Разработка фирменного стиля', 0, '2013-05-15 11:19:43', '0000-00-00 00:00:00', '0000-00-00 00:00:00'),
	(349, '2013-05-15', 1, 3000, 2, 6, 0, 8, 'За ведение рекламной кампании в поисковой системе "Яндекс"', 0, '2013-05-15 11:20:12', '0000-00-00 00:00:00', '0000-00-00 00:00:00'),
	(350, '2013-05-15', -1, 1300, 1, 1, 0, 0, 'Чай и вкусняшки в офис', 0, '2013-05-15 11:20:41', '0000-00-00 00:00:00', '0000-00-00 00:00:00'),
	(351, '2013-05-16', 1, 25000, 1, 1, 0, 4, 'Ежемесячное обслуживание сайта www.pro-otdyh.ru', 0, '2013-05-16 07:15:14', '0000-00-00 00:00:00', '0000-00-00 00:00:00'),
	(352, '2013-05-16', 1, 5000, 1, 1, 0, 32, 'Дизайн личного кабинета', 0, '2013-05-16 07:16:35', '2013-05-16 07:16:47', '0000-00-00 00:00:00'),
	(353, '2013-05-17', 1, 4500, 2, 1, 0, 21, 'Доработка сайта', 0, '2013-05-17 06:10:47', '0000-00-00 00:00:00', '0000-00-00 00:00:00'),
	(354, '2013-05-21', 1, 13700, 2, 3, 0, 8, 'Продвижение сайта www.samtrans.ru (апрель 2013 г.)', 0, '2013-05-22 11:16:39', '2013-06-11 13:25:21', '0000-00-00 00:00:00'),
	(355, '2013-05-22', 1, 10000, 2, 3, 0, 9, 'Первичная оптимизация сайта www.agronom.ru', 0, '2013-05-22 11:17:32', '0000-00-00 00:00:00', '0000-00-00 00:00:00'),
	(356, '2013-05-22', 1, 3000, 2, 5, 0, 11, 'Ежемесячное обслуживание сайта www.megalada.com (апрель 2013 г.)', 0, '2013-05-22 11:19:10', '0000-00-00 00:00:00', '0000-00-00 00:00:00'),
	(357, '2013-05-18', -1, 5000, 1, 1, 0, 0, 'Пикник', 0, '2013-05-22 11:19:50', '0000-00-00 00:00:00', '0000-00-00 00:00:00'),
	(358, '2013-05-22', -1, 200, 1, 1, 0, 0, 'Покупка батареек', 0, '2013-05-22 11:20:17', '0000-00-00 00:00:00', '0000-00-00 00:00:00'),
	(359, '2013-05-17', 1, 900, 1, 4, 0, 33, 'Продление регистрации домена www.1-klik.ru', 0, '2013-05-22 14:26:49', '0000-00-00 00:00:00', '0000-00-00 00:00:00'),
	(360, '2013-05-20', -1, 700, 1, 1, 0, 0, 'Покупка фото на fotolia.com', 0, '2013-05-23 08:03:51', '0000-00-00 00:00:00', '0000-00-00 00:00:00'),
	(361, '2013-05-21', -1, 3763, 1, 1, 0, 0, 'Интернет+ телефон', 0, '2013-05-27 11:12:51', '0000-00-00 00:00:00', '0000-00-00 00:00:00'),
	(362, '2013-05-21', -1, 5785, 1, 1, 0, 0, 'Комунальные платежи', 0, '2013-05-27 11:13:40', '2013-05-27 11:13:57', '0000-00-00 00:00:00'),
	(363, '2013-05-23', 1, 1818, 1, 6, 0, 12, 'Агентское вознаграждение', 0, '2013-05-27 11:15:04', '2013-05-27 11:15:27', '0000-00-00 00:00:00'),
	(364, '2013-05-27', -1, 30547, 1, 1, 0, 0, 'Налоги', 0, '2013-05-27 11:16:51', '2013-06-11 13:27:41', '0000-00-00 00:00:00'),
	(365, '2013-05-27', -1, 1200, 1, 1, 0, 0, 'Банковское обслуживание', 0, '2013-05-27 11:17:10', '0000-00-00 00:00:00', '0000-00-00 00:00:00'),
	(366, '2013-05-28', 1, 4000, 2, 5, 0, 14, 'Ежемесячное обслуживание сайта www.sampak.ru (май 2013 г.)', 0, '2013-06-11 13:20:53', '2013-06-11 13:25:09', '0000-00-00 00:00:00'),
	(367, '2013-05-30', 1, 4600, 2, 2, 0, 10, 'Доработки по сайту www.bilettlt.ru', 0, '2013-06-11 13:21:49', '2013-06-11 13:25:01', '0000-00-00 00:00:00'),
	(368, '2013-05-31', 1, 4000, 2, 5, 0, 13, 'Ежемесячное обслуживание сайта www.bearing-pi.ru (май 2013 г.)', 0, '2013-06-11 13:23:26', '0000-00-00 00:00:00', '0000-00-00 00:00:00'),
	(369, '2013-05-31', 1, 4000, 2, 5, 0, 13, 'Ежемесячное обслуживание сайта www.bearing-pi.ru (апрель 2013 г.)', 0, '2013-06-11 13:24:47', '0000-00-00 00:00:00', '0000-00-00 00:00:00'),
	(370, '2013-05-31', 1, 4600, 2, 2, 0, 10, 'Доработки по сайту www.bilettlt.ru', 0, '2013-06-11 13:26:05', '0000-00-00 00:00:00', '0000-00-00 00:00:00'),
	(371, '2013-06-06', -1, 450, 1, 1, 0, 0, 'Банковское обслуживание', 0, '2013-06-11 13:27:05', '0000-00-00 00:00:00', '0000-00-00 00:00:00'),
	(372, '2013-06-07', -1, 1500, 1, 1, 0, 0, 'Уборка офиса (май 2013 г.)', 0, '2013-06-11 13:28:32', '0000-00-00 00:00:00', '0000-00-00 00:00:00'),
	(373, '2013-06-07', -1, 760, 1, 1, 0, 0, 'Хостинг и домены', 0, '2013-06-11 13:29:37', '0000-00-00 00:00:00', '0000-00-00 00:00:00'),
	(374, '2013-06-06', -1, 1300, 1, 1, 0, 0, 'Покупка фото на fotolia.com', 0, '2013-06-11 13:30:37', '0000-00-00 00:00:00', '0000-00-00 00:00:00'),
	(375, '2013-06-06', -1, 750, 1, 1, 0, 0, 'Интернет (АИСТ)', 0, '2013-06-11 13:31:30', '0000-00-00 00:00:00', '0000-00-00 00:00:00'),
	(376, '2013-06-13', 1, 3000, 2, 5, 0, 11, 'Ежемесячное обслуживание сайта www.megalada.com (май 2013 г.)', 0, '2013-06-13 06:25:57', '2013-06-19 12:01:30', '0000-00-00 00:00:00'),
	(377, '2013-06-14', -1, 10640, 1, 1, 0, 0, 'Налоги (май 2013 г.)', 0, '2013-06-14 12:32:47', '0000-00-00 00:00:00', '0000-00-00 00:00:00'),
	(378, '2013-06-14', -1, 10640, 1, 1, 0, 0, 'Налоги (май 2013 г.)', 1, '2013-06-14 12:41:58', '2013-06-14 12:42:21', '2013-06-14 12:42:21'),
	(379, '2013-06-14', 1, 25000, 1, 5, 0, 4, 'Ежемесячное обслуживание сайта', 0, '2013-06-17 06:57:44', '0000-00-00 00:00:00', '0000-00-00 00:00:00'),
	(380, '2013-06-17', -1, 2000, 1, 1, 0, 0, 'Хостинг', 0, '2013-06-19 11:55:44', '0000-00-00 00:00:00', '0000-00-00 00:00:00'),
	(381, '2013-06-19', 1, 24000, 2, 2, 0, 9, 'Доработки по первому этапу', 0, '2013-06-19 11:57:05', '0000-00-00 00:00:00', '0000-00-00 00:00:00'),
	(382, '2013-06-19', 1, 3000, 2, 6, 0, 8, 'Агентское вознаграждение за Яндекс.Директ', 0, '2013-06-19 12:02:07', '2013-07-01 10:26:27', '0000-00-00 00:00:00'),
	(383, '2013-06-20', -1, 10000, 1, 1, 0, 0, 'Бухгалтерия', 0, '2013-06-20 13:37:34', '0000-00-00 00:00:00', '0000-00-00 00:00:00'),
	(384, '2013-06-20', -1, 1800, 1, 1, 0, 0, 'Проценту по займу', 0, '2013-06-20 13:37:52', '0000-00-00 00:00:00', '0000-00-00 00:00:00'),
	(385, '2013-05-20', -1, 1800, 1, 1, 0, 0, 'Проценты по займу', 0, '2013-06-20 13:38:10', '0000-00-00 00:00:00', '0000-00-00 00:00:00'),
	(386, '2013-03-12', 1, 3000, 2, 6, 0, 15, 'За ведение рекламной кампании в поисковой системе "Яндекс"', 0, '2013-06-25 06:43:13', '0000-00-00 00:00:00', '0000-00-00 00:00:00'),
	(387, '2013-06-07', 1, 3000, 2, 6, 0, 15, 'За ведение рекламной кампании в поисковой системе "Яндекс"', 0, '2013-06-25 06:43:51', '0000-00-00 00:00:00', '0000-00-00 00:00:00'),
	(388, '2013-07-01', 1, 6000, 2, 6, 0, 35, 'За ведение рекламной кампании в поисковой системе "Яндекс"', 0, '2013-07-01 10:16:31', '0000-00-00 00:00:00', '0000-00-00 00:00:00'),
	(389, '2013-07-01', 1, 4000, 2, 5, 0, 14, 'Ежемесячное обслуживание сайта www.sampak.ru (июнь 2013 г.)', 0, '2013-07-01 10:19:58', '0000-00-00 00:00:00', '0000-00-00 00:00:00'),
	(390, '2013-07-01', 1, 4160, 2, 1, 0, 9, 'Разработка бланков для рассылки', 0, '2013-07-01 10:26:19', '0000-00-00 00:00:00', '0000-00-00 00:00:00'),
	(391, '2013-06-28', 1, 3600, 2, 2, 0, 21, 'Доработки по сайту www.fabrika-krasok.net/', 0, '2013-07-01 10:31:07', '0000-00-00 00:00:00', '0000-00-00 00:00:00'),
	(392, '2013-06-28', 1, 18400, 2, 2, 0, 9, 'Доработки по сайту www.agronom.ru', 0, '2013-07-01 10:32:26', '0000-00-00 00:00:00', '0000-00-00 00:00:00'),
	(393, '2013-07-01', -1, 17964, 1, 1, 6, 0, 'Покупка лицензии на фотошоп', 0, '2013-07-05 06:41:12', '2013-07-25 05:11:21', '0000-00-00 00:00:00'),
	(394, '2013-07-05', -1, 3000, 1, 1, 13, 0, 'Рекламная кампания в Яндекс.Директ', 0, '2013-07-05 06:55:30', '2013-07-25 05:11:09', '0000-00-00 00:00:00'),
	(395, '2013-07-08', 1, 4000, 2, 5, 0, 13, 'Предопалата за жемесячное обслуживание сайта www.bearing-pi.ru за июль 2013 г.', 0, '2013-07-08 06:16:14', '0000-00-00 00:00:00', '0000-00-00 00:00:00'),
	(396, '2013-07-08', -1, 1000, 1, 1, 1, 0, 'Банковское обслуживание', 0, '2013-07-08 06:34:36', '2013-07-25 05:10:58', '0000-00-00 00:00:00'),
	(397, '2013-07-11', 1, 3000, 2, 6, 0, 35, 'За ведение рекламной кампании в поисковой системе "Яндекс"', 0, '2013-07-11 06:03:53', '0000-00-00 00:00:00', '0000-00-00 00:00:00'),
	(398, '2013-07-11', -1, 700, 1, 1, 4, 0, 'Интернет (АИСТ)', 0, '2013-07-11 06:05:14', '2013-07-25 05:10:36', '0000-00-00 00:00:00'),
	(399, '2013-07-11', -1, 1000, 1, 1, 5, 0, 'Уборка офиса (июнь 2013 г.)', 0, '2013-07-11 06:05:33', '2013-07-25 05:10:49', '0000-00-00 00:00:00'),
	(400, '2013-07-11', 1, 0, 1, 1, 0, 0, '', 1, '2013-07-11 12:24:56', '2013-07-16 08:29:32', '2013-07-16 08:29:32'),
	(401, '2013-07-12', 1, 18750, 2, 1, 0, 27, 'Разработка мобильного приложения для ресторана "Гедза"', 0, '2013-07-12 05:50:58', '0000-00-00 00:00:00', '0000-00-00 00:00:00'),
	(402, '2013-07-12', 1, 37500, 2, 1, 0, 26, 'Разработка мобильного приложения для ресторана "Гедза"', 0, '2013-07-12 05:51:22', '0000-00-00 00:00:00', '0000-00-00 00:00:00'),
	(403, '2013-07-12', -1, 10608, 1, 1, 3, 0, 'Налоги (июль 2013 г.)', 0, '2013-07-12 08:06:54', '2013-07-25 05:10:22', '0000-00-00 00:00:00'),
	(404, '2013-07-15', 1, 6200, 1, 2, 0, 42, 'Доработки по сайт http://tlt-ochag.ru/', 0, '2013-07-16 08:29:23', '0000-00-00 00:00:00', '0000-00-00 00:00:00'),
	(405, '2013-07-15', 1, 25000, 1, 5, 0, 4, 'Ежемесячное обслуживание сайта www.pro-otdyh.ru', 0, '2013-07-16 08:30:16', '0000-00-00 00:00:00', '0000-00-00 00:00:00'),
	(406, '2013-07-15', -1, 1700, 1, 1, 9, 0, 'Чай и вкусняшки в офис', 0, '2013-07-16 08:33:14', '2013-07-25 05:10:06', '0000-00-00 00:00:00'),
	(407, '2013-07-15', -1, 500, 1, 1, 11, 0, 'Расходы на такси', 0, '2013-07-16 08:33:29', '2013-07-25 05:09:46', '0000-00-00 00:00:00'),
	(408, '2013-07-16', -1, 800, 1, 1, 11, 0, 'Покупка шаблонов админки', 0, '2013-07-16 08:38:34', '2013-07-25 05:09:35', '0000-00-00 00:00:00'),
	(409, '2013-07-16', 1, 6500, 1, 1, 0, 22, 'Разработка сайта http://i-klimat.com/', 0, '2013-07-16 08:43:42', '0000-00-00 00:00:00', '0000-00-00 00:00:00'),
	(410, '2013-07-16', -1, 3500, 1, 1, 11, 0, 'Переоформление учредительных документов', 0, '2013-07-16 13:34:55', '2013-07-25 05:09:10', '0000-00-00 00:00:00'),
	(411, '2013-07-17', -1, 5000, 1, 1, 2, 0, 'Бухгалтерия (июнь 2013 г.)', 0, '2013-07-17 05:51:31', '2013-07-25 05:08:56', '0000-00-00 00:00:00'),
	(412, '2013-07-17', 1, 37500, 2, 1, 0, 25, 'Разработка мобильного приложения для ресторана', 0, '2013-07-17 09:58:21', '2013-07-17 09:59:11', '0000-00-00 00:00:00'),
	(413, '2013-07-17', 1, 34000, 2, 1, 0, 39, 'Разработка сайта автобитвы', 0, '2013-07-17 10:02:17', '0000-00-00 00:00:00', '0000-00-00 00:00:00'),
	(414, '2013-07-15', -1, 1200, 1, 1, 11, 0, 'День Рождения Кости', 0, '2013-07-17 13:07:56', '2013-07-25 05:09:57', '0000-00-00 00:00:00'),
	(415, '2013-07-17', 1, 5000, 1, 7, 0, 28, 'Разработка фирменного стиля', 0, '2013-07-18 06:18:27', '0000-00-00 00:00:00', '0000-00-00 00:00:00'),
	(416, '2013-07-19', 1, 3000, 2, 5, 0, 11, 'услуги по обслуживанию сайта www.megalada.com июнь 2013г', 0, '2013-07-19 09:39:06', '2013-07-21 06:41:05', '0000-00-00 00:00:00'),
	(417, '2013-07-19', 1, 27800, 2, 1, 0, 31, 'Оплата за обновление сайта', 0, '2013-07-19 09:40:23', '0000-00-00 00:00:00', '0000-00-00 00:00:00'),
	(418, '2013-07-19', 1, 71800, 2, 1, 0, 36, 'Оплата за разработку сайта', 0, '2013-07-19 09:41:33', '0000-00-00 00:00:00', '0000-00-00 00:00:00'),
	(419, '2013-07-19', -1, 170140, 1, 1, 0, 0, 'Разработка личного кабинета для сайта www.tlhl.ru', 1, '2013-07-19 09:43:11', '2013-07-19 09:43:34', '2013-07-19 09:43:34'),
	(420, '2013-07-19', -1, 500, 1, 1, 7, 0, 'Фиксаторы на окна', 0, '2013-07-19 10:07:13', '2013-07-21 06:46:14', '0000-00-00 00:00:00'),
	(422, '2013-07-22', 1, 15000, 2, 2, 0, 21, 'Оплата по счету №138 от 17.07.13 за доработку сайта.', 0, '2013-07-22 05:50:01', '2013-07-23 14:35:45', '0000-00-00 00:00:00'),
	(423, '2013-07-22', -1, 8500, 1, 0, 11, 0, 'Ланбо', 0, '2013-07-22 11:36:05', '0000-00-00 00:00:00', '0000-00-00 00:00:00'),
	(424, '2013-07-24', 1, 8750, 2, 2, 0, 37, 'Доработки по сайту', 0, '2013-07-24 06:47:33', '0000-00-00 00:00:00', '0000-00-00 00:00:00'),
	(425, '2013-07-24', -1, 12696, 0, 0, 3, 0, 'Налог УСН 6%', 0, '2013-07-24 07:33:06', '0000-00-00 00:00:00', '0000-00-00 00:00:00'),
	(426, '2013-07-24', -1, 4180, 0, 0, 5, 0, 'За передачу коммунальных услуг за июнь 2013 г.', 0, '2013-07-24 07:33:46', '0000-00-00 00:00:00', '0000-00-00 00:00:00'),
	(427, '2013-07-24', -1, 3670, 0, 0, 4, 0, 'Абонентская плата за Интернет, телефон и междугороднюю связь за июнь 2013 г.', 0, '2013-07-24 07:34:53', '0000-00-00 00:00:00', '0000-00-00 00:00:00'),
	(428, '2013-07-24', -1, 2000, 0, 0, 8, 0, 'Оплата телематических услуг связи от 24 июля 2013г.', 0, '2013-07-24 07:35:34', '0000-00-00 00:00:00', '0000-00-00 00:00:00'),
	(429, '2013-07-24', -1, 3000, 0, 0, 11, 0, 'Аренда офиса', 1, '2013-07-24 07:45:56', '2013-07-25 05:07:37', '2013-07-25 05:07:37'),
	(430, '2013-07-24', -1, 1950, 0, 0, 11, 0, 'Реклама в Яндекс.Директ', 0, '2013-07-24 09:33:55', '0000-00-00 00:00:00', '0000-00-00 00:00:00'),
	(431, '2013-07-26', -1, 3000, 0, 0, 12, 0, 'Аренда офиса с 15.07.13 по 31.07.13', 0, '2013-07-26 05:56:12', '0000-00-00 00:00:00', '0000-00-00 00:00:00'),
	(432, '2013-07-26', -1, 13, 0, 0, 1, 0, 'Вознаграждение за расчетное обслуживание', 0, '2013-07-26 05:56:50', '0000-00-00 00:00:00', '0000-00-00 00:00:00'),
	(433, '2013-07-26', 1, 3000, 2, 6, 0, 24, 'Оплата по счету N 142 от 24.07.2013г. за ведение рекламной кампании в поисковой системе Яндекс', 0, '2013-07-26 05:57:57', '0000-00-00 00:00:00', '0000-00-00 00:00:00'),
	(434, '2013-07-29', -1, 450, 0, 0, 7, 0, 'Ремонт аудио колонок', 0, '2013-07-30 08:33:20', '0000-00-00 00:00:00', '0000-00-00 00:00:00'),
	(435, '2013-07-29', -1, 260, 0, 0, 7, 0, 'Покупка подставки для аудио колонок', 0, '2013-07-30 08:34:15', '0000-00-00 00:00:00', '0000-00-00 00:00:00'),
	(436, '2013-07-29', -1, 300, 0, 0, 11, 0, 'Аренда такси для развоза документов', 0, '2013-07-30 08:40:25', '0000-00-00 00:00:00', '0000-00-00 00:00:00'),
	(437, '2013-07-28', 1, 3600, 1, 2, 0, 43, 'Доработки по сайту', 0, '2013-07-31 07:46:38', '0000-00-00 00:00:00', '0000-00-00 00:00:00'),
	(438, '2013-08-02', -1, 1690, 0, 0, 6, 0, 'Покупка wi-fi роутера', 0, '2013-08-02 08:19:00', '0000-00-00 00:00:00', '0000-00-00 00:00:00'),
	(439, '2013-08-02', -1, 100, 0, 0, 11, 0, 'Покупка мусорных пакетов', 0, '2013-08-02 08:19:44', '0000-00-00 00:00:00', '0000-00-00 00:00:00'),
	(440, '2013-08-02', 1, 30000, 1, 1, 0, 44, 'Предоплата за создание дизайна сайта', 0, '2013-08-02 08:21:21', '0000-00-00 00:00:00', '0000-00-00 00:00:00'),
	(441, '2013-08-05', -1, 500, 0, 0, 1, 0, 'Плата за расчетное обслуживание за 8/2013', 0, '2013-08-05 06:25:15', '0000-00-00 00:00:00', '0000-00-00 00:00:00'),
	(442, '2013-08-07', -1, 230, 0, 0, 11, 0, 'Такси на поездку на встречу с Фабрикой Красок', 0, '2013-08-07 08:57:46', '2013-08-07 09:57:35', '0000-00-00 00:00:00'),
	(443, '2013-08-07', 1, 3000, 2, 6, 0, 8, 'Оплата по счету №141 от 24.07.13 г за ведение контекстной рекламы в Яндекс.Директ', 0, '2013-08-07 09:01:26', '0000-00-00 00:00:00', '0000-00-00 00:00:00'),
	(444, '2013-08-07', 1, 8900, 2, 3, 0, 8, 'Оплата по счету №140 от 24.07.13 г за продвижение сайта www.samtrans.ru на период с 13.06.13 по 13.07.13 г', 0, '2013-08-07 09:02:04', '0000-00-00 00:00:00', '0000-00-00 00:00:00'),
	(445, '2013-08-07', 1, 4000, 1, 4, 0, 11, 'Оплата за доменные имена и хостинг', 0, '2013-08-08 06:06:18', '0000-00-00 00:00:00', '0000-00-00 00:00:00'),
	(446, '2013-08-08', 1, 4000, 2, 5, 0, 14, 'Предоплата за обслуживание сайта www.sampak.ru по счету №128 от 03.07.2013', 0, '2013-08-08 06:10:04', '0000-00-00 00:00:00', '0000-00-00 00:00:00'),
	(447, '2013-08-08', -1, 2000, 0, 0, 9, 0, 'Чай и вкусняшки в офис', 0, '2013-08-08 07:55:53', '0000-00-00 00:00:00', '0000-00-00 00:00:00'),
	(448, '2013-08-08', -1, 1000, 0, 0, 11, 0, 'Уборка офиса (июль 2013 г.)', 0, '2013-08-08 07:56:30', '0000-00-00 00:00:00', '0000-00-00 00:00:00'),
	(449, '2013-08-07', -1, 3500, 0, 0, 11, 0, 'Оплата фотографа Хитько для сайта СМИК', 0, '2013-08-08 07:57:34', '2013-08-08 07:57:53', '0000-00-00 00:00:00'),
	(450, '2013-08-08', -1, 1900, 0, 0, 11, 0, 'Посиделки в Штанах', 0, '2013-08-09 05:35:08', '0000-00-00 00:00:00', '0000-00-00 00:00:00'),
	(451, '2013-08-09', 1, 3000, 2, 6, 0, 24, 'Оплата по счету N 149 от 08.08.2013г.. за ведение рекламной кампании в поисковой системе Яндекс', 0, '2013-08-09 05:36:23', '0000-00-00 00:00:00', '0000-00-00 00:00:00'),
	(452, '2013-08-09', 1, 4691, 2, 3, 0, 6, 'Оплата по договору Договор № 3 от 21/04/12г. за услуги поиск.оптимиз. за июль по акту №68 от 02/08/13', 0, '2013-08-09 05:38:30', '0000-00-00 00:00:00', '0000-00-00 00:00:00'),
	(453, '2013-08-12', -1, 800, 0, 0, 4, 0, 'Предоплата интернета от АИСТа за август', 0, '2013-08-12 06:27:58', '0000-00-00 00:00:00', '0000-00-00 00:00:00'),
	(454, '2013-08-14', -1, 10624, 0, 0, 3, 0, 'Оплата налогов за сотрудников за июль 2013 г.', 0, '2013-08-14 09:34:43', '0000-00-00 00:00:00', '0000-00-00 00:00:00'),
	(455, '2013-08-16', -1, 150, 0, 0, 8, 0, 'Хостинг за GMS', 0, '2013-08-16 06:16:07', '0000-00-00 00:00:00', '0000-00-00 00:00:00'),
	(456, '2013-08-16', -1, 110, 0, 0, 9, 0, 'Покупка воды', 0, '2013-08-16 06:17:17', '0000-00-00 00:00:00', '0000-00-00 00:00:00'),
	(457, '2013-08-16', -1, 85, 0, 0, 6, 0, 'Покупка батареек', 0, '2013-08-16 06:17:40', '0000-00-00 00:00:00', '0000-00-00 00:00:00'),
	(458, '2013-08-19', -1, 110, 0, 0, 9, 0, 'Покупка воды', 0, '2013-08-20 06:16:26', '0000-00-00 00:00:00', '0000-00-00 00:00:00'),
	(459, '2013-08-20', 1, 3600, 1, 4, 0, 46, 'Оплата за хостинг и домен http://pk-tlt.ru/, в период с 20.08.13 по 19.08.14 г.', 0, '2013-08-20 06:23:31', '0000-00-00 00:00:00', '0000-00-00 00:00:00'),
	(460, '2013-08-19', 1, 3000, 2, 6, 0, 15, 'За ведение  рекламной компании в поисковой системе "Яндекс" по счету 151 от 14.08.13', 0, '2013-08-20 06:25:17', '0000-00-00 00:00:00', '0000-00-00 00:00:00'),
	(461, '2013-08-20', 1, 25000, 1, 1, 0, 40, 'Оплата за июль', 0, '2013-08-20 11:24:26', '0000-00-00 00:00:00', '0000-00-00 00:00:00'),
	(462, '2013-08-21', 1, 13500, 2, 2, 0, 37, 'Предоплата за внесение доработок в функционал сайта согласно счета 147 от 02.08.13', 0, '2013-08-21 05:09:50', '0000-00-00 00:00:00', '0000-00-00 00:00:00'),
	(463, '2013-08-21', -1, 100, 0, 0, 1, 0, 'Кассовое обслуживание', 0, '2013-08-22 05:10:38', '0000-00-00 00:00:00', '0000-00-00 00:00:00'),
	(464, '2013-08-21', -1, 27840, 0, 0, 1, 0, 'Выдача зарплат', 1, '2013-08-22 05:11:18', '2013-08-22 05:35:35', '2013-08-22 05:35:34'),
	(465, '2013-08-21', 1, 10000, 1, 2, 0, 32, 'Доработки по сайту', 1, '2013-08-22 05:13:04', '2013-09-19 15:17:32', '2013-09-19 15:17:32'),
	(466, '2013-08-21', 1, 20000, 1, 2, 0, 36, 'Доработки по сайту', 0, '2013-08-22 05:13:30', '0000-00-00 00:00:00', '0000-00-00 00:00:00'),
	(467, '2013-08-16', 1, 8000, 1, 2, 0, 32, 'Доработки по сайту', 1, '2013-08-22 05:14:55', '2013-09-19 15:17:38', '2013-09-19 15:17:38'),
	(468, '2013-08-22', -1, 1213, 0, 0, 4, 0, 'Оплата за телефон + интернет', 0, '2013-08-22 05:32:34', '0000-00-00 00:00:00', '0000-00-00 00:00:00'),
	(469, '2013-08-22', 1, 11000, 1, 2, 0, 32, 'Доработки по сайту', 1, '2013-08-22 12:31:31', '2013-09-19 15:17:29', '2013-09-19 15:17:28'),
	(470, '2013-08-22', -1, 110, 0, 0, 9, 0, 'Покупка воды', 0, '2013-08-22 12:31:58', '0000-00-00 00:00:00', '0000-00-00 00:00:00'),
	(471, '2013-08-22', -1, 100, 0, 0, 4, 0, 'Покупка кабеля для телефона', 0, '2013-08-22 12:32:40', '0000-00-00 00:00:00', '0000-00-00 00:00:00'),
	(472, '2013-08-22', -1, 160, 0, 0, 11, 0, 'Такси', 0, '2013-08-22 12:33:09', '0000-00-00 00:00:00', '0000-00-00 00:00:00'),
	(473, '2013-08-23', 1, 3600, 2, 4, 0, 45, 'Продление регистрации домена хостинга в период с 20.08.2013г по 19.08.2014г. по сч. N 155 от 20.08.2013г.', 0, '2013-08-23 05:07:51', '2013-08-23 13:40:23', '0000-00-00 00:00:00'),
	(476, '2013-08-26', 1, 7200, 1, 1, 0, 43, 'Разработка системы http://hot.feedback.rosinter.ru/', 0, '2013-08-27 09:13:55', '0000-00-00 00:00:00', '0000-00-00 00:00:00'),
	(474, '2013-08-23', 1, 4000, 2, 5, 0, 13, 'Предоплата по счету № 143 от 29.07.2013 г. за услуги по обслуживанию сайта www.bearing-pi.ru за Август 2013 г.', 0, '2013-08-23 05:08:37', '0000-00-00 00:00:00', '0000-00-00 00:00:00'),
	(475, '2013-08-23', -1, 80, 0, 0, 7, 0, 'Покупка ботареек', 0, '2013-08-23 12:59:27', '0000-00-00 00:00:00', '0000-00-00 00:00:00'),
	(477, '2013-08-30', 1, 4000, 2, 5, 0, 14, 'Предоплата за обслуживание сайта www.sampak.ru по счету №144 от 29.07.2013', 0, '2013-08-30 06:12:30', '0000-00-00 00:00:00', '0000-00-00 00:00:00'),
	(478, '2013-08-30', -1, 2000, 0, 0, 8, 0, 'Телематические услуги', 0, '2013-08-30 06:15:49', '0000-00-00 00:00:00', '0000-00-00 00:00:00'),
	(479, '2013-09-03', 1, 3000, 2, 6, 0, 24, 'Оплата по счету N 158 от 30.08.2013г.. за ведение рекламной кампании в поисковой системе Яндекс', 0, '2013-09-03 05:09:08', '0000-00-00 00:00:00', '0000-00-00 00:00:00'),
	(480, '2013-09-04', -1, 150, 0, 0, 8, 0, 'Хостинг Джино', 0, '2013-09-04 10:07:26', '0000-00-00 00:00:00', '0000-00-00 00:00:00'),
	(481, '2013-09-04', -1, 270, 0, 0, 11, 0, 'Данилу на бензин', 0, '2013-09-04 10:07:55', '0000-00-00 00:00:00', '0000-00-00 00:00:00'),
	(482, '2013-08-31', 1, 24000, 1, 2, 0, 36, 'Доработки по сайту', 0, '2013-09-10 06:14:05', '0000-00-00 00:00:00', '0000-00-00 00:00:00'),
	(483, '2013-09-05', 1, 5327, 2, 3, 0, 6, 'Продвижение сайта', 0, '2013-09-10 06:15:25', '0000-00-00 00:00:00', '0000-00-00 00:00:00'),
	(484, '2013-09-10', -1, 550, 0, 0, 1, 0, 'Обновление банковской карточки', 0, '2013-09-10 06:18:14', '0000-00-00 00:00:00', '0000-00-00 00:00:00'),
	(485, '2013-09-10', -1, 350, 0, 0, 11, 0, 'Бензин', 0, '2013-09-10 06:18:35', '0000-00-00 00:00:00', '0000-00-00 00:00:00'),
	(486, '2013-09-10', -1, 300, 0, 0, 7, 0, 'Ремонт чайника', 0, '2013-09-10 06:19:02', '0000-00-00 00:00:00', '0000-00-00 00:00:00'),
	(487, '2013-09-10', -1, 2200, 0, 0, 11, 0, 'Подарок Ирине', 0, '2013-09-10 06:19:41', '0000-00-00 00:00:00', '0000-00-00 00:00:00'),
	(488, '2013-09-11', -1, 500, 0, 0, 1, 0, 'Плата за расчетное обслуживание за 9/2013', 0, '2013-09-11 05:08:22', '0000-00-00 00:00:00', '0000-00-00 00:00:00'),
	(489, '2013-09-11', -1, 1000, 0, 0, 11, 0, 'Оплата за уборку офиса', 0, '2013-09-11 05:09:06', '0000-00-00 00:00:00', '0000-00-00 00:00:00'),
	(490, '2013-09-11', 1, 8000, 1, 2, 0, 40, 'Часть оплаты за программистов за август', 0, '2013-09-11 05:52:39', '0000-00-00 00:00:00', '0000-00-00 00:00:00'),
	(491, '2013-09-11', -1, 2000, 0, 0, 13, 0, 'Написание текстов на сайт (Логинова)', 0, '2013-09-11 07:20:38', '0000-00-00 00:00:00', '0000-00-00 00:00:00'),
	(492, '2013-09-13', 1, 4000, 2, 5, 0, 14, 'Предоплата за обслуживание сайта www.sampak.ru по счету №160 от 03.09.2013. Без налога (НДС)', 0, '2013-09-13 05:18:11', '0000-00-00 00:00:00', '0000-00-00 00:00:00'),
	(493, '2013-09-16', 1, 15000, 2, 2, 0, 21, 'Оплата по счету №157 от 27.08.13 за дизайн и программные доработки сайта', 0, '2013-09-16 05:54:54', '0000-00-00 00:00:00', '0000-00-00 00:00:00'),
	(494, '2013-09-14', 1, 30000, 1, 2, 0, 36, 'Доработки по сайту, по счету №156', 0, '2013-09-16 05:55:32', '0000-00-00 00:00:00', '0000-00-00 00:00:00'),
	(495, '2013-09-16', -1, 6000, 0, 0, 12, 0, 'Оплата за аренду офиса, в период с 01.08.13 по 31.08.13, сумма 6000 рублей, НДС не облагается.', 0, '2013-09-16 05:56:19', '0000-00-00 00:00:00', '0000-00-00 00:00:00'),
	(496, '2013-09-16', -1, 10620, 0, 0, 3, 0, 'Налоги за август', 0, '2013-09-16 05:56:44', '0000-00-00 00:00:00', '0000-00-00 00:00:00'),
	(497, '2013-09-16', -1, 30, 0, 0, 3, 0, 'Пени по налогам за август', 0, '2013-09-16 05:57:41', '0000-00-00 00:00:00', '0000-00-00 00:00:00'),
	(498, '2013-09-17', 1, 6000, 2, 5, 0, 11, 'оплата по счетам № 148 от 07.08.2013г,№ 162 от 03.09.2013г за услуги по обслуживанию сайта www.megalada.com июль-август 2013г', 0, '2013-09-17 06:12:35', '0000-00-00 00:00:00', '0000-00-00 00:00:00'),
	(499, '2013-09-17', 1, 4000, 2, 5, 0, 13, 'Предоплата по счету № 161 от 03.09.2013 за услуги по обслуживанию сайта www.bearing-pi.ru за Сентябрь 2013 г.', 0, '2013-09-17 06:13:26', '0000-00-00 00:00:00', '0000-00-00 00:00:00'),
	(500, '2013-09-19', 1, 17500, 1, 2, 0, 36, 'Доработки по сайту', 0, '2013-09-19 15:18:16', '0000-00-00 00:00:00', '0000-00-00 00:00:00'),
	(501, '2013-09-18', -1, 500, 0, 0, 11, 0, 'Посиделки с Пандой', 0, '2013-09-20 06:28:56', '0000-00-00 00:00:00', '0000-00-00 00:00:00'),
	(502, '2013-09-20', -1, 850, 0, 0, 9, 0, 'Чай и вкусняшки в офис', 0, '2013-09-20 06:29:18', '0000-00-00 00:00:00', '0000-00-00 00:00:00'),
	(503, '2013-09-20', -1, 950, 0, 0, 8, 0, 'Регистрация на Google Play', 0, '2013-09-20 11:06:18', '0000-00-00 00:00:00', '0000-00-00 00:00:00'),
	(504, '2013-09-20', -1, 750, 0, 0, 4, 0, 'интернет от АИСТ', 0, '2013-09-20 11:08:40', '0000-00-00 00:00:00', '0000-00-00 00:00:00'),
	(505, '2013-09-20', -1, 300, 0, 0, 8, 0, 'Хостинг для Гильдии', 0, '2013-09-20 11:09:15', '0000-00-00 00:00:00', '0000-00-00 00:00:00'),
	(506, '2013-09-24', -1, 500, 0, 0, 11, 0, 'Размещение объявления в AVITO', 0, '2013-09-24 07:34:52', '0000-00-00 00:00:00', '0000-00-00 00:00:00'),
	(507, '2013-09-25', -1, 4500, 0, 0, 13, 0, 'Реклама в Яндекс.Директ', 0, '2013-09-25 07:41:46', '0000-00-00 00:00:00', '0000-00-00 00:00:00'),
	(508, '2013-09-25', -1, 2300, 0, 0, 4, 0, 'Оплата за телефон + интернет (Инфо Лада)', 0, '2013-09-25 07:42:27', '0000-00-00 00:00:00', '0000-00-00 00:00:00'),
	(509, '2013-09-25', -1, 5432, 0, 0, 5, 0, 'Оплата комунальных услуг по офису за август', 0, '2013-09-25 07:43:53', '0000-00-00 00:00:00', '0000-00-00 00:00:00'),
	(510, '2013-09-25', -1, 5810, 0, 0, 5, 0, 'Оплата комунальных услуг по офису за июль', 0, '2013-09-25 07:44:33', '0000-00-00 00:00:00', '0000-00-00 00:00:00'),
	(511, '2013-09-25', -1, 5000, 0, 0, 3, 0, 'Оплата бухгалтеру за август', 0, '2013-09-25 08:09:32', '0000-00-00 00:00:00', '0000-00-00 00:00:00'),
	(512, '2013-09-27', -1, 550, 0, 0, 11, 0, 'Поездка в Жигулевск', 0, '2013-09-27 05:12:18', '0000-00-00 00:00:00', '0000-00-00 00:00:00'),
	(513, '2013-10-01', -1, 200, 0, 0, 11, 0, 'Поездка в Электросеть', 0, '2013-10-01 07:54:24', '0000-00-00 00:00:00', '0000-00-00 00:00:00'),
	(514, '2013-10-01', -1, 100, 0, 0, 9, 0, 'Чай в офис', 0, '2013-10-01 07:54:59', '0000-00-00 00:00:00', '0000-00-00 00:00:00'),
	(515, '2013-10-04', 1, 5000, 1, 2, 0, 48, 'Доработки по сайту', 0, '2013-10-07 07:49:43', '0000-00-00 00:00:00', '0000-00-00 00:00:00'),
	(516, '2013-10-07', 1, 37500, 2, 1, 0, 27, 'Разработка мобильного приложения', 0, '2013-10-07 07:50:37', '0000-00-00 00:00:00', '0000-00-00 00:00:00'),
	(517, '2013-10-07', -1, 2500, 0, 0, 13, 0, 'Написание текстов', 0, '2013-10-07 07:51:51', '0000-00-00 00:00:00', '0000-00-00 00:00:00'),
	(518, '2013-10-03', -1, 3500, 0, 0, 11, 0, 'Покупка Apple ID', 0, '2013-10-07 07:53:10', '0000-00-00 00:00:00', '0000-00-00 00:00:00'),
	(519, '2013-10-02', 1, 2000, 1, 4, 0, 49, 'Проделение домена', 0, '2013-10-07 07:55:44', '0000-00-00 00:00:00', '0000-00-00 00:00:00'),
	(520, '2013-10-03', -1, 1000, 0, 0, 8, 0, 'Проделение доменов', 0, '2013-10-07 07:56:15', '0000-00-00 00:00:00', '0000-00-00 00:00:00'),
	(521, '2013-10-07', -1, 800, 0, 0, 9, 0, 'Посиделки дома', 0, '2013-10-07 07:56:40', '0000-00-00 00:00:00', '0000-00-00 00:00:00'),
	(522, '2013-10-10', 1, 4981, 2, 3, 0, 6, 'Оплата по договору Договор № 3 от 21/04/12г. за услуги поиск.оптимиз. за сентябрь по счету №170 от 04/10/13г.', 0, '2013-10-10 06:52:26', '0000-00-00 00:00:00', '0000-00-00 00:00:00'),
	(523, '2013-10-10', -1, 6000, 0, 0, 12, 0, 'Аренда офиса с 01.09.13 по 30.09.13', 0, '2013-10-10 10:59:00', '0000-00-00 00:00:00', '0000-00-00 00:00:00'),
	(524, '2013-10-10', -1, 5356, 0, 0, 5, 0, 'Оплата комунальных услуг по офису за сентябрь', 0, '2013-10-10 11:01:10', '0000-00-00 00:00:00', '0000-00-00 00:00:00'),
	(525, '2013-10-10', -1, 10624, 0, 0, 3, 0, 'Налоги за сентябрь 2013', 0, '2013-10-10 11:02:19', '0000-00-00 00:00:00', '0000-00-00 00:00:00'),
	(526, '2013-10-10', 1, 10000, 1, 1, 0, 32, 'Оплата за работу программиста сентябрь 2013', 0, '2013-10-10 11:03:24', '0000-00-00 00:00:00', '0000-00-00 00:00:00'),
	(527, '2013-10-10', -1, 700, 0, 0, 9, 0, 'Чай и вкусняшки в офис', 0, '2013-10-10 11:03:57', '0000-00-00 00:00:00', '0000-00-00 00:00:00'),
	(528, '2013-10-10', 1, 45000, 1, 1, 0, 44, 'Оплата за дизайн сайта', 0, '2013-10-10 14:02:28', '0000-00-00 00:00:00', '0000-00-00 00:00:00'),
	(529, '2013-10-10', -1, 4000, 0, 0, 13, 0, 'Олата за написание статей (остаток 2500)', 0, '2013-10-10 14:03:14', '0000-00-00 00:00:00', '0000-00-00 00:00:00'),
	(530, '2013-10-16', -1, 1000, 0, 0, 5, 0, 'Уборка офиса (сентябрь 2013 г.)', 0, '2013-10-16 05:42:56', '0000-00-00 00:00:00', '0000-00-00 00:00:00'),
	(531, '2013-10-16', -1, 5000, 0, 0, 2, 0, 'Бухгалтерия (сентябрь 2013 г.)', 0, '2013-10-16 05:43:26', '0000-00-00 00:00:00', '0000-00-00 00:00:00'),
	(532, '2013-10-16', -1, 4000, 0, 0, 13, 0, 'Оплата за оптимизацию сайта Гильдии', 0, '2013-10-16 05:44:20', '0000-00-00 00:00:00', '0000-00-00 00:00:00'),
	(533, '2013-10-16', -1, 560, 0, 0, 1, 0, 'Банковское обслуживание', 0, '2013-10-16 05:44:48', '0000-00-00 00:00:00', '0000-00-00 00:00:00'),
	(534, '2013-10-10', 1, 4000, 2, 5, 0, 13, 'Предоплата по счету № 172 от 04.10.2013 г. за услуги по обслуживанию сайта www.bearing-pi.ru за Октябрь 2013 г., без налога (НДС).', 0, '2013-10-22 09:59:31', '0000-00-00 00:00:00', '0000-00-00 00:00:00'),
	(535, '2013-10-14', 1, 16600, 2, 2, 0, 8, 'Предоплата по договору №б/н на доработку сайта www.samtrans.ru от 04.10.13 г. Cумма 16600-00, без налога (НДС).', 0, '2013-10-22 10:00:21', '0000-00-00 00:00:00', '0000-00-00 00:00:00'),
	(536, '2013-10-15', 1, 4000, 2, 5, 0, 14, 'Предоплата за обслуживание сайта www.sampak.ru по счету №171 от 04.10.2013 Сумма 4000-00 Без налога (НДС)', 0, '2013-10-22 10:01:20', '0000-00-00 00:00:00', '0000-00-00 00:00:00'),
	(537, '2013-10-16', 1, 3000, 2, 6, 0, 24, 'Оплата по Счет N 174 от 15.10.2013 года за рекламу в системе "Яндекс" Сумма 3000-00 Без налога (НДС)', 0, '2013-10-22 10:02:09', '0000-00-00 00:00:00', '0000-00-00 00:00:00'),
	(538, '2013-10-22', 1, 3600, 2, 4, 0, 47, 'Оплата по счёту № 163 от 06.09.2013 г.за продление регистрации домена и предоставление хостингового пространства.', 0, '2013-10-22 10:03:04', '2013-10-22 10:03:35', '0000-00-00 00:00:00'),
	(539, '2013-10-17', -1, 6000, 0, 0, 8, 0, 'Оплата хостинга за Про-отдых', 0, '2013-10-22 10:04:45', '0000-00-00 00:00:00', '0000-00-00 00:00:00'),
	(540, '2013-10-15', 1, 10000, 1, 2, 0, 32, 'Доработки по сайту', 0, '2013-10-22 11:37:35', '2013-10-22 11:37:55', '0000-00-00 00:00:00'),
	(541, '2013-10-23', -1, 1750, 0, 0, 4, 0, 'Телефон + Интернет (Инфо Лада)', 0, '2013-10-28 09:40:49', '0000-00-00 00:00:00', '0000-00-00 00:00:00'),
	(542, '2013-10-24', 1, 3000, 2, 6, 0, 15, 'За ведение  рекламной компании в поисковой системе "Яндекс" по счету 175 от 17.10.13 НДС не облагается.', 0, '2013-10-28 09:41:43', '0000-00-00 00:00:00', '0000-00-00 00:00:00'),
	(543, '2013-11-01', 1, 3000, 2, 5, 0, 11, 'оплата по счету № 173 от 04.10.2013г за услуги по обслуживанию сайта www.megalada.com сент 2013г', 0, '2013-11-05 05:40:46', '2013-11-15 07:18:42', '0000-00-00 00:00:00'),
	(544, '2013-11-01', 1, 4000, 2, 5, 0, 13, 'Предоплата по счёту № 180 от 31.10.2013 г. за ежемесячное обслуживание сайта www.bearing-pi.ru за ноябрь 2013 г.', 0, '2013-11-05 05:41:24', '2013-11-15 07:18:55', '0000-00-00 00:00:00'),
	(569, '2013-11-15', -1, 360, 0, 0, 1, 0, 'Кассовое обслуживание', 0, '2013-11-18 05:16:13', '0000-00-00 00:00:00', '0000-00-00 00:00:00'),
	(545, '2013-11-01', 1, 6517, 2, 3, 0, 6, 'Оплата по договору Договор № 3 от 21/04/12г. за услуги поиск.оптимиз. за октябрь', 0, '2013-11-05 05:42:39', '2013-11-15 07:18:25', '0000-00-00 00:00:00'),
	(546, '2013-11-01', 1, 12000, 2, 5, 0, 51, 'Предоплата по сч. 177 от 28/10/2013 г. за ежемесячное обслуживание и техническую поддержку сайта за ноябрь 2013 г.', 0, '2013-11-05 05:43:15', '2013-11-05 05:43:43', '0000-00-00 00:00:00'),
	(547, '2013-11-01', -1, 400, 0, 0, 1, 0, 'Плата за обслуживание по системе Банк-Клиент за ноябрь 2013 года', 0, '2013-11-05 05:44:48', '0000-00-00 00:00:00', '0000-00-00 00:00:00'),
	(548, '2013-11-06', 1, 4000, 2, 5, 0, 14, 'Предоплата за обслуживание сайта www.sampak.ru по счету №181 от 31.10.2013 Сумма 4000-00 Без налога (НДС)', 0, '2013-11-06 13:33:26', '0000-00-00 00:00:00', '0000-00-00 00:00:00'),
	(549, '2013-11-07', 1, 1450, 1, 2, 0, 45, 'Доработка сайта', 1, '2013-11-08 05:19:30', '2013-11-08 20:10:37', '2013-11-08 20:10:37'),
	(550, '2013-11-07', -1, 2000, 0, 0, 13, 0, 'Написание текстов (Логинова)', 0, '2013-11-08 05:20:21', '0000-00-00 00:00:00', '0000-00-00 00:00:00'),
	(551, '2013-11-08', 1, 12000, 1, 2, 0, 53, 'Предоплата за доработки сайта', 0, '2013-11-08 05:28:13', '0000-00-00 00:00:00', '0000-00-00 00:00:00'),
	(552, '2013-11-08', -1, 1000, 0, 0, 9, 0, 'Чай и вкусняшки в офис', 0, '2013-11-08 05:28:47', '2013-11-15 07:17:19', '0000-00-00 00:00:00'),
	(553, '2013-11-07', -1, 350, 0, 0, 8, 0, 'Продление домена Вокругсмеха.рф', 0, '2013-11-08 05:30:57', '0000-00-00 00:00:00', '0000-00-00 00:00:00'),
	(554, '2013-11-08', 1, 3000, 2, 5, 0, 11, 'оплата по счету № 179 от 31.10.2013г за услуги по обслуживанию сайта www.megalada.com окт 2013г', 0, '2013-11-11 06:38:30', '0000-00-00 00:00:00', '0000-00-00 00:00:00'),
	(555, '2013-11-08', -1, 500, 0, 0, 1, 0, 'Плата за расчетное обслуживание за 11/2013', 0, '2013-11-11 06:40:56', '0000-00-00 00:00:00', '0000-00-00 00:00:00'),
	(556, '2013-11-12', -1, 6000, 0, 0, 12, 0, 'Аренда офиса с 01.10.13 по 30.10.13', 0, '2013-11-12 07:18:22', '0000-00-00 00:00:00', '0000-00-00 00:00:00'),
	(557, '2013-11-12', 1, 5500, 2, 5, 0, 52, 'Проведение экспертизы', 0, '2013-11-12 07:19:21', '0000-00-00 00:00:00', '0000-00-00 00:00:00'),
	(558, '2013-11-12', 1, 20000, 1, 1, 0, 44, 'Разработка сайта www.fitlife-shop.ru', 0, '2013-11-12 09:23:39', '0000-00-00 00:00:00', '0000-00-00 00:00:00'),
	(559, '2013-11-14', 1, 3000, 2, 6, 0, 24, 'Оплата по Счет N 186 от 06.11.2013 года за рекламу в системе "Яндекс"', 0, '2013-11-14 05:15:15', '0000-00-00 00:00:00', '0000-00-00 00:00:00'),
	(560, '2013-11-14', -1, 10620, 0, 0, 3, 0, 'Налоги за октябрь 2013', 0, '2013-11-14 05:15:53', '0000-00-00 00:00:00', '0000-00-00 00:00:00'),
	(561, '2013-11-14', 1, 41000, 1, 1, 0, 54, 'Предоплата за создание сайта', 0, '2013-11-14 11:14:38', '0000-00-00 00:00:00', '0000-00-00 00:00:00'),
	(562, '2013-11-14', 1, 25000, 1, 5, 0, 4, 'Оплата за октябрь', 0, '2013-11-14 11:15:17', '0000-00-00 00:00:00', '0000-00-00 00:00:00'),
	(563, '2013-11-14', 1, 10000, 1, 1, 0, 32, 'Оплата от Фадина', 0, '2013-11-14 11:16:27', '0000-00-00 00:00:00', '0000-00-00 00:00:00'),
	(564, '2013-11-14', -1, 1500, 0, 0, 11, 0, 'Посиделки в Штанах', 0, '2013-11-14 11:17:15', '0000-00-00 00:00:00', '0000-00-00 00:00:00'),
	(565, '2013-11-07', 1, 1500, 1, 2, 0, 45, 'Оплата за доработки', 0, '2013-11-14 11:17:56', '0000-00-00 00:00:00', '0000-00-00 00:00:00'),
	(566, '2013-11-15', 1, 50000, 2, 1, 0, 45, 'Предоплата за создание сайта', 0, '2013-11-15 05:19:12', '0000-00-00 00:00:00', '0000-00-00 00:00:00'),
	(567, '2013-11-15', -1, 1000, 0, 0, 5, 0, 'Уборка офиса (октябрь 2013 г.)', 0, '2013-11-15 07:16:58', '0000-00-00 00:00:00', '0000-00-00 00:00:00'),
	(568, '2013-11-15', -1, 450, 0, 0, 8, 0, 'Оплата за домен подшипник-интер.рф', 0, '2013-11-15 07:17:58', '0000-00-00 00:00:00', '0000-00-00 00:00:00'),
	(570, '2013-11-15', 1, 10000, 1, 2, 0, 32, 'Приход от Забродина', 0, '2013-11-18 07:15:35', '0000-00-00 00:00:00', '0000-00-00 00:00:00'),
	(571, '2013-11-15', 1, 20300, 1, 1, 0, 36, 'Разработка сайта', 0, '2013-11-18 07:16:12', '0000-00-00 00:00:00', '0000-00-00 00:00:00'),
	(572, '2013-10-10', 1, 10000, 1, 2, 0, 32, 'Доработки по сайту', 0, '2013-11-20 17:15:16', '0000-00-00 00:00:00', '0000-00-00 00:00:00'),
	(573, '2013-10-10', 1, 25000, 1, 2, 0, 4, 'Доработки по сайту', 0, '2013-11-20 17:15:53', '0000-00-00 00:00:00', '0000-00-00 00:00:00'),
	(574, '2013-11-22', 1, 3000, 2, 6, 0, 55, 'Оплата по счету №190', 0, '2013-11-22 06:45:28', '0000-00-00 00:00:00', '0000-00-00 00:00:00'),
	(575, '2013-11-23', 1, 15000, 1, 2, 0, 57, 'Доработки по сайту', 0, '2013-11-27 05:54:32', '0000-00-00 00:00:00', '0000-00-00 00:00:00'),
	(576, '2013-11-15', 1, 34000, 2, 1, 0, 39, 'Оплата за дизайн', 0, '2013-11-27 10:20:37', '0000-00-00 00:00:00', '0000-00-00 00:00:00'),
	(577, '2013-11-22', -1, 4600, 0, 0, 13, 0, 'Оплата за покупку ссылок', 0, '2013-11-27 10:21:38', '0000-00-00 00:00:00', '0000-00-00 00:00:00'),
	(578, '2013-11-27', -1, 1000, 0, 0, 11, 0, 'Покупака алкоголя для Шацкого', 0, '2013-11-27 10:22:14', '0000-00-00 00:00:00', '0000-00-00 00:00:00'),
	(579, '2013-11-27', -1, 400, 0, 0, 7, 0, 'Покупка сахарницы', 0, '2013-11-27 10:22:40', '0000-00-00 00:00:00', '0000-00-00 00:00:00'),
	(580, '2013-11-28', -1, 150, 0, 0, 8, 0, 'Хостинг Джино', 0, '2013-11-28 07:12:47', '0000-00-00 00:00:00', '0000-00-00 00:00:00'),
	(581, '2013-11-29', 1, 12500, 2, 2, 0, 8, 'Предоплата по договору №б/н на доработку сайта www.samtrans.ru от 04.10.13 г.', 0, '2013-11-29 06:22:22', '0000-00-00 00:00:00', '0000-00-00 00:00:00'),
	(582, '2013-12-03', 1, 10000, 1, 2, 0, 40, 'Часть оплаты за программистов за ноябрь', 0, '2013-12-04 05:47:28', '0000-00-00 00:00:00', '0000-00-00 00:00:00'),
	(583, '2013-12-03', -1, 6000, 0, 0, 11, 0, 'Оплата за фотосъемку за Практик Д - Хитько', 0, '2013-12-04 05:48:30', '0000-00-00 00:00:00', '0000-00-00 00:00:00'),
	(584, '2013-12-03', -1, 400, 0, 0, 1, 0, 'Плата за обслуживание по системе Банк-Клиент за декабрь 2013 года', 0, '2013-12-05 05:08:32', '0000-00-00 00:00:00', '0000-00-00 00:00:00'),
	(585, '2013-12-03', -1, 1000, 0, 0, 3, 0, 'НДФЛ', 0, '2013-12-05 05:09:07', '0000-00-00 00:00:00', '0000-00-00 00:00:00'),
	(586, '2013-12-06', 1, 900, 2, 6, 0, 12, 'Агентское вознаграждение', 0, '2013-12-06 11:21:01', '0000-00-00 00:00:00', '0000-00-00 00:00:00'),
	(587, '2013-12-09', 1, 3000, 2, 5, 0, 11, 'оплата по договору № 01 от 10.04.2012г за услуги по обслуживанию сайта www.megalada.com нояб 2013г', 0, '2013-12-09 07:44:32', '0000-00-00 00:00:00', '0000-00-00 00:00:00'),
	(588, '2013-12-09', 1, 6863, 2, 3, 0, 6, 'Оплата по договору Договор № 3 от 21/04/12г. за услуги поиск.оптимиз. за ноябрь по счету №193 от 02/12/13г.', 0, '2013-12-09 07:45:26', '0000-00-00 00:00:00', '0000-00-00 00:00:00'),
	(589, '2013-12-10', 1, 10000, 1, 2, 0, 32, 'Оплата от Забродина за ноябрь (долг 400 р.)', 0, '2013-12-10 06:34:06', '0000-00-00 00:00:00', '0000-00-00 00:00:00'),
	(590, '2013-12-10', 1, 10400, 1, 1, 0, 32, 'Оплата от Фадина за ноябрь', 0, '2013-12-10 17:29:30', '0000-00-00 00:00:00', '0000-00-00 00:00:00'),
	(591, '2013-12-10', 1, 15000, 1, 2, 0, 40, 'Оплата за доработки за ноябрь', 0, '2013-12-10 17:30:14', '0000-00-00 00:00:00', '0000-00-00 00:00:00'),
	(592, '2013-12-10', 1, 1000, 1, 2, 0, 48, 'Доработки по сайту', 0, '2013-12-12 04:53:57', '0000-00-00 00:00:00', '0000-00-00 00:00:00'),
	(593, '2013-12-11', -1, 850, 0, 0, 4, 0, 'Оплата за интернет от Аиста', 0, '2013-12-12 04:54:52', '0000-00-00 00:00:00', '0000-00-00 00:00:00'),
	(594, '2013-12-11', 1, 13950, 1, 1, 0, 53, '2 часть оплаты + 450 р за доработки', 0, '2013-12-12 04:55:42', '0000-00-00 00:00:00', '0000-00-00 00:00:00'),
	(595, '2013-12-12', -1, 10624, 0, 0, 3, 0, 'Налоги за ноябрь 2013', 0, '2013-12-12 05:16:12', '0000-00-00 00:00:00', '0000-00-00 00:00:00'),
	(596, '2013-12-13', 1, 46000, 1, 1, 0, 44, 'Оплата за разработку сайта', 0, '2013-12-13 11:53:49', '0000-00-00 00:00:00', '0000-00-00 00:00:00'),
	(597, '2013-12-13', 1, 3600, 1, 4, 0, 23, 'Продление регистрации доменного имени cardimania.com в период с 02.01.2014 г. по 02.01.2015 г.', 0, '2013-12-13 11:57:14', '0000-00-00 00:00:00', '0000-00-00 00:00:00'),
	(598, '2013-12-13', 1, 6300, 1, 4, 0, 40, 'Предоплата за хостинг pro-otdyh.ru (декабрь 2013 г.)', 0, '2013-12-13 11:58:44', '0000-00-00 00:00:00', '0000-00-00 00:00:00'),
	(599, '2013-12-11', 1, 20000, 1, 1, 0, 60, 'Предоплата за разработку сайта', 0, '2013-12-13 12:14:17', '0000-00-00 00:00:00', '0000-00-00 00:00:00'),
	(600, '2013-12-13', -1, 1000, 0, 0, 5, 0, 'Уборка офиса (ноябрь 2013 г.)', 0, '2013-12-13 13:12:09', '2013-12-13 13:12:53', '0000-00-00 00:00:00'),
	(601, '2013-12-13', -1, 3000, 0, 0, 11, 0, 'Посиделки в Штанах', 0, '2013-12-13 13:13:17', '0000-00-00 00:00:00', '0000-00-00 00:00:00'),
	(602, '2013-12-16', -1, 100, 0, 0, 8, 0, 'Регистрация доменного имя car-fight.ru', 0, '2013-12-16 10:15:15', '0000-00-00 00:00:00', '0000-00-00 00:00:00'),
	(603, '2013-12-17', -1, 6000, 0, 0, 8, 0, 'Олата хостинга Про-отдыха', 0, '2013-12-17 07:20:15', '0000-00-00 00:00:00', '0000-00-00 00:00:00'),
	(604, '2013-12-17', 1, 47190, 2, 1, 0, 39, 'Предоплата за программирование сайта Автобитва', 0, '2013-12-17 07:22:25', '0000-00-00 00:00:00', '0000-00-00 00:00:00'),
	(605, '2013-12-17', -1, 1500, 0, 0, 7, 0, 'Покупка новогодней елки', 0, '2013-12-17 11:54:56', '0000-00-00 00:00:00', '0000-00-00 00:00:00'),
	(606, '2013-12-19', 1, 3000, 2, 6, 0, 8, 'Оплата по счету №189 от 11.11.13 г за ведение контекстной рекламы в Яндекс.Директ', 0, '2013-12-19 05:11:41', '0000-00-00 00:00:00', '0000-00-00 00:00:00'),
	(607, '2013-12-19', 1, 4000, 2, 5, 0, 13, 'Предоплата по счёту № 196 от 02.12.2013 г. за ежемесячное обслуживание сайта www.bearing-pi.ru за декабрь 2013', 0, '2013-12-19 05:12:39', '0000-00-00 00:00:00', '0000-00-00 00:00:00'),
	(608, '2013-12-19', -1, 3500, 0, 0, 6, 0, 'Покупка блока питания', 0, '2013-12-19 05:14:18', '0000-00-00 00:00:00', '0000-00-00 00:00:00'),
	(609, '2013-12-25', 1, 4000, 2, 5, 0, 14, 'Предоплата за обслуживание сайта www.sampak.ru', 0, '2013-12-25 05:05:41', '0000-00-00 00:00:00', '0000-00-00 00:00:00'),
	(610, '2013-12-26', 1, 3600, 2, 4, 0, 14, 'Продление домена и хостинга', 0, '2013-12-26 07:37:03', '0000-00-00 00:00:00', '0000-00-00 00:00:00'),
	(611, '2013-12-25', -1, 400, 0, 0, 11, 0, 'Оплата за бензин (поезда в Лада-пласт)', 0, '2013-12-26 07:37:43', '0000-00-00 00:00:00', '0000-00-00 00:00:00'),
	(612, '2013-12-26', -1, 450, 0, 0, 11, 0, 'Оплата проезда за развоз документов + встреча с Цунами', 0, '2013-12-26 07:38:56', '0000-00-00 00:00:00', '0000-00-00 00:00:00'),
	(613, '2013-12-27', 1, 3100, 2, 2, 0, 63, 'Оплата за обновление системы по сч 204 от 24.12.2013', 0, '2013-12-27 05:07:38', '0000-00-00 00:00:00', '0000-00-00 00:00:00'),
	(614, '2013-12-27', 1, 4000, 2, 5, 0, 13, 'Предоплата по счёту № 196 от 02.12.2013 г. за ежемесячное обслуживание сайта www.bearing-pi.ru за январь 2014', 0, '2013-12-27 05:08:28', '0000-00-00 00:00:00', '0000-00-00 00:00:00'),
	(615, '2013-12-28', 1, 6000, 1, 1, 0, 60, 'Второй латеж', 0, '2013-12-28 13:10:30', '0000-00-00 00:00:00', '0000-00-00 00:00:00'),
	(616, '2013-12-31', 1, 24000, 2, 2, 0, 36, 'Доработка сайта', 0, '2014-01-13 10:27:23', '0000-00-00 00:00:00', '0000-00-00 00:00:00'),
	(617, '2014-01-13', 1, 20000, 1, 2, 0, 32, 'Оплата за декабрь', 0, '2014-01-13 10:29:47', '0000-00-00 00:00:00', '0000-00-00 00:00:00'),
	(618, '2014-01-13', 1, 25000, 1, 5, 0, 40, 'Оплата за декабрь', 0, '2014-01-13 10:30:31', '0000-00-00 00:00:00', '0000-00-00 00:00:00'),
	(619, '2014-01-13', 1, 6300, 1, 4, 0, 40, 'Оплата хостнга', 0, '2014-01-13 10:31:30', '0000-00-00 00:00:00', '0000-00-00 00:00:00'),
	(620, '2014-01-13', -1, 950, 0, 0, 9, 0, 'Чай и вкусняшки в офис', 0, '2014-01-13 10:32:00', '0000-00-00 00:00:00', '0000-00-00 00:00:00'),
	(621, '2013-12-30', 1, 11250, 2, 1, 0, 26, 'Оплата за разработку мобильного приложениясогласно договора N б/н от 11.04.2013', 0, '2014-01-13 11:49:42', '0000-00-00 00:00:00', '0000-00-00 00:00:00'),
	(622, '2014-01-09', 1, 24000, 2, 5, 0, 51, 'Предоплата по сч. 205 от 25/12/2013 г. за ежемесячное обслуживание сайта http://www.elbanking.ru/ за декабрь 2013 г., январь 2014 г', 0, '2014-01-13 11:51:26', '2014-01-17 05:21:04', '0000-00-00 00:00:00'),
	(627, '2014-01-13', -1, 1000, 0, 0, 11, 0, 'Подарок Андрею', 0, '2014-01-17 11:58:17', '0000-00-00 00:00:00', '0000-00-00 00:00:00'),
	(623, '2014-01-09', -1, 400, 0, 0, 1, 0, 'Плата за обслуживание по системе Банк-Клиент за январь 2014 года', 0, '2014-01-13 11:52:10', '0000-00-00 00:00:00', '0000-00-00 00:00:00'),
	(624, '2014-01-09', -1, 500, 0, 0, 8, 0, 'Оплата за хостинг по тарифному плану Большой хостинг2 согласно счета № 1964 от 09.01.2014 без НДС', 0, '2014-01-13 11:53:02', '0000-00-00 00:00:00', '0000-00-00 00:00:00'),
	(625, '2014-01-17', 1, 15000, 2, 1, 0, 60, 'Часть оплаты за создание сайта', 0, '2014-01-17 05:14:20', '0000-00-00 00:00:00', '0000-00-00 00:00:00'),
	(626, '2014-01-17', 1, 3000, 2, 6, 0, 55, 'Оплата за ведение рекламной компании', 0, '2014-01-17 05:15:31', '0000-00-00 00:00:00', '0000-00-00 00:00:00'),
	(628, '2014-01-09', -1, 850, 0, 0, 4, 0, 'Интернет (АИСТ)', 0, '2014-01-17 11:58:50', '0000-00-00 00:00:00', '0000-00-00 00:00:00'),
	(629, '2014-01-16', -1, 1000, 0, 0, 5, 0, 'Уборка офиса (декабрь 2013г.)', 0, '2014-01-17 11:59:45', '2014-01-17 12:03:18', '0000-00-00 00:00:00'),
	(630, '2014-01-14', -1, 500, 0, 0, 11, 0, 'Такси на встречи (Центральная СТО, ЛАДА Спорт)', 0, '2014-01-17 12:00:38', '0000-00-00 00:00:00', '0000-00-00 00:00:00'),
	(631, '2014-01-16', -1, 450, 0, 0, 11, 0, 'Размещение вакансии call-менеджера на Avito', 0, '2014-01-17 12:01:40', '0000-00-00 00:00:00', '0000-00-00 00:00:00'),
	(632, '2014-01-17', -1, 3500, 0, 0, 4, 0, 'Покупка номера и телефона для Москвы', 0, '2014-01-17 12:02:34', '0000-00-00 00:00:00', '0000-00-00 00:00:00'),
	(633, '2014-01-15', -1, 12700, 0, 0, 3, 0, 'Налоги за декабрь 2013 г.', 0, '2014-01-17 12:04:31', '0000-00-00 00:00:00', '0000-00-00 00:00:00'),
	(634, '2014-01-13', -1, 6000, 0, 0, 12, 0, 'Аренда офиса (декабрь 2013 г.) ИП Венкова', 0, '2014-01-17 12:06:13', '2014-01-27 05:26:32', '0000-00-00 00:00:00'),
	(635, '2014-01-13', -1, 6810, 0, 0, 5, 0, 'Коммунальные платежи (ноябрь 2013 г.)', 0, '2014-01-17 12:08:16', '0000-00-00 00:00:00', '0000-00-00 00:00:00'),
	(636, '2014-01-20', -1, 600, 0, 0, 8, 0, 'Продление регистрации домена cardimania.com', 0, '2014-01-20 14:12:45', '2014-01-22 14:20:10', '0000-00-00 00:00:00'),
	(637, '2014-01-22', -1, 100, 0, 0, 11, 0, 'Печать макетов для "Штанов"', 0, '2014-01-22 14:21:12', '0000-00-00 00:00:00', '0000-00-00 00:00:00'),
	(638, '2014-01-24', -1, 500, 0, 0, 8, 0, 'Продление домена www.pulslive.ru', 0, '2014-01-24 09:12:48', '0000-00-00 00:00:00', '0000-00-00 00:00:00'),
	(639, '2014-01-13', 1, 3000, 2, 5, 0, 11, 'За услуги по обслуживанию сайта www.megalada.com дек 2013г', 0, '2014-01-27 05:09:47', '0000-00-00 00:00:00', '0000-00-00 00:00:00'),
	(640, '2014-01-13', 1, 6030, 2, 3, 0, 6, 'За услуги поиск.оптимиз. за декабрь по счету №209', 0, '2014-01-27 05:11:22', '0000-00-00 00:00:00', '0000-00-00 00:00:00'),
	(641, '2014-01-17', 1, 25200, 2, 1, 0, 64, 'По счету 004 от 16.01.14 за разработку дизайн-макета главной страницы сайта', 0, '2014-01-27 05:13:57', '0000-00-00 00:00:00', '0000-00-00 00:00:00'),
	(642, '2014-01-21', 1, 26250, 2, 1, 0, 26, 'Разработка мобильного приложения', 0, '2014-01-27 05:15:14', '0000-00-00 00:00:00', '0000-00-00 00:00:00'),
	(643, '2014-01-21', 1, 37500, 2, 1, 0, 25, 'Разработка сайта', 0, '2014-01-27 05:15:47', '0000-00-00 00:00:00', '0000-00-00 00:00:00'),
	(644, '2014-01-22', 1, 15855, 2, 5, 0, 47, 'За наполнение каталога продукции на сайте, дизайн и программную доработку.', 0, '2014-01-27 05:16:49', '0000-00-00 00:00:00', '0000-00-00 00:00:00'),
	(645, '2014-01-27', 1, 4000, 2, 5, 0, 14, 'Предоплата за обслуживание сайта www.sampak.ru по счету №207 от 25.12.2013', 0, '2014-01-27 05:17:58', '0000-00-00 00:00:00', '0000-00-00 00:00:00'),
	(646, '2014-01-24', -1, 60, 0, 0, 1, 0, 'Банковское обслуживание', 0, '2014-01-27 05:18:33', '0000-00-00 00:00:00', '0000-00-00 00:00:00'),
	(647, '2014-01-24', -1, 450, 0, 0, 13, 0, 'Печать визиток', 0, '2014-01-27 05:19:08', '0000-00-00 00:00:00', '0000-00-00 00:00:00'),
	(648, '2014-01-24', -1, 2562, 0, 0, 4, 0, 'Телефон + Интернет (Инфо Лада)', 0, '2014-01-27 05:19:46', '0000-00-00 00:00:00', '0000-00-00 00:00:00'),
	(649, '2014-01-24', -1, 7400, 0, 0, 12, 0, 'Оплата комунальных услуг по офису за декабрь', 0, '2014-01-27 05:20:45', '2014-01-27 05:22:48', '0000-00-00 00:00:00'),
	(650, '2014-01-24', -1, 12150, 0, 0, 7, 0, 'Покупка мебели', 0, '2014-01-27 05:21:34', '0000-00-00 00:00:00', '0000-00-00 00:00:00'),
	(651, '2014-01-22', -1, 450, 0, 0, 1, 0, 'Оплата за кассовое обслуживание', 0, '2014-01-27 05:24:34', '0000-00-00 00:00:00', '0000-00-00 00:00:00'),
	(652, '2014-01-22', -1, 6000, 0, 0, 12, 0, 'Аренда офиса (ноябрь 2013 г.) ИП Венкова', 0, '2014-01-27 05:29:22', '0000-00-00 00:00:00', '0000-00-00 00:00:00'),
	(653, '2014-01-27', 1, 10000, 1, 1, 0, 56, 'Разработка сайта (предоплата за дизайн)', 0, '2014-01-27 12:47:30', '0000-00-00 00:00:00', '0000-00-00 00:00:00'),
	(654, '2014-01-27', -1, 200, 0, 0, 11, 0, 'Такси на поездку на встречу с Лада Спорт', 0, '2014-01-27 13:44:20', '0000-00-00 00:00:00', '0000-00-00 00:00:00'),
	(655, '2014-01-29', -1, 5000, 0, 0, 2, 0, 'ЗП бухгалтера (декабрь 2013 г.)', 0, '2014-01-29 09:41:31', '2014-01-29 09:41:51', '0000-00-00 00:00:00'),
	(656, '2014-01-29', -1, 500, 0, 0, 8, 0, 'Бэкап про-отдыха', 0, '2014-01-29 09:42:28', '0000-00-00 00:00:00', '0000-00-00 00:00:00'),
	(657, '2014-01-29', -1, 150, 0, 0, 4, 0, 'Покупка второй телефонной линии', 0, '2014-01-30 05:16:17', '0000-00-00 00:00:00', '0000-00-00 00:00:00'),
	(658, '2014-01-31', 1, 12000, 2, 5, 0, 51, 'Предоплата за ежемесячное обслуживание и техническую поддержку сайта http://www.elbanking.ru/ за февраль 2014 г.', 0, '2014-02-03 09:05:09', '2014-05-08 12:00:16', '0000-00-00 00:00:00'),
	(659, '2014-02-03', -1, 450, 0, 0, 11, 0, 'Такси (встреча с Атлас + развоз документов)', 0, '2014-02-03 09:06:31', '0000-00-00 00:00:00', '0000-00-00 00:00:00'),
	(660, '2014-02-03', -1, 415, 0, 0, 1, 0, 'Банковское обслуживание', 0, '2014-02-05 06:37:18', '0000-00-00 00:00:00', '0000-00-00 00:00:00'),
	(661, '2014-02-03', -1, 2525, 0, 0, 6, 0, 'Пкупка телефона + аккумуляторов', 0, '2014-02-05 06:37:56', '2014-02-06 07:50:39', '0000-00-00 00:00:00'),
	(662, '2014-02-03', 1, 1000, 2, 4, 0, 13, 'Предоплата по счёту № 192 от 19.11.2013 г. за продление регистрации доменного имени подшипник-интер.рф в период с 11.11.2013 г. по 10.11.2014 г', 0, '2014-02-05 06:39:04', '0000-00-00 00:00:00', '0000-00-00 00:00:00'),
	(663, '2014-02-04', 1, 3000, 2, 5, 0, 11, 'счет 010 от 29.01.2014г за услуги по обслуживанию сайта www.megalada.com янв  2014г', 0, '2014-02-05 06:39:36', '0000-00-00 00:00:00', '0000-00-00 00:00:00'),
	(664, '2014-02-05', 1, 4000, 2, 5, 0, 13, 'Предоплата по счёту № 012 от 29.01.2014 г. за ежемесячное обслуживание сайта www.bearing-pi.ru за февраль 2014', 0, '2014-02-05 06:40:09', '0000-00-00 00:00:00', '0000-00-00 00:00:00'),
	(665, '2014-02-05', 1, 5000, 2, 5, 0, 32, 'Разработка рекламного блока на сайте www.tlhl.ru, сч N 9 от 29.01.2014', 0, '2014-02-05 06:44:14', '0000-00-00 00:00:00', '0000-00-00 00:00:00'),
	(666, '2014-02-17', -1, 3800, 0, 0, 11, 0, 'Наполнение каталога на сайте http://fk100.ru/ (Пронченкова Настя)', 0, '2014-02-06 07:49:28', '0000-00-00 00:00:00', '0000-00-00 00:00:00'),
	(667, '2014-02-06', -1, 200, 0, 0, 11, 0, 'Такси (поездка на встречу с ЛАДА Спорт)', 0, '2014-02-06 07:50:04', '2014-02-06 07:50:25', '0000-00-00 00:00:00'),
	(668, '2014-02-06', -1, 5000, 0, 0, 11, 0, 'Оплата рекрутинговому агентству ТАУ (за Никиту Шишкину)', 1, '2014-02-06 10:52:59', '2014-02-19 08:16:36', '2014-02-19 08:16:36'),
	(669, '2014-02-07', 1, 75200, 2, 1, 0, 64, 'По счету 013 от 04.02.14, предоплата за разработку сайта', 0, '2014-02-07 05:15:54', '0000-00-00 00:00:00', '0000-00-00 00:00:00'),
	(670, '2014-02-07', -1, 1000, 0, 0, 8, 0, 'Интернет Хостинг', 0, '2014-02-07 05:16:39', '0000-00-00 00:00:00', '0000-00-00 00:00:00'),
	(671, '2014-02-07', -1, 515, 0, 0, 1, 0, 'Плата за расчетное обслуживание за 2/2014', 0, '2014-02-07 05:17:12', '0000-00-00 00:00:00', '0000-00-00 00:00:00'),
	(672, '2014-02-10', -1, 65, 0, 0, 11, 0, 'Печать макета главной страницы для "Штанов"', 0, '2014-02-10 08:24:24', '0000-00-00 00:00:00', '0000-00-00 00:00:00'),
	(673, '2014-02-11', 1, 3000, 2, 6, 0, 8, 'Оплата по счету №006 от 22.01.14 г за ведение контекстной рекламы в Яндекс.Директ', 0, '2014-02-11 05:10:35', '0000-00-00 00:00:00', '0000-00-00 00:00:00'),
	(674, '2014-02-11', 1, 4000, 2, 3, 0, 6, 'Оплата по договору Договор № 3 от 21/04/12г. за услуги поиск.оптимиз. за январь 2014г', 0, '2014-02-11 05:11:18', '0000-00-00 00:00:00', '0000-00-00 00:00:00'),
	(675, '2014-02-12', -1, 12650, 0, 0, 3, 0, 'Налоги за январь 2014', 0, '2014-02-12 05:13:17', '0000-00-00 00:00:00', '0000-00-00 00:00:00'),
	(676, '2014-02-13', 1, 47190, 2, 1, 0, 39, 'Оплата 50% по счету 185 от 05.11.2013 за программирование портала "Автобитва"', 0, '2014-02-13 05:27:12', '0000-00-00 00:00:00', '0000-00-00 00:00:00'),
	(677, '2014-02-13', 1, 3000, 2, 6, 0, 8, 'Оплата по счету №017 от 11.02.14 г за ведение контекстной рекламы в Яндекс.Директ', 0, '2014-02-13 05:27:57', '0000-00-00 00:00:00', '0000-00-00 00:00:00'),
	(678, '2014-02-13', 1, 13000, 2, 5, 0, 40, 'Часть оплаты за программистов за январь', 0, '2014-02-13 05:29:43', '0000-00-00 00:00:00', '0000-00-00 00:00:00'),
	(679, '2014-02-18', 1, 18300, 1, 5, 0, 40, 'Остатки + хостинг', 0, '2014-02-18 09:20:58', '0000-00-00 00:00:00', '0000-00-00 00:00:00'),
	(680, '2014-02-18', 1, 22000, 2, 5, 0, 67, 'Предоплата за разработку личного кабинета', 0, '2014-02-18 09:21:42', '0000-00-00 00:00:00', '0000-00-00 00:00:00'),
	(681, '2014-02-18', -1, 215, 0, 0, 7, 0, 'Покупка стула (доплата)', 0, '2014-02-18 10:17:11', '0000-00-00 00:00:00', '0000-00-00 00:00:00'),
	(682, '2014-02-14', -1, 6800, 0, 0, 8, 0, 'Интернет-Хостинг', 0, '2014-02-18 10:18:08', '0000-00-00 00:00:00', '0000-00-00 00:00:00'),
	(683, '2014-02-18', -1, 700, 0, 0, 1, 0, 'Плата за кассовое обслуживание', 0, '2014-02-18 10:18:42', '0000-00-00 00:00:00', '0000-00-00 00:00:00'),
	(684, '2014-02-18', -1, 400, 0, 0, 7, 0, 'Хоз. нужды', 0, '2014-02-18 14:00:18', '0000-00-00 00:00:00', '0000-00-00 00:00:00'),
	(685, '2014-02-19', 1, 3000, 2, 6, 0, 55, 'Оплата по счету N 002 от 09.02.2014г. за ведение контекстно й рекламы в Яндекс', 0, '2014-02-19 05:25:51', '2014-02-19 05:26:00', '0000-00-00 00:00:00'),
	(686, '2014-02-19', 1, 4000, 2, 5, 0, 37, 'Предоплата за внесение доработок в функционал сайта согласно счета № 18 от 13.02.14', 0, '2014-02-19 05:26:41', '0000-00-00 00:00:00', '0000-00-00 00:00:00'),
	(687, '2014-02-19', -1, 600, 0, 0, 9, 0, 'Чай, конфеты/печеньки, одноразовая посуда', 0, '2014-02-19 08:15:09', '2014-02-20 10:32:06', '0000-00-00 00:00:00'),
	(688, '2014-02-20', -1, 150, 0, 0, 8, 0, 'Регистрация доменного имени www.praktikd.ru', 0, '2014-02-20 10:38:40', '0000-00-00 00:00:00', '0000-00-00 00:00:00'),
	(689, '2014-02-20', 1, 11000, 1, 1, 0, 56, 'Оплата за разработку дизайна сайта', 0, '2014-02-20 13:35:47', '0000-00-00 00:00:00', '0000-00-00 00:00:00'),
	(690, '2014-02-21', 1, 4600, 2, 5, 0, 32, 'Оплата от Фадина', 0, '2014-02-21 05:31:32', '0000-00-00 00:00:00', '0000-00-00 00:00:00'),
	(691, '2014-02-21', -1, 1000, 0, 0, 5, 0, 'Уборка офиса (январь 2014 г.)', 0, '2014-02-21 05:31:48', '0000-00-00 00:00:00', '0000-00-00 00:00:00'),
	(692, '2014-02-21', -1, 6000, 0, 0, 2, 0, 'Плата бухгалтеру', 0, '2014-02-21 05:32:14', '0000-00-00 00:00:00', '0000-00-00 00:00:00'),
	(693, '2014-02-14', -1, 1400, 0, 0, 7, 0, 'Ремонт офиса', 0, '2014-02-21 05:49:07', '0000-00-00 00:00:00', '0000-00-00 00:00:00'),
	(694, '2014-02-27', 1, 3500, 1, 1, 0, 61, 'Установка CMS на сайте "Унты"', 0, '2014-02-27 14:13:59', '0000-00-00 00:00:00', '0000-00-00 00:00:00'),
	(695, '2014-02-28', 1, 4000, 2, 5, 0, 14, 'Предоплата за обслуживание сайта www.sampak.ru по счету №011 от 29.01.2014', 0, '2014-02-28 05:27:41', '0000-00-00 00:00:00', '0000-00-00 00:00:00'),
	(696, '2014-02-27', 1, 14500, 1, 1, 0, 56, 'Предоплата 100% за разработку доп. модулей на сайте', 0, '2014-03-03 10:45:57', '0000-00-00 00:00:00', '0000-00-00 00:00:00'),
	(697, '2014-03-03', 1, 110000, 1, 1, 0, 68, 'Предоплата за разработку приложения', 0, '2014-03-03 10:55:30', '0000-00-00 00:00:00', '0000-00-00 00:00:00'),
	(698, '2014-03-03', -1, 500, 0, 0, 11, 0, 'Оплата такси (развоз документов)', 0, '2014-03-03 12:36:07', '0000-00-00 00:00:00', '0000-00-00 00:00:00'),
	(699, '2014-03-04', -1, 550, 0, 0, 9, 0, 'Чай, конфеты', 0, '2014-03-04 11:02:42', '0000-00-00 00:00:00', '0000-00-00 00:00:00'),
	(700, '2014-03-05', 1, 22500, 1, 5, 0, 40, 'Часть оплаты за программистов за февраль', 0, '2014-03-05 09:05:50', '0000-00-00 00:00:00', '0000-00-00 00:00:00'),
	(701, '2014-03-05', -1, 2000, 0, 0, 4, 0, 'Оплата московского номера телефона', 0, '2014-03-05 09:09:34', '2014-03-05 09:23:19', '0000-00-00 00:00:00'),
	(702, '2014-03-05', 1, 5000, 2, 5, 0, 65, 'Размещение банера на tlhl.ru', 0, '2014-03-05 09:40:47', '0000-00-00 00:00:00', '0000-00-00 00:00:00'),
	(703, '2014-03-06', 1, 6105, 2, 3, 0, 6, 'за услуги поиск.оптимиз. за февраль по счету №024 от 03/03/14г', 0, '2014-03-06 07:54:27', '0000-00-00 00:00:00', '0000-00-00 00:00:00'),
	(704, '2014-03-06', 1, 8800, 2, 5, 0, 40, 'Остаток + хостинг', 0, '2014-03-06 11:22:24', '0000-00-00 00:00:00', '0000-00-00 00:00:00'),
	(705, '2014-03-06', -1, 3000, 0, 0, 9, 0, 'Празднование 8 марта', 0, '2014-03-11 10:24:23', '2014-03-11 10:24:39', '0000-00-00 00:00:00'),
	(706, '2014-03-10', -1, 1000, 0, 0, 4, 0, 'Интернет (АИСТ)', 0, '2014-03-11 10:25:32', '0000-00-00 00:00:00', '0000-00-00 00:00:00'),
	(707, '2014-03-07', -1, 1000, 0, 0, 9, 0, 'Планерка в Sterling Pub', 0, '2014-03-11 10:26:13', '0000-00-00 00:00:00', '0000-00-00 00:00:00'),
	(708, '2014-03-07', -1, 7800, 0, 0, 8, 0, 'Оплата хостинга', 0, '2014-03-12 05:18:40', '0000-00-00 00:00:00', '0000-00-00 00:00:00'),
	(709, '2014-03-11', -1, 500, 0, 0, 1, 0, 'Банковское обслуживание', 0, '2014-03-12 05:19:50', '0000-00-00 00:00:00', '0000-00-00 00:00:00'),
	(710, '2014-03-12', -1, 1100, 0, 0, 11, 0, 'Налоги за Артемьева', 0, '2014-03-12 05:20:26', '0000-00-00 00:00:00', '0000-00-00 00:00:00'),
	(711, '2014-03-13', 1, 4000, 2, 5, 0, 14, 'Предоплата за обслуживание сайта www.sampak.ru по счету №021 от 03.03.2014', 0, '2014-03-13 06:27:59', '0000-00-00 00:00:00', '0000-00-00 00:00:00'),
	(712, '2014-03-11', 1, 83000, 1, 1, 0, 68, 'Предоплата за разработку мобильного приложения', 0, '2014-03-13 06:28:56', '0000-00-00 00:00:00', '0000-00-00 00:00:00'),
	(713, '2014-03-11', -1, 5300, 0, 0, 2, 0, 'ЗП бухгалтера (февраль 2014 г.) + подарок на 8 марта', 0, '2014-03-13 11:20:47', '0000-00-00 00:00:00', '0000-00-00 00:00:00'),
	(714, '2014-03-13', -1, 800, 0, 0, 13, 0, 'Размещение вакансиив газете "Есть работа"', 0, '2014-03-13 11:21:42', '0000-00-00 00:00:00', '0000-00-00 00:00:00'),
	(715, '2014-03-14', 1, 3500, 1, 1, 0, 61, 'Программная разработка сайта http://unti-sibiri.ru/', 0, '2014-03-17 08:52:56', '0000-00-00 00:00:00', '0000-00-00 00:00:00'),
	(716, '2014-03-14', 1, 2600, 1, 4, 0, 61, 'Оплата хостинга для сайта http://unti-sibiri.ru/', 0, '2014-03-17 08:53:32', '0000-00-00 00:00:00', '0000-00-00 00:00:00'),
	(717, '2014-03-17', -1, 600, 0, 0, 8, 0, 'Регистрация домена www.youshop.pro', 0, '2014-03-17 08:55:37', '0000-00-00 00:00:00', '0000-00-00 00:00:00'),
	(718, '2014-03-17', -1, 1000, 0, 0, 10, 0, 'Оплата тестового задания Леоновой Люде', 0, '2014-03-17 14:56:39', '0000-00-00 00:00:00', '0000-00-00 00:00:00'),
	(719, '2014-03-18', 1, 8500, 2, 1, 0, 71, 'Оплата Кузнецову', 0, '2014-03-21 05:18:14', '0000-00-00 00:00:00', '0000-00-00 00:00:00'),
	(720, '2014-03-21', 1, 3000, 2, 6, 0, 8, 'Оплата по счету №030 от 18.03.14 г за ведение контекстной рекламы в Яндекс.Директ', 0, '2014-03-21 05:18:59', '0000-00-00 00:00:00', '0000-00-00 00:00:00'),
	(721, '2014-03-21', 1, 24000, 2, 2, 0, 252, 'оплата по счету 031 от 19.03.2014 г. предоплата 50% за доработку системы http://feedback.rosinter.ru/', 0, '2014-03-21 05:19:37', '0000-00-00 00:00:00', '0000-00-00 00:00:00'),
	(722, '2014-03-21', 1, 4600, 1, 4, 0, 53, 'Перенос + продление домена + хостинг', 0, '2014-03-21 05:20:56', '0000-00-00 00:00:00', '0000-00-00 00:00:00'),
	(723, '2014-03-17', -1, 7600, 0, 0, 3, 0, 'УИН0///  ПФР страховые пенсионные взносы рег. № 077-011-117094', 0, '2014-03-21 05:21:49', '0000-00-00 00:00:00', '0000-00-00 00:00:00'),
	(724, '2014-03-21', -1, 4940, 0, 0, 3, 0, 'УИН0/// НДФЛ', 0, '2014-03-21 05:23:12', '0000-00-00 00:00:00', '0000-00-00 00:00:00'),
	(725, '2014-03-17', -1, 100, 0, 0, 3, 0, 'УИН0/// ФСС НС и травматизм, за февраль 2014 года, рег. № 6310032846', 0, '2014-03-21 05:23:45', '0000-00-00 00:00:00', '0000-00-00 00:00:00'),
	(726, '2014-03-20', -1, 6000, 0, 0, 12, 0, 'Оплата за аренду офиса, в период с 01.01.14 по 31.01.14, сумма 6000 рублей, НДС не облагается.', 0, '2014-03-21 05:24:47', '0000-00-00 00:00:00', '0000-00-00 00:00:00'),
	(727, '2014-03-21', -1, 8000, 0, 0, 12, 0, 'Оплата за аренду офиса, в период с 01.02.14 по 28.02.14, сумма 8000 рублей, НДС не облагается.', 0, '2014-03-21 05:25:23', '0000-00-00 00:00:00', '0000-00-00 00:00:00'),
	(728, '2014-03-24', -1, 9770, 0, 0, 3, 0, 'УСН 6%', 0, '2014-03-24 09:58:33', '0000-00-00 00:00:00', '0000-00-00 00:00:00'),
	(729, '2014-03-10', -1, 1000, 0, 0, 5, 0, 'Уборка офиса (февраль 2014 г.)', 0, '2014-03-24 11:11:00', '0000-00-00 00:00:00', '0000-00-00 00:00:00'),
	(730, '2014-03-25', 1, 12000, 2, 5, 0, 51, 'Предоплата по сч. 034 от 20/03/2014 г. за ежемесячное обслуживание и техническую поддержку сайта http://www.elbanking.ru/ за март 2014 г.', 0, '2014-03-25 05:35:00', '0000-00-00 00:00:00', '0000-00-00 00:00:00'),
	(731, '2014-03-25', -1, 1000, 0, 0, 9, 0, 'Канцтовары + кофе', 0, '2014-03-27 10:14:23', '0000-00-00 00:00:00', '0000-00-00 00:00:00'),
	(732, '2014-03-26', -1, 300, 0, 0, 11, 0, 'Оплата такси (поездка на "Винзавод")', 0, '2014-03-27 10:15:11', '0000-00-00 00:00:00', '0000-00-00 00:00:00'),
	(733, '2014-04-01', 1, 21750, 2, 1, 0, 61, 'Предоплата за создание сайта Mfarm', 0, '2014-04-01 07:57:44', '0000-00-00 00:00:00', '0000-00-00 00:00:00'),
	(734, '2014-04-01', 1, 25000, 2, 3, 0, 40, 'Оплата за март (деньги на продвижение сайта)', 0, '2014-04-01 07:59:25', '0000-00-00 00:00:00', '0000-00-00 00:00:00'),
	(735, '2014-04-01', 1, 6300, 2, 4, 0, 40, 'Оплата за хостинг', 0, '2014-04-01 07:59:58', '0000-00-00 00:00:00', '0000-00-00 00:00:00'),
	(736, '2014-03-31', -1, 8000, 0, 0, 12, 0, 'Оплата за аренду офиса, в период с 01.03.14 по 31.03.14, сумма 8000 рублей, НДС не облагается.', 0, '2014-04-01 08:04:43', '2014-04-01 08:07:42', '0000-00-00 00:00:00'),
	(737, '2014-03-31', -1, 6751, 0, 0, 5, 0, 'За передачу коммунальных услуг за март 2014 г., сумма 6751-00, НДС не предусмотрен.', 0, '2014-04-01 08:05:45', '2014-04-01 08:07:57', '0000-00-00 00:00:00'),
	(738, '2014-03-31', -1, 8079, 0, 0, 5, 0, 'За передачу коммунальных услуг по счету №17 от 10 марта 2014 г., НДС не предусмотрен.', 0, '2014-04-01 08:06:23', '2014-04-01 08:08:12', '0000-00-00 00:00:00'),
	(739, '2014-04-01', -1, 400, 0, 0, 1, 0, 'Плата за обслуживание по системе Банк-Клиент за апрель 2014 года', 0, '2014-04-01 08:06:53', '0000-00-00 00:00:00', '0000-00-00 00:00:00'),
	(740, '2014-03-31', 1, 10000, 1, 1, 0, 32, 'Поступление от Фадина', 0, '2014-04-01 08:35:45', '0000-00-00 00:00:00', '0000-00-00 00:00:00'),
	(741, '2014-04-01', -1, 200, 0, 0, 11, 0, 'Конверты и марки', 0, '2014-04-01 11:40:50', '0000-00-00 00:00:00', '0000-00-00 00:00:00'),
	(742, '2014-04-02', -1, 1550, 0, 0, 9, 0, 'Чай, конфеты, печеньки', 0, '2014-04-02 11:14:13', '2014-04-04 06:52:50', '0000-00-00 00:00:00'),
	(743, '2014-04-01', 1, 100400, 2, 1, 0, 64, 'По счету 039 от 28.03.14 за разработку сайтаСумма 100400-00Без налога (НДС)', 0, '2014-04-03 05:22:26', '0000-00-00 00:00:00', '0000-00-00 00:00:00'),
	(744, '2014-04-01', 1, 6000, 2, 5, 0, 11, 'счета 023,041 от 03-31.03.2014г, за услуги по обслуживанию сайта www.megalada.com фев-март 2014г Сумма 6000-00 Без налога (НДС)', 0, '2014-04-03 05:23:05', '0000-00-00 00:00:00', '0000-00-00 00:00:00'),
	(745, '2014-04-02', 1, 4000, 2, 5, 0, 13, 'Предоплата по счёту № 043 от 31.03.2014 г. за ежемесячное обслуживание сайта www.bearing-pi.ru за апрель 2014 г.Сумма 4000-00Без налога (НДС)', 0, '2014-04-03 05:23:43', '0000-00-00 00:00:00', '0000-00-00 00:00:00'),
	(746, '2014-04-02', 1, 4979, 2, 3, 0, 6, 'Оплата по договору Договор № 3 от 21/04/12г. за услуги поиск.оптимиз. за март по счету №045 от 31/03/14г.', 0, '2014-04-03 05:24:35', '0000-00-00 00:00:00', '0000-00-00 00:00:00'),
	(747, '2014-04-04', 1, 12000, 2, 5, 0, 51, 'Предоплата по сч. 042 от 31/03/2014 г. за ежемесячное обслуживание и техническую поддержку сайта http://www.elbanking.ru/ за апрель 2014', 0, '2014-04-04 06:55:21', '0000-00-00 00:00:00', '0000-00-00 00:00:00'),
	(748, '2014-04-04', -1, 7800, 0, 0, 8, 0, 'Оплата счёта 736370 от 04.04.2014 за услуги хостинга по аккаунту a107743.', 0, '2014-04-07 11:49:22', '0000-00-00 00:00:00', '0000-00-00 00:00:00'),
	(749, '2014-04-07', 1, 4000, 2, 5, 0, 14, 'Предоплата за обслуживание сайта www.sampak.ru по счету №044 от 31.03.2014 Сумма 4000-00', 0, '2014-04-07 11:50:42', '0000-00-00 00:00:00', '0000-00-00 00:00:00'),
	(750, '2014-04-07', 1, 60175, 2, 1, 0, 72, 'Предоплата (50%) по сч №029 от 14.03.14 за  разработку сайта', 0, '2014-04-07 11:51:48', '0000-00-00 00:00:00', '0000-00-00 00:00:00'),
	(751, '2014-04-07', -1, 500, 0, 0, 1, 0, 'Плата за расчетное обслуживание за 4/2014', 0, '2014-04-07 11:52:15', '0000-00-00 00:00:00', '0000-00-00 00:00:00'),
	(752, '2014-04-08', 1, 49380, 2, 1, 0, 39, 'плата по счету 026 от 06.03.2014 за программирование портала "Автобитва" Cумма 49380-00', 0, '2014-04-08 05:15:46', '0000-00-00 00:00:00', '0000-00-00 00:00:00'),
	(753, '2014-04-09', 1, 4000, 2, 5, 0, 13, 'Предоплата по счёту № 022 от 03.03.2014 г. за ежемесячное обслуживание сайта www.bearing-pi.ru за март 2014', 0, '2014-04-09 05:29:24', '0000-00-00 00:00:00', '0000-00-00 00:00:00'),
	(754, '2014-04-10', 1, 2600, 2, 4, 0, 15, 'За размещение сайта по счету 036 от 27.03.14 НДС не облагается.', 0, '2014-04-10 05:20:01', '0000-00-00 00:00:00', '0000-00-00 00:00:00'),
	(755, '2014-04-11', -1, 10000, 0, 0, 13, 0, 'Продвижение сайта Про-отдых', 0, '2014-04-11 05:09:23', '0000-00-00 00:00:00', '0000-00-00 00:00:00'),
	(756, '2014-03-27', 1, 45000, 2, 1, 0, 39, 'Олата за программирование портала "Автобитва"', 0, '2014-04-11 13:45:25', '0000-00-00 00:00:00', '0000-00-00 00:00:00'),
	(757, '2014-04-16', -1, 1000, 0, 0, 5, 0, 'Уборка офиса (март 2014 г.)', 0, '2014-04-16 14:33:48', '0000-00-00 00:00:00', '0000-00-00 00:00:00'),
	(758, '2014-04-10', -1, 1000, 0, 0, 9, 0, 'Встреча с дизайнером в Sterling Pub', 0, '2014-04-16 14:34:21', '2014-04-16 14:37:52', '0000-00-00 00:00:00'),
	(759, '2014-04-16', -1, 200, 0, 0, 11, 0, 'Оплата такси (поездка в Лада Спорт)', 0, '2014-04-16 14:35:32', '0000-00-00 00:00:00', '0000-00-00 00:00:00'),
	(760, '2014-04-17', -1, 5000, 0, 0, 2, 0, 'ЗП бухгалтера (март 2014 г.)', 0, '2014-04-16 14:36:59', '0000-00-00 00:00:00', '0000-00-00 00:00:00'),
	(761, '2014-04-11', -1, 10000, 0, 0, 13, 0, 'Продвижение сайта Про-отдых', 1, '2014-04-17 05:35:37', '2014-04-17 05:36:46', '2014-04-17 05:36:46'),
	(762, '2014-04-14', -1, 730, 0, 0, 6, 0, 'Покупка наушников для Тони', 0, '2014-04-17 05:37:34', '0000-00-00 00:00:00', '0000-00-00 00:00:00'),
	(763, '2014-04-15', 1, 22000, 2, 2, 0, 67, 'Доработка сайта', 0, '2014-04-17 05:38:18', '0000-00-00 00:00:00', '0000-00-00 00:00:00'),
	(764, '2014-04-18', -1, 2950, 0, 0, 6, 0, 'Покупка монитора для Кости', 0, '2014-04-21 05:08:38', '0000-00-00 00:00:00', '0000-00-00 00:00:00'),
	(765, '2014-04-18', -1, 3000, 0, 0, 11, 0, 'Благотворительность', 0, '2014-04-21 05:09:07', '0000-00-00 00:00:00', '0000-00-00 00:00:00'),
	(766, '2014-04-21', 1, 18000, 1, 1, 0, 68, 'Разработка лэндинга', 0, '2014-04-21 13:29:07', '0000-00-00 00:00:00', '0000-00-00 00:00:00'),
	(767, '2014-04-21', 1, 20000, 1, 1, 0, 869, 'Программирование сайта', 0, '2014-04-21 13:31:18', '0000-00-00 00:00:00', '0000-00-00 00:00:00'),
	(768, '2014-04-22', 1, 25000, 2, 1, 0, 45, 'Оплата по счету 046 от 14.04.2014  г. за создание сайта.Сумма 25000-00Без налога (НДС)', 0, '2014-04-22 06:37:37', '0000-00-00 00:00:00', '0000-00-00 00:00:00'),
	(769, '2014-04-24', -1, 250, 0, 0, 4, 0, 'Оплата звонков по Skype', 0, '2014-04-24 08:53:14', '0000-00-00 00:00:00', '0000-00-00 00:00:00'),
	(770, '2014-04-24', -1, 200, 0, 0, 11, 0, 'Покупка канцтоваров', 0, '2014-04-24 08:54:41', '0000-00-00 00:00:00', '0000-00-00 00:00:00'),
	(771, '2014-04-24', -1, 8000, 0, 0, 12, 0, 'Аренда за апрель 2014', 0, '2014-04-28 05:10:39', '0000-00-00 00:00:00', '0000-00-00 00:00:00'),
	(772, '2014-04-25', -1, 6500, 0, 0, 5, 0, 'Оплата коммунальных платежей', 0, '2014-04-28 05:11:22', '0000-00-00 00:00:00', '0000-00-00 00:00:00'),
	(773, '2014-04-28', -1, 1000, 0, 0, 9, 0, 'Чай, конфеты, печеньки', 0, '2014-04-28 12:59:09', '0000-00-00 00:00:00', '0000-00-00 00:00:00'),
	(774, '2014-04-28', -1, 5980, 0, 0, 11, 0, 'Оплата в М.Видео (в счет зп Кузнецова)', 0, '2014-04-30 05:05:22', '0000-00-00 00:00:00', '0000-00-00 00:00:00'),
	(775, '2014-04-28', -1, 9640, 0, 0, 4, 0, 'Инфо-Лада (март)', 0, '2014-04-30 05:05:59', '0000-00-00 00:00:00', '0000-00-00 00:00:00'),
	(776, '2014-04-30', -1, 60, 0, 0, 1, 0, 'За расчетное обслуживание', 0, '2014-04-30 05:06:36', '0000-00-00 00:00:00', '0000-00-00 00:00:00'),
	(777, '2014-04-24', 1, 3000, 2, 6, 0, 8, 'Оплата по счету №047 от 24.04.14 г за ведение контекстной рекламы в Яндекс.Директ', 0, '2014-04-30 05:08:12', '0000-00-00 00:00:00', '0000-00-00 00:00:00'),
	(778, '2014-04-29', 1, 4000, 2, 5, 0, 13, 'Предоплата по счёту № 052 от 30.04.2014 г. за ежемесячное обслуживание сайта www.bearing-pi.ru за май 2014', 0, '2014-04-30 05:09:26', '2014-04-30 05:10:13', '0000-00-00 00:00:00'),
	(779, '2014-04-30', 1, 12000, 2, 2, 0, 51, 'Предоплата по сч. 053 от 30/04/2014 г. за ежемесячное обслуживание и техническую поддержку сайта http://www.elbanking.ru/ за май 2014 г', 0, '2014-04-30 05:10:04', '0000-00-00 00:00:00', '0000-00-00 00:00:00'),
	(780, '2014-05-05', 1, 5075, 2, 3, 0, 6, 'Оплата по договору Договор № 3 от 21/04/12г. за услуги поиск.оптимиз. за апрель по счету №055 от 29/04/14г', 0, '2014-05-08 06:32:00', '0000-00-00 00:00:00', '0000-00-00 00:00:00'),
	(781, '2014-05-06', 1, 4500, 2, 2, 0, 37, 'Разработка формы обратной связи согласно счета № 56 от 05.05.14 г', 0, '2014-05-08 06:33:02', '0000-00-00 00:00:00', '0000-00-00 00:00:00'),
	(782, '2014-05-05', -1, 12375, 0, 0, 3, 0, 'Налоги', 0, '2014-05-08 06:34:27', '0000-00-00 00:00:00', '0000-00-00 00:00:00'),
	(783, '2014-05-08', -1, 8000, 0, 0, 8, 0, 'Хостинг', 0, '2014-05-08 06:34:52', '0000-00-00 00:00:00', '0000-00-00 00:00:00'),
	(784, '2014-05-08', -1, 850, 0, 0, 4, 0, 'Интернет (АИСТ)', 0, '2014-05-08 11:34:41', '0000-00-00 00:00:00', '0000-00-00 00:00:00'),
	(785, '2014-05-13', 1, 3000, 2, 5, 0, 11, 'счет 054 от 30.04.2014г, за услуги по обслуживанию сайта www.megalada.com за апрель 2014г', 0, '2014-05-13 08:15:45', '0000-00-00 00:00:00', '0000-00-00 00:00:00'),
	(786, '2014-05-19', 1, 50750, 2, 1, 0, 291, 'платеж 70% по счету №057 от 15 мая 2014 года за разработку сайта МФарм (остаток ХХХ руб)', 0, '2014-05-19 07:08:20', '0000-00-00 00:00:00', '0000-00-00 00:00:00'),
	(787, '2014-05-19', 1, 61250, 2, 1, 0, 516, 'оплата по сч  058 от 12 мая 2014года предоплата за разработку сайта', 0, '2014-05-19 07:09:11', '0000-00-00 00:00:00', '0000-00-00 00:00:00'),
	(788, '2014-05-19', -1, 5000, 0, 0, 2, 0, 'ЗП бухгалтера (апрель 2014 г.)', 0, '2014-05-20 07:17:28', '0000-00-00 00:00:00', '0000-00-00 00:00:00'),
	(789, '2014-05-19', -1, 1000, 0, 0, 5, 0, 'Уборка офиса (апрель 2014 г.)', 0, '2014-05-20 07:19:09', '0000-00-00 00:00:00', '0000-00-00 00:00:00'),
	(790, '2014-05-13', -1, 500, 0, 0, 4, 0, 'Оплата звонков по Skype', 0, '2014-05-20 07:21:52', '0000-00-00 00:00:00', '0000-00-00 00:00:00'),
	(791, '2014-06-04', -1, 500, 0, 0, 12, 0, 'Чай', 0, '2014-06-05 05:39:38', '0000-00-00 00:00:00', '0000-00-00 00:00:00'),
	(792, '2014-06-04', -1, 5800, 0, 0, 8, 0, 'Хостинг', 0, '2014-06-05 05:40:10', '0000-00-00 00:00:00', '0000-00-00 00:00:00'),
	(793, '2014-06-04', 1, 4500, 1, 1, 0, 291, 'Остаток денег бросили на карту', 0, '2014-06-05 05:45:25', '0000-00-00 00:00:00', '0000-00-00 00:00:00'),
	(794, '2014-06-03', 1, 5000, 1, 2, 0, 1237, 'Предоплата за доработку модуля "Вопрос-ответ"', 0, '2014-06-05 05:48:09', '0000-00-00 00:00:00', '0000-00-00 00:00:00'),
	(795, '2014-06-05', 1, 4000, 2, 5, 0, 14, 'Предоплата за обслуживание сайта www.sampak.ru по счету №062 от 30.05.2014', 0, '2014-06-05 05:50:29', '0000-00-00 00:00:00', '0000-00-00 00:00:00'),
	(796, '2014-06-05', 1, 4000, 2, 5, 0, 13, 'Предоплата по счёту № 063 от 30.05.2014 г. за ежемесячное обслуживание сайта www.bearing-pi.ru за июнь 2014 г', 0, '2014-06-05 05:51:04', '0000-00-00 00:00:00', '0000-00-00 00:00:00');
/*!40000 ALTER TABLE `crm_notes` ENABLE KEYS */;


-- Дамп структуры для таблица gildiya.crm.crm_notes_categories
CREATE TABLE IF NOT EXISTS `crm_notes_categories` (
  `id` int(11) NOT NULL AUTO_INCREMENT,
  `direction` int(11) NOT NULL,
  `title` varchar(100) NOT NULL,
  `is_delete` tinyint(1) NOT NULL DEFAULT '0',
  `insert_time` timestamp NOT NULL DEFAULT CURRENT_TIMESTAMP,
  `update_time` timestamp NOT NULL DEFAULT '0000-00-00 00:00:00',
  `delete_time` timestamp NOT NULL DEFAULT '0000-00-00 00:00:00',
  `sort` int(11) NOT NULL DEFAULT '0',
  PRIMARY KEY (`id`)
) ENGINE=MyISAM AUTO_INCREMENT=8 DEFAULT CHARSET=utf8;

-- Дамп данных таблицы gildiya.crm.crm_notes_categories: 7 rows
/*!40000 ALTER TABLE `crm_notes_categories` DISABLE KEYS */;
INSERT INTO `crm_notes_categories` (`id`, `direction`, `title`, `is_delete`, `insert_time`, `update_time`, `delete_time`, `sort`) VALUES
	(1, -1, 'Разработка сайтов', 0, '2012-12-12 09:28:14', '0000-00-00 00:00:00', '0000-00-00 00:00:00', 0),
	(2, -1, 'Доработка', 0, '2012-12-12 09:29:05', '0000-00-00 00:00:00', '0000-00-00 00:00:00', 1),
	(3, -1, 'Продвижение', 0, '2012-12-12 09:29:25', '0000-00-00 00:00:00', '0000-00-00 00:00:00', 2),
	(4, -1, 'Домены и хостинг', 0, '2012-12-12 09:29:41', '0000-00-00 00:00:00', '0000-00-00 00:00:00', 3),
	(5, -1, 'Обслуживание', 0, '2013-03-13 12:24:12', '0000-00-00 00:00:00', '0000-00-00 00:00:00', 0),
	(6, -1, 'Контекстная реклама', 0, '2013-03-13 12:25:08', '0000-00-00 00:00:00', '0000-00-00 00:00:00', 0),
	(7, -1, 'Фирменный стиль', 0, '2013-03-15 10:46:07', '0000-00-00 00:00:00', '0000-00-00 00:00:00', 0);
/*!40000 ALTER TABLE `crm_notes_categories` ENABLE KEYS */;


-- Дамп структуры для таблица gildiya.crm.crm_notes_cost_types
CREATE TABLE IF NOT EXISTS `crm_notes_cost_types` (
  `id` int(11) NOT NULL AUTO_INCREMENT,
  `title` varchar(255) NOT NULL,
  PRIMARY KEY (`id`)
) ENGINE=MyISAM AUTO_INCREMENT=3 DEFAULT CHARSET=utf8;

-- Дамп данных таблицы gildiya.crm.crm_notes_cost_types: 2 rows
/*!40000 ALTER TABLE `crm_notes_cost_types` DISABLE KEYS */;
INSERT INTO `crm_notes_cost_types` (`id`, `title`) VALUES
	(1, 'Наличные'),
	(2, 'Безналичные');
/*!40000 ALTER TABLE `crm_notes_cost_types` ENABLE KEYS */;


-- Дамп структуры для таблица gildiya.crm.crm_notes_types
CREATE TABLE IF NOT EXISTS `crm_notes_types` (
  `id` int(11) NOT NULL AUTO_INCREMENT,
  `title` varchar(255) NOT NULL,
  `is_delete` tinyint(1) NOT NULL DEFAULT '0',
  `insert_time` timestamp NOT NULL DEFAULT CURRENT_TIMESTAMP,
  `update_time` timestamp NOT NULL DEFAULT '0000-00-00 00:00:00',
  `delete_time` timestamp NOT NULL DEFAULT '0000-00-00 00:00:00',
  PRIMARY KEY (`id`)
) ENGINE=MyISAM AUTO_INCREMENT=14 DEFAULT CHARSET=utf8;

-- Дамп данных таблицы gildiya.crm.crm_notes_types: 13 rows
/*!40000 ALTER TABLE `crm_notes_types` DISABLE KEYS */;
INSERT INTO `crm_notes_types` (`id`, `title`, `is_delete`, `insert_time`, `update_time`, `delete_time`) VALUES
	(1, 'Банковское обслуживание', 0, '2013-07-21 06:16:22', '0000-00-00 00:00:00', '0000-00-00 00:00:00'),
	(2, 'Расходы на бухгалтера', 0, '2013-07-21 06:16:34', '0000-00-00 00:00:00', '0000-00-00 00:00:00'),
	(3, 'Налоги', 0, '2013-07-21 06:16:40', '0000-00-00 00:00:00', '0000-00-00 00:00:00'),
	(4, 'Интернет и телефон', 0, '2013-07-21 06:16:46', '0000-00-00 00:00:00', '0000-00-00 00:00:00'),
	(5, 'Коммунальные платежи', 0, '2013-07-21 06:16:55', '0000-00-00 00:00:00', '0000-00-00 00:00:00'),
	(6, 'Техника и ПО', 0, '2013-07-21 06:17:01', '0000-00-00 00:00:00', '0000-00-00 00:00:00'),
	(7, 'Обусторойство офиса', 0, '2013-07-21 06:17:12', '0000-00-00 00:00:00', '0000-00-00 00:00:00'),
	(8, 'Домены и хостинг', 0, '2013-07-21 06:17:17', '0000-00-00 00:00:00', '0000-00-00 00:00:00'),
	(9, 'Еда и напитки', 0, '2013-07-21 06:17:25', '0000-00-00 00:00:00', '0000-00-00 00:00:00'),
	(10, 'Агентские', 0, '2013-07-21 06:17:33', '0000-00-00 00:00:00', '0000-00-00 00:00:00'),
	(11, 'Другое', 0, '2013-07-21 06:17:38', '0000-00-00 00:00:00', '0000-00-00 00:00:00'),
	(12, 'Аренда офиса', 0, '2013-07-24 08:35:24', '0000-00-00 00:00:00', '0000-00-00 00:00:00'),
	(13, 'Реклама', 0, '2013-07-24 09:46:52', '0000-00-00 00:00:00', '0000-00-00 00:00:00');
/*!40000 ALTER TABLE `crm_notes_types` ENABLE KEYS */;


-- Дамп структуры для таблица gildiya.crm.crm_positions
CREATE TABLE IF NOT EXISTS `crm_positions` (
  `id` int(11) NOT NULL AUTO_INCREMENT,
  `title` varchar(255) NOT NULL,
  `title_for_department` varchar(255) NOT NULL,
  `required_count` int(11) NOT NULL DEFAULT '0',
  `max_count` int(11) NOT NULL DEFAULT '1',
  PRIMARY KEY (`id`)
) ENGINE=MyISAM AUTO_INCREMENT=7 DEFAULT CHARSET=utf8;

-- Дамп данных таблицы gildiya.crm.crm_positions: 6 rows
/*!40000 ALTER TABLE `crm_positions` DISABLE KEYS */;
INSERT INTO `crm_positions` (`id`, `title`, `title_for_department`, `required_count`, `max_count`) VALUES
	(1, 'Генеральный директор', 'для генерального директора', 1, 1),
	(2, 'Рук. отдела продаж', 'для сотрудников отдела продаж', 1, 1),
	(3, 'Маркетолог', 'для маркетолога', 1, 1),
	(4, 'Станция технического обслуживания', 'для сотрудников станции технического обслуживания', 1, 1),
	(5, 'Отдел запасных частей', 'для сотрудников отдела запасных частей', 1, 1),
	(6, 'Продавец-консультант', 'для продавцов-консультантов', 0, 10);
/*!40000 ALTER TABLE `crm_positions` ENABLE KEYS */;


-- Дамп структуры для таблица gildiya.crm.crm_settings_blank
CREATE TABLE IF NOT EXISTS `crm_settings_blank` (
  `id` int(11) NOT NULL AUTO_INCREMENT,
  `subject` varchar(200) NOT NULL,
  `text` text NOT NULL,
  `description` text NOT NULL,
  `is_delete` tinyint(1) NOT NULL DEFAULT '0',
  `insert_time` timestamp NOT NULL DEFAULT CURRENT_TIMESTAMP,
  `update_time` timestamp NOT NULL DEFAULT '0000-00-00 00:00:00',
  `delete_time` timestamp NOT NULL DEFAULT '0000-00-00 00:00:00',
  `sort` int(11) NOT NULL DEFAULT '0',
  PRIMARY KEY (`id`)
) ENGINE=MyISAM AUTO_INCREMENT=11 DEFAULT CHARSET=utf8;

-- Дамп данных таблицы gildiya.crm.crm_settings_blank: 7 rows
/*!40000 ALTER TABLE `crm_settings_blank` DISABLE KEYS */;
INSERT INTO `crm_settings_blank` (`id`, `subject`, `text`, `description`, `is_delete`, `insert_time`, `update_time`, `delete_time`, `sort`) VALUES
	(1, 'Добро пожаловать в LADA Sport Dealer', '&lt;h1&gt;Уважаемые коллеги!&lt;/h1&gt;&lt;p&gt;Вы получили первое письмо-уведомление о запуске нового проекта &amp;laquo;CRM Lada Sport&amp;raquo;, в котором предстоит работать Вам и всем дилерам компании Lada Sport.&lt;/p&gt;&lt;p&gt;Уже около полутора лет наша компания успешно работает в области производства и продажи спортивных автомобилей для дорог общего пользования LADA Granta Sport и LADA Kalina Sport.&lt;/p&gt;&lt;p&gt;За время нашего с вами сотрудничества, мы выявили наиболее трудоемкие и сложные для решения вопросы. Проанализировав все возникающие ситуации, мы постарались создать такой инструмент коммуникаций и управления, который позволил бы вам быстро и эффективно решать все вопросы, связанные как с текущими заказами LADA Sport так и иметь возможность долгосрочного планирования, заказа автомобилей, поддержки продаж, обслуживания гарантийных случаев и тд. Все это будет доступно в системе LADA Sport CRM.&lt;/p&gt;&lt;p&gt;&lt;strong&gt;Проект Lada Sport CRM&lt;/strong&gt; - это электронная система обмена информацией между дилерскими центрами и производителем. Реализация проекта и совместная работа в системе позволят сэкономить большое количество времени на общение и оптимизирует процесс передачи данных.&lt;/p&gt;&lt;p&gt;Для нашего с ваши удобства, реализация проекта разбита на 3 этапа:&lt;/p&gt;&lt;p&gt;Сейчас (на первом этапе) уже внедрены следующие функции:&lt;/p&gt;&lt;ul&gt;&lt;li&gt;Личный кабинет дилера, с возможностью изменения и восстановления пароля.&lt;/li&gt;&lt;li&gt;Информация о сотрудниках в дилерских центрах. Это дает возможность производителю адресно отправлять информацию конкретным категориям сотрудников.&lt;/li&gt;&lt;li&gt;Карточка дилера, с указанием всех реквизитов компании. В дальнейшем это позволит составлять и получать счета (например, на оплату запчастей) в полуавтоматическом режиме.&lt;/li&gt;&lt;li&gt;Рекламные материалы &amp;ndash; вы получаете доступ ко всем рекламным макетам, базе данных с фото- и видеоматериалами и тд.&lt;/li&gt;&lt;/ul&gt;&lt;p&gt;Большая просьба, внимательно отнесись к необходимости заполнить все поля - это залог корректной работы системы в будущем.&lt;/p&gt;&lt;p&gt;На втором этапе мы планируем реализовать следующие функции:&lt;/p&gt;&lt;p&gt;&lt;strong&gt;Блок &amp;laquo;Рекламные стандарты&amp;raquo;&lt;/strong&gt; &amp;mdash; этот модуль предоставит следующие возможности для дилеров:&lt;/p&gt;&lt;ul&gt;&lt;li&gt;возможность получать информацию о рекламной продукции, которая должна быть в ДЦ (описание + фото);&lt;/li&gt;&lt;li&gt;возможность совершать on-line заказ продукции;&lt;/li&gt;&lt;li&gt;просматривать историю ранее сделанных заказов;&lt;/li&gt;&lt;li&gt;формировать счета для оплаты продукции без бухгалтера.&lt;/li&gt;&lt;/ul&gt;&lt;p&gt;На третьем этапе мы планируем реализовать следующие функции:&lt;/p&gt;&lt;p&gt;&lt;strong&gt;Блок &amp;laquo;Личный кабинет дилера&amp;raquo;&lt;/strong&gt;&lt;/p&gt;&lt;ul&gt;&lt;li&gt;Вести учет проданных машин, который будет виден как дилеру так и производителю.&lt;/li&gt;&lt;li&gt;Отправлять отчет о проданных авто в электронном виде, в едином формате.&lt;/li&gt;&lt;li&gt;Формировать отчеты о проданных авто за определенный период времени.&lt;/li&gt;&lt;li&gt;Заказывать запчасти в режиме on-line, счет на оплату будет формироваться в полуавтоматическом режиме.&lt;/li&gt;&lt;/ul&gt;&lt;p&gt;&lt;strong&gt;Блок &amp;laquo;Гарантия&amp;raquo;&lt;/strong&gt;&lt;/p&gt;&lt;ul&gt;&lt;li&gt;Формировать и отправлять заявку в режиме on-line.&lt;/li&gt;&lt;li&gt;карточка гарантированного случая&lt;/li&gt;&lt;li&gt;ежемесячная статистика по дилеру&lt;/li&gt;&lt;li&gt;статистика проданных авто по дилерам&lt;/li&gt;&lt;li&gt;статистика по клиентам&lt;/li&gt;&lt;li&gt;информация по клиенту&lt;/li&gt;&lt;/ul&gt;&lt;p&gt;Для того чтобы начать пользоваться системой CRM Lada Sport вам необходимо пройти по ссылке: &lt;a href=&quot;http://crm.lada-sport.ru&quot; target=&quot;_blank&quot;&gt;http://crm.lada-sport.ru&lt;/a&gt;.&lt;/p&gt;&lt;table&gt;&lt;tbody&gt;&lt;tr&gt;&lt;th style=&quot;text-align: left;&quot;&gt;E-mail (логин):&lt;/th&gt;&lt;td&gt;%email%&lt;/td&gt;&lt;/tr&gt;&lt;tr&gt;&lt;th style=&quot;text-align: left;&quot;&gt;Пароль:&lt;/th&gt;&lt;td&gt;%password%&lt;/td&gt;&lt;/tr&gt;&lt;/tbody&gt;&lt;/table&gt;&lt;p&gt;Обращаем Ваше внимание на то, что дилерский центр имеет единый логин и пароль. То есть ответственные сотрудники дилерского центра, имеющие отношение к продажам, маркетингу и гарантии должны быть осведомлены о внедрении системы и иметь доступ к ней.&lt;/p&gt;', 'Письмо отправляется новому сотруднику после нажатия на кнопку "Пригласить".<br />До отправики аккаунт нового сотрудника активируется, в теле письма содержатся<br /> логин и пароль (генерируется автоматически)', 0, '2012-03-25 07:50:17', '2014-10-15 08:15:37', '0000-00-00 00:00:00', 0),
	(2, 'Восстановление пароля в LADA Sport Dealer', '&lt;p&gt;Здравствуйте, %fio%!&lt;/p&gt;&lt;p&gt;Для вашего пользователя поступил запрос на восстановление пароля в системе LADA Sport Dealer.&lt;/p&gt;&lt;p&gt;Для восстановления пароля перейдите по ссылке:&lt;br /&gt;&lt;a href=&quot;%link%&quot; target=&quot;_blank&quot;&gt;%link%&lt;/a&gt;.&lt;/p&gt;', 'Временно не работает', 0, '2012-03-25 15:28:23', '2014-11-11 06:45:21', '0000-00-00 00:00:00', 1),
	(3, 'GMS: К Вам вопрос по системе', '&lt;p&gt;Здравствуйте, %fio_admin%!&lt;/p&gt;&lt;p&gt;Вам поступило сообщение в системе GMS &amp;laquo;Гильдии ПРО&amp;raquo;.&lt;/p&gt;&lt;p&gt;Имя отправителя: %fio%&lt;br /&gt;E-mail отправителя: %email%&lt;br /&gt;Тема сообщения: %theme%&lt;br /&gt;Текст сообщения: %text%&lt;/p&gt;&lt;p&gt;С наилучшими пожеланиями,&lt;br /&gt;GMS &amp;laquo;Гильдии ПРО&amp;raquo;.&lt;/p&gt;', 'Это бланк используется для писем, которые отправляются администратору системы<br />в разделе "Связаться с администратором"', 1, '2012-03-25 15:33:45', '2013-07-23 16:45:14', '0000-00-00 00:00:00', 100),
	(4, 'GMS: Новый комментарий', '&lt;p&gt;Здравствуйте, %fio%!&lt;/p&gt;&lt;p&gt;Пользователь %fio_author% на странице&lt;br /&gt;&lt;a href=&quot;%link%&quot;&gt;%link%&lt;/a&gt;&lt;br /&gt;оставил новый комментарий:&lt;/p&gt;&lt;p&gt;%comment%&lt;br /&gt;&lt;br /&gt;С наилучшими пожеланиями,&lt;br /&gt;GMS &amp;laquo;Гильдии ПРО&amp;raquo;.&lt;/p&gt;', '0000-00-00', 1, '2012-03-25 15:34:02', '2013-07-23 16:43:24', '0000-00-00 00:00:00', 100),
	(10, 'GMS: Ваша задача условно завершена', '&lt;p&gt;Здравствуйте, %fio_owner%!&lt;/p&gt;&lt;p&gt;Пользователь %fio_responsible% завершил выполнение работы по вашей задаче:&lt;/p&gt;&lt;p&gt;&lt;a href=&quot;%task_link%&quot;&gt;&lt;strong&gt;%task_name%&lt;/strong&gt;&lt;/a&gt;&lt;/p&gt;&lt;p&gt;Вам необходимо проверить выполнение задачи, и, либо &quot;Принять работу&quot;, либо &quot;Возобновить&quot; задачу для её дальнейшей доработки.&lt;br /&gt;&lt;br /&gt;С наилучшими пожеланиями,&lt;br /&gt;GMS &amp;laquo;Гильдии ПРО&amp;raquo;.&lt;/p&gt;', 'Письмо отправляется постановщику задачи после того как исполнитель "Завершает работу", а задача принимает статус "Условна завершена"', 1, '2012-03-25 07:50:17', '2013-07-23 16:44:03', '0000-00-00 00:00:00', 3),
	(9, 'GMS: У Вас новая задача', '&lt;p&gt;Здравствуйте, %fio_responsible%!&lt;/p&gt;&lt;p&gt;Пользователь %fio_owner% поставил вам новую задачу:&lt;/p&gt;&lt;p&gt;&lt;a href=&quot;%task_link%&quot;&gt;&lt;strong&gt;%task_name%&lt;/strong&gt;&lt;/a&gt;&lt;br /&gt;&lt;br /&gt;С наилучшими пожеланиями,&lt;br /&gt;GMS &amp;laquo;Гильдии ПРО&amp;raquo;.&lt;/p&gt;', 'Письмо отправляется ответственному исполнителю после<br />постановки ему новой задачи.', 1, '2012-03-25 07:50:17', '2013-07-28 10:56:51', '0000-00-00 00:00:00', 2),
	(7, 'GMS: Задача отредактирована', '&lt;p&gt;Здравствуйте, %fio_responsible%!&lt;/p&gt;&lt;p&gt;Пользователь %fio_editor% отредактировал задачу:&lt;/p&gt;&lt;p&gt;&lt;a href=&quot;%task_link%&quot;&gt;&lt;strong&gt;%task_name%&lt;/strong&gt;&lt;/a&gt;&lt;br /&gt;&lt;br /&gt;С наилучшими пожеланиями,&lt;br /&gt;GMS &amp;laquo;Гильдии ПРО&amp;raquo;.&lt;/p&gt;', 'Письмо отправляется всем пользователям в рамках задачи,<br />когда происходит её редактирование', 1, '2012-03-25 07:50:17', '2013-10-30 07:09:54', '0000-00-00 00:00:00', 2);
/*!40000 ALTER TABLE `crm_settings_blank` ENABLE KEYS */;


-- Дамп структуры для таблица gildiya.crm.crm_settings_blank_label
CREATE TABLE IF NOT EXISTS `crm_settings_blank_label` (
  `id` int(11) NOT NULL AUTO_INCREMENT,
  `blank_id` int(11) NOT NULL DEFAULT '0',
  `title` varchar(100) NOT NULL,
  `description` varchar(255) NOT NULL,
  `sort` tinyint(1) NOT NULL DEFAULT '0',
  `is_delete` tinyint(1) NOT NULL DEFAULT '0',
  `insert_time` timestamp NOT NULL DEFAULT CURRENT_TIMESTAMP,
  `update_time` timestamp NOT NULL DEFAULT '0000-00-00 00:00:00',
  `delete_time` timestamp NOT NULL DEFAULT '0000-00-00 00:00:00',
  PRIMARY KEY (`id`)
) ENGINE=MyISAM AUTO_INCREMENT=42 DEFAULT CHARSET=utf8;

-- Дамп данных таблицы gildiya.crm.crm_settings_blank_label: 38 rows
/*!40000 ALTER TABLE `crm_settings_blank_label` DISABLE KEYS */;
INSERT INTO `crm_settings_blank_label` (`id`, `blank_id`, `title`, `description`, `sort`, `is_delete`, `insert_time`, `update_time`, `delete_time`) VALUES
	(1, 1, 'fio', 'Имя пользователя', 0, 0, '2012-03-25 15:02:41', '0000-00-00 00:00:00', '0000-00-00 00:00:00'),
	(2, 1, 'email', 'E-mail пользователя', 1, 0, '2012-03-25 15:02:41', '0000-00-00 00:00:00', '0000-00-00 00:00:00'),
	(3, 1, 'password', 'Пароль пользователя', 2, 0, '2012-03-25 15:27:00', '0000-00-00 00:00:00', '0000-00-00 00:00:00'),
	(4, 2, 'fio', 'Имя пользователя', 0, 0, '2012-03-25 15:02:41', '0000-00-00 00:00:00', '0000-00-00 00:00:00'),
	(5, 2, 'link', 'Ссылка на форму восстановления', 1, 0, '2012-03-25 15:02:41', '0000-00-00 00:00:00', '0000-00-00 00:00:00'),
	(7, 3, 'fio_admin', 'Имя администратора', 0, 0, '2012-03-25 16:45:00', '0000-00-00 00:00:00', '0000-00-00 00:00:00'),
	(8, 3, 'fio', 'Имя отправителя', 1, 0, '2012-03-25 16:55:40', '0000-00-00 00:00:00', '0000-00-00 00:00:00'),
	(9, 3, 'email', 'E-mail отправителя', 2, 0, '2012-03-25 16:56:26', '0000-00-00 00:00:00', '0000-00-00 00:00:00'),
	(10, 3, 'theme', 'Тема сообщения', 3, 0, '2012-03-25 16:57:51', '0000-00-00 00:00:00', '0000-00-00 00:00:00'),
	(11, 3, 'text', 'Текст сообщения', 4, 0, '2012-03-25 16:58:20', '0000-00-00 00:00:00', '0000-00-00 00:00:00'),
	(12, 4, 'fio', 'Имя получателя письма', 0, 0, '2012-03-25 20:51:42', '0000-00-00 00:00:00', '0000-00-00 00:00:00'),
	(13, 4, 'link', 'Ссылка на форму сообщения', 2, 0, '2012-03-25 20:52:31', '0000-00-00 00:00:00', '0000-00-00 00:00:00'),
	(14, 6, 'fio_admin', 'Имя оперетора-источника', 0, 0, '2012-03-25 22:11:28', '0000-00-00 00:00:00', '0000-00-00 00:00:00'),
	(15, 6, 'link', 'Ссылка на форму сообщения', 1, 0, '2012-03-25 22:11:54', '0000-00-00 00:00:00', '0000-00-00 00:00:00'),
	(39, 7, 'fio_editor', 'Имя редактора задачи', 1, 0, '2012-03-25 15:02:41', '0000-00-00 00:00:00', '0000-00-00 00:00:00'),
	(38, 7, 'fio_responsible', 'Имя уведомляемого', 0, 0, '2012-03-25 15:02:41', '0000-00-00 00:00:00', '0000-00-00 00:00:00'),
	(18, 5, 'fio', 'Имя директора', 0, 0, '2012-03-25 20:51:42', '0000-00-00 00:00:00', '0000-00-00 00:00:00'),
	(19, 5, 'link', 'Ссылка на форму сообщения', 1, 0, '2012-03-25 20:52:31', '0000-00-00 00:00:00', '0000-00-00 00:00:00'),
	(20, 8, 'fio', 'Имя гостя', 0, 0, '2012-11-16 05:27:41', '0000-00-00 00:00:00', '0000-00-00 00:00:00'),
	(21, 8, 'phone', 'Телефон гостя', 1, 0, '2012-11-16 05:28:28', '0000-00-00 00:00:00', '0000-00-00 00:00:00'),
	(22, 8, 'text', 'Комментарий гостя', 3, 0, '2012-11-16 05:28:53', '0000-00-00 00:00:00', '0000-00-00 00:00:00'),
	(23, 8, 'email', 'E-mail гостя', 2, 0, '2012-11-16 05:37:16', '0000-00-00 00:00:00', '0000-00-00 00:00:00'),
	(24, 8, 'brand', 'Бренд', 0, 0, '2012-11-29 12:07:24', '0000-00-00 00:00:00', '0000-00-00 00:00:00'),
	(25, 8, 'country', 'Страна', 1, 0, '2012-11-29 12:08:01', '0000-00-00 00:00:00', '0000-00-00 00:00:00'),
	(26, 8, 'city', 'Город', 2, 0, '2012-11-29 12:08:20', '0000-00-00 00:00:00', '0000-00-00 00:00:00'),
	(27, 8, 'address', 'Адрес', 3, 0, '2012-11-29 12:08:47', '0000-00-00 00:00:00', '0000-00-00 00:00:00'),
	(28, 9, 'fio_responsible', 'Имя ответственного', 0, 0, '2012-03-25 15:02:41', '0000-00-00 00:00:00', '0000-00-00 00:00:00'),
	(29, 9, 'fio_owner', 'Имя постановщика задачи', 1, 0, '2012-03-25 15:02:41', '0000-00-00 00:00:00', '0000-00-00 00:00:00'),
	(30, 9, 'task_name', 'Название задачи', 2, 0, '2012-03-25 15:02:41', '0000-00-00 00:00:00', '0000-00-00 00:00:00'),
	(31, 9, 'task_link', 'Ссылка на страницу задачи', 4, 0, '2012-03-25 15:02:41', '0000-00-00 00:00:00', '0000-00-00 00:00:00'),
	(32, 4, 'fio_author', 'Имя автора', 1, 0, '2012-03-25 20:51:42', '0000-00-00 00:00:00', '0000-00-00 00:00:00'),
	(33, 4, 'comment', 'Текст комментария', 3, 0, '2012-03-25 20:51:42', '0000-00-00 00:00:00', '0000-00-00 00:00:00'),
	(34, 10, 'fio_owner', 'Имя постановщика задачи', 0, 0, '2012-03-25 15:02:41', '0000-00-00 00:00:00', '0000-00-00 00:00:00'),
	(35, 10, 'fio_responsible', 'Имя ответственного', 1, 0, '2012-03-25 15:02:41', '0000-00-00 00:00:00', '0000-00-00 00:00:00'),
	(36, 10, 'task_name', 'Название задачи', 2, 0, '2012-03-25 15:02:41', '0000-00-00 00:00:00', '0000-00-00 00:00:00'),
	(37, 10, 'task_link', 'Ссылка на страницу задачи', 3, 0, '2012-03-25 15:02:41', '0000-00-00 00:00:00', '0000-00-00 00:00:00'),
	(40, 7, 'task_name', 'Название задачи', 2, 0, '2012-03-25 15:02:41', '0000-00-00 00:00:00', '0000-00-00 00:00:00'),
	(41, 7, 'task_link', 'Ссылка на страницу задачи', 4, 0, '2012-03-25 15:02:41', '0000-00-00 00:00:00', '0000-00-00 00:00:00');
/*!40000 ALTER TABLE `crm_settings_blank_label` ENABLE KEYS */;


-- Дамп структуры для таблица gildiya.crm.crm_testings
CREATE TABLE IF NOT EXISTS `crm_testings` (
  `id` int(11) NOT NULL AUTO_INCREMENT,
  `title` varchar(255) NOT NULL,
  `insert_time` timestamp NOT NULL DEFAULT CURRENT_TIMESTAMP,
  `update_time` timestamp NOT NULL DEFAULT '0000-00-00 00:00:00',
  `delete_time` timestamp NOT NULL DEFAULT '0000-00-00 00:00:00',
  `is_delete` tinyint(1) unsigned NOT NULL DEFAULT '0',
  PRIMARY KEY (`id`)
) ENGINE=MyISAM AUTO_INCREMENT=2 DEFAULT CHARSET=utf8;

-- Дамп данных таблицы gildiya.crm.crm_testings: 1 rows
/*!40000 ALTER TABLE `crm_testings` DISABLE KEYS */;
INSERT INTO `crm_testings` (`id`, `title`, `insert_time`, `update_time`, `delete_time`, `is_delete`) VALUES
	(1, 'Первый тест', '2015-08-26 13:29:59', '0000-00-00 00:00:00', '0000-00-00 00:00:00', 0);
/*!40000 ALTER TABLE `crm_testings` ENABLE KEYS */;


-- Дамп структуры для таблица gildiya.crm.crm_testings_answers
CREATE TABLE IF NOT EXISTS `crm_testings_answers` (
  `id` int(11) NOT NULL AUTO_INCREMENT,
  `pid` int(11) NOT NULL DEFAULT '0',
  `title` varchar(255) NOT NULL,
  `is_right` tinyint(1) unsigned NOT NULL DEFAULT '0',
  `sort` int(11) NOT NULL DEFAULT '0',
  PRIMARY KEY (`id`)
) ENGINE=MyISAM AUTO_INCREMENT=8 DEFAULT CHARSET=utf8;

-- Дамп данных таблицы gildiya.crm.crm_testings_answers: 7 rows
/*!40000 ALTER TABLE `crm_testings_answers` DISABLE KEYS */;
INSERT INTO `crm_testings_answers` (`id`, `pid`, `title`, `is_right`, `sort`) VALUES
	(1, 1, 'Ответ 1', 0, 0),
	(2, 1, 'Ответ 2', 1, 0),
	(3, 1, 'Ответ 3', 0, 0),
	(4, 2, 'Первый ответ на 2-ой вопрос', 1, 0),
	(5, 2, 'Второй ответ на 2-ой вопрос', 0, 0),
	(6, 3, '001', 0, 0),
	(7, 3, '002', 1, 0);
/*!40000 ALTER TABLE `crm_testings_answers` ENABLE KEYS */;


-- Дамп структуры для таблица gildiya.crm.crm_testings_answers_map
CREATE TABLE IF NOT EXISTS `crm_testings_answers_map` (
  `user_id` int(11) NOT NULL DEFAULT '0',
  `question_id` int(11) NOT NULL DEFAULT '0',
  `answer_id` int(11) NOT NULL DEFAULT '0',
  PRIMARY KEY (`user_id`,`question_id`,`answer_id`)
) ENGINE=MyISAM DEFAULT CHARSET=utf8;

-- Дамп данных таблицы gildiya.crm.crm_testings_answers_map: 23 rows
/*!40000 ALTER TABLE `crm_testings_answers_map` DISABLE KEYS */;
INSERT INTO `crm_testings_answers_map` (`user_id`, `question_id`, `answer_id`) VALUES
	(1, 1, 2),
	(1, 2, 4),
	(1, 2, 5),
	(1, 3, 7),
	(2, 1, 2),
	(2, 2, 5),
	(2, 3, 7),
	(3, 1, 3),
	(4, 1, 2),
	(5, 1, 1),
	(6, 1, 1),
	(6, 1, 2),
	(7, 1, 2),
	(7, 1, 3),
	(7, 2, 5),
	(7, 3, 7),
	(9, 1, 1),
	(9, 2, 5),
	(9, 3, 7),
	(10, 1, 3),
	(10, 2, 4),
	(10, 3, 6),
	(10, 3, 7);
/*!40000 ALTER TABLE `crm_testings_answers_map` ENABLE KEYS */;


-- Дамп структуры для таблица gildiya.crm.crm_testings_questions
CREATE TABLE IF NOT EXISTS `crm_testings_questions` (
  `id` int(11) NOT NULL AUTO_INCREMENT,
  `pid` int(11) NOT NULL DEFAULT '0',
  `title` text NOT NULL,
  `sort` int(11) NOT NULL DEFAULT '0',
  `is_delete` tinyint(1) unsigned NOT NULL DEFAULT '0',
  PRIMARY KEY (`id`)
) ENGINE=MyISAM AUTO_INCREMENT=4 DEFAULT CHARSET=utf8;

-- Дамп данных таблицы gildiya.crm.crm_testings_questions: 3 rows
/*!40000 ALTER TABLE `crm_testings_questions` DISABLE KEYS */;
INSERT INTO `crm_testings_questions` (`id`, `pid`, `title`, `sort`, `is_delete`) VALUES
	(1, 1, 'Первый вопрос', 0, 0),
	(2, 1, 'Второй вопрос', 0, 0),
	(3, 1, 'Третий вопрос', 0, 0);
/*!40000 ALTER TABLE `crm_testings_questions` ENABLE KEYS */;


-- Дамп структуры для таблица gildiya.crm.crm_testings_users
CREATE TABLE IF NOT EXISTS `crm_testings_users` (
  `id` int(11) NOT NULL AUTO_INCREMENT,
  `pid` int(11) NOT NULL DEFAULT '1',
  `dealer_id` int(11) NOT NULL DEFAULT '0',
  `person_id` int(11) NOT NULL DEFAULT '0',
  `state_id` int(11) NOT NULL DEFAULT '1',
  `errors_count` int(11) NOT NULL DEFAULT '0',
  `insert_time` timestamp NOT NULL DEFAULT CURRENT_TIMESTAMP,
  `ready_time` timestamp NOT NULL DEFAULT '0000-00-00 00:00:00',
  PRIMARY KEY (`id`)
) ENGINE=MyISAM AUTO_INCREMENT=11 DEFAULT CHARSET=utf8;

-- Дамп данных таблицы gildiya.crm.crm_testings_users: 4 rows
/*!40000 ALTER TABLE `crm_testings_users` DISABLE KEYS */;
INSERT INTO `crm_testings_users` (`id`, `pid`, `dealer_id`, `person_id`, `state_id`, `errors_count`, `insert_time`, `ready_time`) VALUES
	(10, 1, 110, 150, 2, 2, '2015-08-28 12:05:05', '2015-08-28 12:05:13'),
	(9, 1, 110, 150, 2, 2, '2015-08-28 12:03:59', '2015-08-28 12:04:09'),
	(8, 1, 110, 150, 1, 0, '2015-08-28 12:01:38', '0000-00-00 00:00:00'),
	(7, 1, 110, 150, 2, 2, '2015-08-28 11:06:48', '2015-08-28 11:06:55');
/*!40000 ALTER TABLE `crm_testings_users` ENABLE KEYS */;


-- Дамп структуры для таблица gildiya.crm.crm_testings_users_states
CREATE TABLE IF NOT EXISTS `crm_testings_users_states` (
  `id` int(11) NOT NULL AUTO_INCREMENT,
  `title` varchar(255) NOT NULL,
  PRIMARY KEY (`id`)
) ENGINE=MyISAM AUTO_INCREMENT=3 DEFAULT CHARSET=utf8;

-- Дамп данных таблицы gildiya.crm.crm_testings_users_states: 2 rows
/*!40000 ALTER TABLE `crm_testings_users_states` DISABLE KEYS */;
INSERT INTO `crm_testings_users_states` (`id`, `title`) VALUES
	(1, 'В процессе'),
	(2, 'Завершен');
/*!40000 ALTER TABLE `crm_testings_users_states` ENABLE KEYS */;


-- Дамп структуры для таблица gildiya.crm.crm_users
CREATE TABLE IF NOT EXISTS `crm_users` (
  `id` int(11) NOT NULL AUTO_INCREMENT,
  `name` varchar(50) NOT NULL DEFAULT '0',
  `status` int(11) NOT NULL DEFAULT '0',
  `date` datetime NOT NULL DEFAULT CURRENT_TIMESTAMP,
  PRIMARY KEY (`id`)
) ENGINE=InnoDB AUTO_INCREMENT=8 DEFAULT CHARSET=utf8;

-- Дамп данных таблицы gildiya.crm.crm_users: ~6 rows (приблизительно)
/*!40000 ALTER TABLE `crm_users` DISABLE KEYS */;
INSERT INTO `crm_users` (`id`, `name`, `status`, `date`) VALUES
	(1, 'Сидоров Роман Валентинович', 1, '2016-11-01 11:12:39'),
	(3, 'Петров Петр Петрович', 1, '2016-11-01 11:15:09'),
	(4, 'Иванова Ольга Дмитриевна', 0, '2016-11-01 11:15:40'),
	(5, 'Петрова Лариса Николаевна', 0, '2016-11-01 11:16:14'),
	(6, 'Алексеев Алексей Алексеевич', 1, '2016-11-01 17:09:27'),
	(7, 'Сергеев Сергей Сергеевич', 0, '2016-11-01 20:25:43');
/*!40000 ALTER TABLE `crm_users` ENABLE KEYS */;
/*!40101 SET SQL_MODE=IFNULL(@OLD_SQL_MODE, '') */;
/*!40014 SET FOREIGN_KEY_CHECKS=IF(@OLD_FOREIGN_KEY_CHECKS IS NULL, 1, @OLD_FOREIGN_KEY_CHECKS) */;
/*!40101 SET CHARACTER_SET_CLIENT=@OLD_CHARACTER_SET_CLIENT */;
